{"searchengine":"google|US||en|universal|0|0|0","adwords":[],"adwords_east":[],"searchengine_awr":"google|US||en|universal|0|0|0","competition":"8","machine_id":"i-063acbdb550c147eb","rankdata_all":[{"snippets":{"missing-keywords":"sehoeneman,"},"elementAttributes":"{\"class\":\"g Ww4FFb vt6azd tF2Cxc\",\"data-hveid\":\"CBIQAA\",\"data-ved\":\"2ahUKEwii8JW8x6r6AhUrR2wGHed_DL4QFSgAegQIEhAA\",\"jsaction\":\"QyLbLe:OMITjf\",\"jscontroller\":\"SC7lYd\",\"lang\":\"en\",\"style\":\"width:600px\"}","description":"Problem solving management professional with over 20 years experience in customer service, production scheduling, inventory management and continuous ...","page":1,"position":1,"title":"Bill Schoeneman - Customer Service Manager - Metal Powder ...","type":"0","typedescription":"organic","url":"https://www.linkedin.com/in/bill-schoeneman-6b841115","universal_position":1,"md5":"06667495909ca9c0d776001325a7734b"},{"snippets":{"missing-keywords":"bill,sehoeneman"},"elementAttributes":"{\"class\":\"g Ww4FFb vt6azd tF2Cxc\",\"data-hveid\":\"CBQQAA\",\"data-ved\":\"2ahUKEwii8JW8x6r6AhUrR2wGHed_DL4QFSgAegQIFBAA\",\"jsaction\":\"QyLbLe:OMITjf\",\"jscontroller\":\"SC7lYd\",\"lang\":\"en\",\"style\":\"width:600px\"}","description":"Metal Powder Products is an international provider of custom-engineered powder metallurgy product solutions to customers in a variety of industries.","page":1,"position":2,"title":"Metal Powder Products","type":"0","typedescription":"organic","url":"https://mppinnovation.com/","universal_position":2,"md5":"4e09ff33155a4a9758c5934d1c366a55"},{"snippets":{"missing-keywords":"bill,sehoeneman"},"elementAttributes":"{\"class\":\"g Ww4FFb vt6azd tF2Cxc\",\"data-hveid\":\"CBMQAA\",\"data-ved\":\"2ahUKEwii8JW8x6r6AhUrR2wGHed_DL4QFSgAegQIExAA\",\"jsaction\":\"QyLbLe:OMITjf\",\"jscontroller\":\"SC7lYd\",\"lang\":\"en\",\"style\":\"width:600px\"}","description":"MPP is a worldwide provider of metal component manufacturing and supplies. ... 14670 Cumberland Rd. Noblesville, IN 46060 317.805.3764 \u2022 800.783.2420 solutions@ ...","page":1,"position":3,"title":"Contact MPP - Metal Powder Products","type":"0","typedescription":"organic","url":"https://mppinnovation.com/contact/","universal_position":3,"md5":"ce450481244c790791304d430cc9395f"},{"snippets":{"missing-keywords":"sehoeneman,"},"elementAttributes":"{\"class\":\"g Ww4FFb vt6azd tF2Cxc\",\"data-hveid\":\"CCMQAA\",\"data-ved\":\"2ahUKEwii8JW8x6r6AhUrR2wGHed_DL4QFSgAegQIIxAA\",\"jsaction\":\"QyLbLe:OMITjf\",\"jscontroller\":\"SC7lYd\",\"lang\":\"en\",\"style\":\"width:600px\"}","description":"He will report to Ben James, President and COO at MPP. Azzato previously held the position of General Manager at the St. Mary's facility.","page":1,"position":4,"title":"Newsletters - Metal Powder Products","type":"0","typedescription":"organic","url":"https://mppinnovation.com/category/newsletters/?page=2","universal_position":4,"md5":"62b00d29783146f5b77fe0827a7d8ede"},{"snippets":{"missing-keywords":"bill,sehoeneman"},"elementAttributes":"{\"class\":\"g Ww4FFb vt6azd tF2Cxc\",\"data-hveid\":\"CBUQAA\",\"data-ved\":\"2ahUKEwii8JW8x6r6AhUrR2wGHed_DL4QFSgAegQIFRAA\",\"jsaction\":\"QyLbLe:OMITjf\",\"jscontroller\":\"SC7lYd\",\"lang\":\"en\",\"style\":\"width:600px\"}","description":"Conversioneering® is MPP's proprietary manufacturing solutions engineering process that · Defines, analyzes, and improves your precision components · Reduces time ...","page":1,"position":5,"title":"Conversioneering | Metal Powder Products (MPP)","type":"0","typedescription":"organic","url":"https://mppinnovation.com/conversioneering/","universal_position":5,"md5":"00732d741935e24f98e8cf2bffdf7bb0"},{"snippets":{"missing-keywords":"bill,sehoeneman"},"elementAttributes":"{\"class\":\"g Ww4FFb vt6azd tF2Cxc\",\"data-hveid\":\"CCEQAA\",\"data-ved\":\"2ahUKEwii8JW8x6r6AhUrR2wGHed_DL4QFSgAegQIIRAA\",\"jsaction\":\"QyLbLe:OMITjf\",\"jscontroller\":\"SC7lYd\",\"lang\":\"en\",\"style\":\"width:600px\"}","description":"MPP is an innovator in powder metallurgy material technology, including the development, selection, and blending of standard and custom powder metal ...","page":1,"position":6,"title":"Tech Insider | Metal Powder Products (MPP)","type":"0","typedescription":"organic","url":"https://mppinnovation.com/tech-insider/","universal_position":6,"md5":"0bad35c0779a17089382b93e0beb9e85"},{"snippets":{"missing-keywords":"bill,sehoeneman"},"elementAttributes":"{\"class\":\"g Ww4FFb vt6azd tF2Cxc\",\"data-hveid\":\"CBYQAA\",\"data-ved\":\"2ahUKEwii8JW8x6r6AhUrR2wGHed_DL4QFSgAegQIFhAA\",\"jsaction\":\"QyLbLe:OMITjf\",\"jscontroller\":\"SC7lYd\",\"lang\":\"en\",\"style\":\"width:600px\"}","description":"While there are numerous production technologies design engineers can rely on today like machining or powder metallurgy, metal injection molding is a ...","page":1,"position":7,"title":"What are Soft Magnetic Composites? - Metal Powder Products","type":"0","typedescription":"organic","url":"https://mppinnovation.com/tag/metal-powder-products/","universal_position":7,"md5":"85cc8303f4c548d54d96d530345b04c8"},{"snippets":{"missing-keywords":"sehoeneman,"},"elementAttributes":"{\"class\":\"g Ww4FFb vt6azd tF2Cxc\",\"data-hveid\":\"CCIQAA\",\"data-ved\":\"2ahUKEwii8JW8x6r6AhUrR2wGHed_DL4QFSgAegQIIhAA\",\"jsaction\":\"QyLbLe:OMITjf\",\"jscontroller\":\"SC7lYd\",\"lang\":\"en\",\"style\":\"width:600px\"}","description":"Metal Powder Products, a leading manufacturer of aluminum and ferrous ... with Ben and his team to advance Metal Powder Products' business.","page":1,"position":8,"title":"Metal Powder Products to Advance Growth Initiatives Under ...","type":"0","typedescription":"organic","url":"https://millpoint.com/metal-powder-products-to-advance-growth-initiatives-under-new-ownership/","universal_position":8,"md5":"c4e79ef49e27a7326f4da70665218b64"}],"server_id":61715,"adwords_bottom":[],"depth":5,"parser_v2":{"searchengine":"google|US||en|universal|0|0|0","adwords":[],"adwords_east":[],"searchengine_awr":"google|US||en|universal|0|0|0","competition":"8","machine_id":"i-063acbdb550c147eb","rankdata_all":[{"snippets":{"missing-keywords":"sehoeneman,"},"elementAttributes":"{\"class\":\"g Ww4FFb vt6azd tF2Cxc\",\"data-hveid\":\"CBIQAA\",\"data-ved\":\"2ahUKEwii8JW8x6r6AhUrR2wGHed_DL4QFSgAegQIEhAA\",\"jsaction\":\"QyLbLe:OMITjf\",\"jscontroller\":\"SC7lYd\",\"lang\":\"en\",\"style\":\"width:600px\"}","description":"Problem solving management professional with over 20 years experience in customer service, production scheduling, inventory management and continuous ...","page":1,"position":1,"title":"Bill Schoeneman - Customer Service Manager - Metal Powder ...","type":"0","typedescription":"organic","url":"https://www.linkedin.com/in/bill-schoeneman-6b841115","universal_position":1,"md5":"06667495909ca9c0d776001325a7734b"},{"snippets":{"missing-keywords":"bill,sehoeneman"},"elementAttributes":"{\"class\":\"g Ww4FFb vt6azd tF2Cxc\",\"data-hveid\":\"CBQQAA\",\"data-ved\":\"2ahUKEwii8JW8x6r6AhUrR2wGHed_DL4QFSgAegQIFBAA\",\"jsaction\":\"QyLbLe:OMITjf\",\"jscontroller\":\"SC7lYd\",\"lang\":\"en\",\"style\":\"width:600px\"}","description":"Metal Powder Products is an international provider of custom-engineered powder metallurgy product solutions to customers in a variety of industries.","page":1,"position":2,"title":"Metal Powder Products","type":"0","typedescription":"organic","url":"https://mppinnovation.com/","universal_position":2,"md5":"4e09ff33155a4a9758c5934d1c366a55"},{"snippets":{"missing-keywords":"bill,sehoeneman"},"elementAttributes":"{\"class\":\"g Ww4FFb vt6azd tF2Cxc\",\"data-hveid\":\"CBMQAA\",\"data-ved\":\"2ahUKEwii8JW8x6r6AhUrR2wGHed_DL4QFSgAegQIExAA\",\"jsaction\":\"QyLbLe:OMITjf\",\"jscontroller\":\"SC7lYd\",\"lang\":\"en\",\"style\":\"width:600px\"}","description":"MPP is a worldwide provider of metal component manufacturing and supplies. ... 14670 Cumberland Rd. Noblesville, IN 46060 317.805.3764 \u2022 800.783.2420 solutions@ ...","page":1,"position":3,"title":"Contact MPP - Metal Powder Products","type":"0","typedescription":"organic","url":"https://mppinnovation.com/contact/","universal_position":3,"md5":"ce450481244c790791304d430cc9395f"},{"snippets":{"missing-keywords":"sehoeneman,"},"elementAttributes":"{\"class\":\"g Ww4FFb vt6azd tF2Cxc\",\"data-hveid\":\"CCMQAA\",\"data-ved\":\"2ahUKEwii8JW8x6r6AhUrR2wGHed_DL4QFSgAegQIIxAA\",\"jsaction\":\"QyLbLe:OMITjf\",\"jscontroller\":\"SC7lYd\",\"lang\":\"en\",\"style\":\"width:600px\"}","description":"He will report to Ben James, President and COO at MPP. Azzato previously held the position of General Manager at the St. Mary's facility.","page":1,"position":4,"title":"Newsletters - Metal Powder Products","type":"0","typedescription":"organic","url":"https://mppinnovation.com/category/newsletters/?page=2","universal_position":4,"md5":"62b00d29783146f5b77fe0827a7d8ede"},{"snippets":{"missing-keywords":"bill,sehoeneman"},"elementAttributes":"{\"class\":\"g Ww4FFb vt6azd tF2Cxc\",\"data-hveid\":\"CBUQAA\",\"data-ved\":\"2ahUKEwii8JW8x6r6AhUrR2wGHed_DL4QFSgAegQIFRAA\",\"jsaction\":\"QyLbLe:OMITjf\",\"jscontroller\":\"SC7lYd\",\"lang\":\"en\",\"style\":\"width:600px\"}","description":"Conversioneering® is MPP's proprietary manufacturing solutions engineering process that · Defines, analyzes, and improves your precision components · Reduces time ...","page":1,"position":5,"title":"Conversioneering | Metal Powder Products (MPP)","type":"0","typedescription":"organic","url":"https://mppinnovation.com/conversioneering/","universal_position":5,"md5":"00732d741935e24f98e8cf2bffdf7bb0"},{"snippets":{"missing-keywords":"bill,sehoeneman"},"elementAttributes":"{\"class\":\"g Ww4FFb vt6azd tF2Cxc\",\"data-hveid\":\"CCEQAA\",\"data-ved\":\"2ahUKEwii8JW8x6r6AhUrR2wGHed_DL4QFSgAegQIIRAA\",\"jsaction\":\"QyLbLe:OMITjf\",\"jscontroller\":\"SC7lYd\",\"lang\":\"en\",\"style\":\"width:600px\"}","description":"MPP is an innovator in powder metallurgy material technology, including the development, selection, and blending of standard and custom powder metal ...","page":1,"position":6,"title":"Tech Insider | Metal Powder Products (MPP)","type":"0","typedescription":"organic","url":"https://mppinnovation.com/tech-insider/","universal_position":6,"md5":"0bad35c0779a17089382b93e0beb9e85"},{"snippets":{"missing-keywords":"bill,sehoeneman"},"elementAttributes":"{\"class\":\"g Ww4FFb vt6azd tF2Cxc\",\"data-hveid\":\"CBYQAA\",\"data-ved\":\"2ahUKEwii8JW8x6r6AhUrR2wGHed_DL4QFSgAegQIFhAA\",\"jsaction\":\"QyLbLe:OMITjf\",\"jscontroller\":\"SC7lYd\",\"lang\":\"en\",\"style\":\"width:600px\"}","description":"While there are numerous production technologies design engineers can rely on today like machining or powder metallurgy, metal injection molding is a ...","page":1,"position":7,"title":"What are Soft Magnetic Composites? - Metal Powder Products","type":"0","typedescription":"organic","url":"https://mppinnovation.com/tag/metal-powder-products/","universal_position":7,"md5":"85cc8303f4c548d54d96d530345b04c8"},{"snippets":{"missing-keywords":"sehoeneman,"},"elementAttributes":"{\"class\":\"g Ww4FFb vt6azd tF2Cxc\",\"data-hveid\":\"CCIQAA\",\"data-ved\":\"2ahUKEwii8JW8x6r6AhUrR2wGHed_DL4QFSgAegQIIhAA\",\"jsaction\":\"QyLbLe:OMITjf\",\"jscontroller\":\"SC7lYd\",\"lang\":\"en\",\"style\":\"width:600px\"}","description":"Metal Powder Products, a leading manufacturer of aluminum and ferrous ... with Ben and his team to advance Metal Powder Products' business.","page":1,"position":8,"title":"Metal Powder Products to Advance Growth Initiatives Under ...","type":"0","typedescription":"organic","url":"https://millpoint.com/metal-powder-products-to-advance-growth-initiatives-under-new-ownership/","universal_position":8,"md5":"c4e79ef49e27a7326f4da70665218b64"}],"server_id":61715,"adwords_bottom":[],"depth":5,"adwords_shop":[],"location":"US","rankdata":[{"snippets":{"missing-keywords":"sehoeneman,"},"elementAttributes":"{\"class\":\"g Ww4FFb vt6azd tF2Cxc\",\"data-hveid\":\"CBIQAA\",\"data-ved\":\"2ahUKEwii8JW8x6r6AhUrR2wGHed_DL4QFSgAegQIEhAA\",\"jsaction\":\"QyLbLe:OMITjf\",\"jscontroller\":\"SC7lYd\",\"lang\":\"en\",\"style\":\"width:600px\"}","description":"Problem solving management professional with over 20 years experience in customer service, production scheduling, inventory management and continuous ...","page":1,"position":1,"title":"Bill Schoeneman - Customer Service Manager - Metal Powder ...","type":"0","typedescription":"organic","url":"https://www.linkedin.com/in/bill-schoeneman-6b841115","universal_position":1,"md5":"06667495909ca9c0d776001325a7734b"},{"snippets":{"missing-keywords":"bill,sehoeneman"},"elementAttributes":"{\"class\":\"g Ww4FFb vt6azd tF2Cxc\",\"data-hveid\":\"CBQQAA\",\"data-ved\":\"2ahUKEwii8JW8x6r6AhUrR2wGHed_DL4QFSgAegQIFBAA\",\"jsaction\":\"QyLbLe:OMITjf\",\"jscontroller\":\"SC7lYd\",\"lang\":\"en\",\"style\":\"width:600px\"}","description":"Metal Powder Products is an international provider of custom-engineered powder metallurgy product solutions to customers in a variety of industries.","page":1,"position":2,"title":"Metal Powder Products","type":"0","typedescription":"organic","url":"https://mppinnovation.com/","universal_position":2,"md5":"4e09ff33155a4a9758c5934d1c366a55"},{"snippets":{"missing-keywords":"bill,sehoeneman"},"elementAttributes":"{\"class\":\"g Ww4FFb vt6azd tF2Cxc\",\"data-hveid\":\"CBMQAA\",\"data-ved\":\"2ahUKEwii8JW8x6r6AhUrR2wGHed_DL4QFSgAegQIExAA\",\"jsaction\":\"QyLbLe:OMITjf\",\"jscontroller\":\"SC7lYd\",\"lang\":\"en\",\"style\":\"width:600px\"}","description":"MPP is a worldwide provider of metal component manufacturing and supplies. ... 14670 Cumberland Rd. Noblesville, IN 46060 317.805.3764 \u2022 800.783.2420 solutions@ ...","page":1,"position":3,"title":"Contact MPP - Metal Powder Products","type":"0","typedescription":"organic","url":"https://mppinnovation.com/contact/","universal_position":3,"md5":"ce450481244c790791304d430cc9395f"},{"snippets":{"missing-keywords":"sehoeneman,"},"elementAttributes":"{\"class\":\"g Ww4FFb vt6azd tF2Cxc\",\"data-hveid\":\"CCMQAA\",\"data-ved\":\"2ahUKEwii8JW8x6r6AhUrR2wGHed_DL4QFSgAegQIIxAA\",\"jsaction\":\"QyLbLe:OMITjf\",\"jscontroller\":\"SC7lYd\",\"lang\":\"en\",\"style\":\"width:600px\"}","description":"He will report to Ben James, President and COO at MPP. Azzato previously held the position of General Manager at the St. Mary's facility.","page":1,"position":4,"title":"Newsletters - Metal Powder Products","type":"0","typedescription":"organic","url":"https://mppinnovation.com/category/newsletters/?page=2","universal_position":4,"md5":"62b00d29783146f5b77fe0827a7d8ede"},{"snippets":{"missing-keywords":"bill,sehoeneman"},"elementAttributes":"{\"class\":\"g Ww4FFb vt6azd tF2Cxc\",\"data-hveid\":\"CBUQAA\",\"data-ved\":\"2ahUKEwii8JW8x6r6AhUrR2wGHed_DL4QFSgAegQIFRAA\",\"jsaction\":\"QyLbLe:OMITjf\",\"jscontroller\":\"SC7lYd\",\"lang\":\"en\",\"style\":\"width:600px\"}","description":"Conversioneering® is MPP's proprietary manufacturing solutions engineering process that · Defines, analyzes, and improves your precision components · Reduces time ...","page":1,"position":5,"title":"Conversioneering | Metal Powder Products (MPP)","type":"0","typedescription":"organic","url":"https://mppinnovation.com/conversioneering/","universal_position":5,"md5":"00732d741935e24f98e8cf2bffdf7bb0"},{"snippets":{"missing-keywords":"bill,sehoeneman"},"elementAttributes":"{\"class\":\"g Ww4FFb vt6azd tF2Cxc\",\"data-hveid\":\"CCEQAA\",\"data-ved\":\"2ahUKEwii8JW8x6r6AhUrR2wGHed_DL4QFSgAegQIIRAA\",\"jsaction\":\"QyLbLe:OMITjf\",\"jscontroller\":\"SC7lYd\",\"lang\":\"en\",\"style\":\"width:600px\"}","description":"MPP is an innovator in powder metallurgy material technology, including the development, selection, and blending of standard and custom powder metal ...","page":1,"position":6,"title":"Tech Insider | Metal Powder Products (MPP)","type":"0","typedescription":"organic","url":"https://mppinnovation.com/tech-insider/","universal_position":6,"md5":"0bad35c0779a17089382b93e0beb9e85"},{"snippets":{"missing-keywords":"bill,sehoeneman"},"elementAttributes":"{\"class\":\"g Ww4FFb vt6azd tF2Cxc\",\"data-hveid\":\"CBYQAA\",\"data-ved\":\"2ahUKEwii8JW8x6r6AhUrR2wGHed_DL4QFSgAegQIFhAA\",\"jsaction\":\"QyLbLe:OMITjf\",\"jscontroller\":\"SC7lYd\",\"lang\":\"en\",\"style\":\"width:600px\"}","description":"While there are numerous production technologies design engineers can rely on today like machining or powder metallurgy, metal injection molding is a ...","page":1,"position":7,"title":"What are Soft Magnetic Composites? - Metal Powder Products","type":"0","typedescription":"organic","url":"https://mppinnovation.com/tag/metal-powder-products/","universal_position":7,"md5":"85cc8303f4c548d54d96d530345b04c8"},{"snippets":{"missing-keywords":"sehoeneman,"},"elementAttributes":"{\"class\":\"g Ww4FFb vt6azd tF2Cxc\",\"data-hveid\":\"CCIQAA\",\"data-ved\":\"2ahUKEwii8JW8x6r6AhUrR2wGHed_DL4QFSgAegQIIhAA\",\"jsaction\":\"QyLbLe:OMITjf\",\"jscontroller\":\"SC7lYd\",\"lang\":\"en\",\"style\":\"width:600px\"}","description":"Metal Powder Products, a leading manufacturer of aluminum and ferrous ... with Ben and his team to advance Metal Powder Products' business.","page":1,"position":8,"title":"Metal Powder Products to Advance Growth Initiatives Under ...","type":"0","typedescription":"organic","url":"https://millpoint.com/metal-powder-products-to-advance-growth-initiatives-under-new-ownership/","universal_position":8,"md5":"c4e79ef49e27a7326f4da70665218b64"}],"keyword":"bill sehoeneman metal powder products"},"adwords_shop":[],"location":"US","rankdata":[{"snippets":{"missing-keywords":"sehoeneman,"},"elementAttributes":"{\"class\":\"g Ww4FFb vt6azd tF2Cxc\",\"data-hveid\":\"CBIQAA\",\"data-ved\":\"2ahUKEwii8JW8x6r6AhUrR2wGHed_DL4QFSgAegQIEhAA\",\"jsaction\":\"QyLbLe:OMITjf\",\"jscontroller\":\"SC7lYd\",\"lang\":\"en\",\"style\":\"width:600px\"}","description":"Problem solving management professional with over 20 years experience in customer service, production scheduling, inventory management and continuous ...","page":1,"position":1,"title":"Bill Schoeneman - Customer Service Manager - Metal Powder ...","type":"0","typedescription":"organic","url":"https://www.linkedin.com/in/bill-schoeneman-6b841115","universal_position":1,"md5":"06667495909ca9c0d776001325a7734b"},{"snippets":{"missing-keywords":"bill,sehoeneman"},"elementAttributes":"{\"class\":\"g Ww4FFb vt6azd tF2Cxc\",\"data-hveid\":\"CBQQAA\",\"data-ved\":\"2ahUKEwii8JW8x6r6AhUrR2wGHed_DL4QFSgAegQIFBAA\",\"jsaction\":\"QyLbLe:OMITjf\",\"jscontroller\":\"SC7lYd\",\"lang\":\"en\",\"style\":\"width:600px\"}","description":"Metal Powder Products is an international provider of custom-engineered powder metallurgy product solutions to customers in a variety of industries.","page":1,"position":2,"title":"Metal Powder Products","type":"0","typedescription":"organic","url":"https://mppinnovation.com/","universal_position":2,"md5":"4e09ff33155a4a9758c5934d1c366a55"},{"snippets":{"missing-keywords":"bill,sehoeneman"},"elementAttributes":"{\"class\":\"g Ww4FFb vt6azd tF2Cxc\",\"data-hveid\":\"CBMQAA\",\"data-ved\":\"2ahUKEwii8JW8x6r6AhUrR2wGHed_DL4QFSgAegQIExAA\",\"jsaction\":\"QyLbLe:OMITjf\",\"jscontroller\":\"SC7lYd\",\"lang\":\"en\",\"style\":\"width:600px\"}","description":"MPP is a worldwide provider of metal component manufacturing and supplies. ... 14670 Cumberland Rd. Noblesville, IN 46060 317.805.3764 \u2022 800.783.2420 solutions@ ...","page":1,"position":3,"title":"Contact MPP - Metal Powder Products","type":"0","typedescription":"organic","url":"https://mppinnovation.com/contact/","universal_position":3,"md5":"ce450481244c790791304d430cc9395f"},{"snippets":{"missing-keywords":"sehoeneman,"},"elementAttributes":"{\"class\":\"g Ww4FFb vt6azd tF2Cxc\",\"data-hveid\":\"CCMQAA\",\"data-ved\":\"2ahUKEwii8JW8x6r6AhUrR2wGHed_DL4QFSgAegQIIxAA\",\"jsaction\":\"QyLbLe:OMITjf\",\"jscontroller\":\"SC7lYd\",\"lang\":\"en\",\"style\":\"width:600px\"}","description":"He will report to Ben James, President and COO at MPP. Azzato previously held the position of General Manager at the St. Mary's facility.","page":1,"position":4,"title":"Newsletters - Metal Powder Products","type":"0","typedescription":"organic","url":"https://mppinnovation.com/category/newsletters/?page=2","universal_position":4,"md5":"62b00d29783146f5b77fe0827a7d8ede"},{"snippets":{"missing-keywords":"bill,sehoeneman"},"elementAttributes":"{\"class\":\"g Ww4FFb vt6azd tF2Cxc\",\"data-hveid\":\"CBUQAA\",\"data-ved\":\"2ahUKEwii8JW8x6r6AhUrR2wGHed_DL4QFSgAegQIFRAA\",\"jsaction\":\"QyLbLe:OMITjf\",\"jscontroller\":\"SC7lYd\",\"lang\":\"en\",\"style\":\"width:600px\"}","description":"Conversioneering® is MPP's proprietary manufacturing solutions engineering process that · Defines, analyzes, and improves your precision components · Reduces time ...","page":1,"position":5,"title":"Conversioneering | Metal Powder Products (MPP)","type":"0","typedescription":"organic","url":"https://mppinnovation.com/conversioneering/","universal_position":5,"md5":"00732d741935e24f98e8cf2bffdf7bb0"},{"snippets":{"missing-keywords":"bill,sehoeneman"},"elementAttributes":"{\"class\":\"g Ww4FFb vt6azd tF2Cxc\",\"data-hveid\":\"CCEQAA\",\"data-ved\":\"2ahUKEwii8JW8x6r6AhUrR2wGHed_DL4QFSgAegQIIRAA\",\"jsaction\":\"QyLbLe:OMITjf\",\"jscontroller\":\"SC7lYd\",\"lang\":\"en\",\"style\":\"width:600px\"}","description":"MPP is an innovator in powder metallurgy material technology, including the development, selection, and blending of standard and custom powder metal ...","page":1,"position":6,"title":"Tech Insider | Metal Powder Products (MPP)","type":"0","typedescription":"organic","url":"https://mppinnovation.com/tech-insider/","universal_position":6,"md5":"0bad35c0779a17089382b93e0beb9e85"},{"snippets":{"missing-keywords":"bill,sehoeneman"},"elementAttributes":"{\"class\":\"g Ww4FFb vt6azd tF2Cxc\",\"data-hveid\":\"CBYQAA\",\"data-ved\":\"2ahUKEwii8JW8x6r6AhUrR2wGHed_DL4QFSgAegQIFhAA\",\"jsaction\":\"QyLbLe:OMITjf\",\"jscontroller\":\"SC7lYd\",\"lang\":\"en\",\"style\":\"width:600px\"}","description":"While there are numerous production technologies design engineers can rely on today like machining or powder metallurgy, metal injection molding is a ...","page":1,"position":7,"title":"What are Soft Magnetic Composites? - Metal Powder Products","type":"0","typedescription":"organic","url":"https://mppinnovation.com/tag/metal-powder-products/","universal_position":7,"md5":"85cc8303f4c548d54d96d530345b04c8"},{"snippets":{"missing-keywords":"sehoeneman,"},"elementAttributes":"{\"class\":\"g Ww4FFb vt6azd tF2Cxc\",\"data-hveid\":\"CCIQAA\",\"data-ved\":\"2ahUKEwii8JW8x6r6AhUrR2wGHed_DL4QFSgAegQIIhAA\",\"jsaction\":\"QyLbLe:OMITjf\",\"jscontroller\":\"SC7lYd\",\"lang\":\"en\",\"style\":\"width:600px\"}","description":"Metal Powder Products, a leading manufacturer of aluminum and ferrous ... with Ben and his team to advance Metal Powder Products' business.","page":1,"position":8,"title":"Metal Powder Products to Advance Growth Initiatives Under ...","type":"0","typedescription":"organic","url":"https://millpoint.com/metal-powder-products-to-advance-growth-initiatives-under-new-ownership/","universal_position":8,"md5":"c4e79ef49e27a7326f4da70665218b64"}],"keyword":"bill sehoeneman metal powder products"}