{"searchengine":"google|US||en|universal|0|0|0","adwords":[],"adwords_east":[],"searchengine_awr":"google|US||en|universal|0|0|0","competition":"26","machine_id":"i-01d9a48a59d6e579a","rankdata_all":[{"videochannel":"Claudio Cavazzuti","elementAttributes":"{\"class\":\"pwxRSe\",\"data-index\":\"0\"}","description":"","page":1,"position":1,"title":"Experimental Archaeology: Sand casting of a Bronze Age sword","type":"3","typedescription":"video","url":"https://www.youtube.com/watch?v=lbzSa68T-Ws","universal_position":1,"md5":"6b7974a02d5cc7296d98028922e8201c"},{"videochannel":"Claudio Cavazzuti","elementAttributes":"{\"class\":\"pwxRSe\",\"data-index\":\"1\"}","description":"","page":1,"position":2,"title":"Experimental Archaeology: casting a Bronze Age pin through ...","type":"3","typedescription":"video","url":"https://www.youtube.com/watch?v=Hg2tXsceeaE","universal_position":1,"md5":"a7be2a91223ccd646e6c36032cea6af0"},{"videochannel":"Claudio Cavazzuti","elementAttributes":"{\"class\":\"pwxRSe\",\"data-index\":\"2\"}","description":"","page":1,"position":3,"title":"Experimental Archaeology: casting of a Bronze Age long ...","type":"3","typedescription":"video","url":"https://www.youtube.com/watch?v=09GyxFsnG0M","universal_position":1,"md5":"a94151631f35d02dcbe5e21c0b9ae104"},{"videochannel":"Claudio Cavazzuti","elementAttributes":"{\"class\":\"pwxRSe\",\"data-index\":\"3\"}","description":"","page":1,"position":4,"title":"Experimental Archaeology: casting an Early Bronze Age axe","type":"3","typedescription":"video","url":"https://www.youtube.com/watch?v=lV9E-BAugxk","universal_position":1,"md5":"31e8ce690f103e01b5297da2574d9544"},{"snippets":{"missing-keywords":"claudio,"},"elementAttributes":"{\"data-hveid\":\"CA8QAA\",\"data-ved\":\"2ahUKEwiWp7e4x6r6AhVdKkQIHedyABkQFSgAegQIDxAA\",\"jsaction\":\"QyLbLe:OMITjf\",\"jscontroller\":\"SC7lYd\",\"lang\":\"en\",\"style\":\"width:600px\"}","description":"Two processes are used to switch from plaster to bronze models: lost wax casting and sand casting, which was used in Rodin's time but is very rare today.","page":1,"position":5,"title":"Bronze sand casting | Musée Rodin","type":"0","typedescription":"organic","url":"https://www.musee-rodin.fr/en/resources/techniques/bronze-sand-casting","universal_position":2,"md5":"01b6f710cc54cbe273696d84330a4838"},{"snippets":{"indented":"yes"},"elementAttributes":"{\"class\":\"MYVUIe\"}","description":"Two processes are used to switch from plaster to bronze models: lost wax casting and sand casting, which was used in Rodin's time but is very rare today.","page":1,"position":6,"title":"Lost-wax bronze casting - Musée Rodin","type":"0","typedescription":"organic","url":"https://www.musee-rodin.fr/en/resources/techniques/lost-wax-bronze-casting","universal_position":3,"md5":"2c00514e20e1f688d45ab5789ac89ef4"},{"snippets":{"missing-keywords":"claudio,","image-thumbnails":"single image thumbnails"},"elementAttributes":"{\"class\":\"g Ww4FFb vt6azd tF2Cxc\",\"data-hveid\":\"CA4QAA\",\"data-ved\":\"2ahUKEwiWp7e4x6r6AhVdKkQIHedyABkQFSgAegQIDhAA\",\"jsaction\":\"QyLbLe:OMITjf\",\"jscontroller\":\"SC7lYd\",\"lang\":\"en\",\"style\":\"width:652px\"}","description":"Methods of bronze casting, like lost wax, ceramic shell, and sand casting are used to produce bronze sculptures, instruments, medals, tools, ...","page":1,"position":7,"title":"Process of Casting Bronze [+How To Learn] - The Crucible","type":"0","typedescription":"organic","url":"https://www.thecrucible.org/guides/metalworking/bronze-casting/","universal_position":4,"md5":"5b5d62fcf750c526d1242c153d8ddff4"},{"elementAttributes":"{\"class\":\"eA0Zlc WghbWd JX86yc ivg-i PZPZlf\",\"data-attrid\":\"images universal\",\"data-docid\":\"Rs2z1ObPLiE89M\",\"data-hveid\":\"CCAQAA\",\"data-lpage\":\"https://www.pinterest.com/pin/701365341938978635/\",\"data-ved\":\"2ahUKEwiWp7e4x6r6AhVdKkQIHedyABkQ9AF6BAggEAA\",\"jsaction\":\"rcuQ6b:npT2md;tuz4af:RrAr1;nptbHe:XEuVS;h5M12e\",\"jscontroller\":\"E19wJb\",\"jsdata\":\"XZxcdf;Rs2z1ObPLiE89M;AMwWUI\",\"jsname\":\"dTDiAc\"}","description":"","page":1,"position":8,"title":"","type":"5","typedescription":"image","url":"https://www.pinterest.com/pin/701365341938978635/","universal_position":5,"md5":"5ff83f03c0d22b4decce747e951928c6"},{"elementAttributes":"{\"class\":\"eA0Zlc WghbWd JX86yc ivg-i PZPZlf\",\"data-attrid\":\"images universal\",\"data-docid\":\"CIdjOITBfACSfM\",\"data-hveid\":\"CGAQAA\",\"data-lpage\":\"https://www.thecrucible.org/guides/metalworking/bronze-casting/\",\"data-ved\":\"2ahUKEwiWp7e4x6r6AhVdKkQIHedyABkQ9AF6BAhgEAA\",\"jsaction\":\"rcuQ6b:npT2md;tuz4af:RrAr1;nptbHe:XEuVS;h5M12e\",\"jscontroller\":\"E19wJb\",\"jsdata\":\"XZxcdf;CIdjOITBfACSfM;AMwWWo\",\"jsname\":\"dTDiAc\"}","description":"","page":1,"position":9,"title":"","type":"5","typedescription":"image","url":"https://www.thecrucible.org/guides/metalworking/bronze-casting/","universal_position":5,"md5":"707fb675cf7a07027347eaada85d9fa5"},{"elementAttributes":"{\"class\":\"eA0Zlc WghbWd JX86yc ivg-i PZPZlf\",\"data-attrid\":\"images universal\",\"data-docid\":\"N_EbspjjaIfdJM\",\"data-hveid\":\"CGIQAA\",\"data-lpage\":\"https://www.metmuseum.org/toah/hd/abrc/hd_abrc.htm\",\"data-ved\":\"2ahUKEwiWp7e4x6r6AhVdKkQIHedyABkQ9AF6BAhiEAA\",\"jsaction\":\"rcuQ6b:npT2md;tuz4af:RrAr1;nptbHe:XEuVS;h5M12e\",\"jscontroller\":\"E19wJb\",\"jsdata\":\"XZxcdf;N_EbspjjaIfdJM;AMwWWs\",\"jsname\":\"dTDiAc\"}","description":"","page":1,"position":10,"title":"","type":"5","typedescription":"image","url":"https://www.metmuseum.org/toah/hd/abrc/hd_abrc.htm","universal_position":5,"md5":"da6d341f3f5a963a3fb6f47bb2a6a14b"},{"elementAttributes":"{\"class\":\"eA0Zlc WghbWd JX86yc ivg-i PZPZlf\",\"data-attrid\":\"images universal\",\"data-docid\":\"Gjcz949dxaFiPM\",\"data-hveid\":\"CGQQAA\",\"data-lpage\":\"https://www.modernsculpture.com/bronze-casting-process\",\"data-ved\":\"2ahUKEwiWp7e4x6r6AhVdKkQIHedyABkQ9AF6BAhkEAA\",\"jsaction\":\"rcuQ6b:npT2md;tuz4af:RrAr1;nptbHe:XEuVS;h5M12e\",\"jscontroller\":\"E19wJb\",\"jsdata\":\"XZxcdf;Gjcz949dxaFiPM;AMwWWw\",\"jsname\":\"dTDiAc\"}","description":"","page":1,"position":11,"title":"","type":"5","typedescription":"image","url":"https://www.modernsculpture.com/bronze-casting-process","universal_position":5,"md5":"3c156f8964f2831980f5d79fb99ee32c"},{"elementAttributes":"{\"class\":\"eA0Zlc WghbWd JX86yc ivg-i PZPZlf\",\"data-attrid\":\"images universal\",\"data-docid\":\"d2SJmTZ-qgVjhM\",\"data-hveid\":\"CGcQAA\",\"data-lpage\":\"https://www.modernsculpture.com/bronze-casting-process\",\"data-ved\":\"2ahUKEwiWp7e4x6r6AhVdKkQIHedyABkQ9AF6BAhnEAA\",\"jsaction\":\"rcuQ6b:npT2md;tuz4af:RrAr1;nptbHe:XEuVS;h5M12e\",\"jscontroller\":\"E19wJb\",\"jsdata\":\"XZxcdf;d2SJmTZ-qgVjhM;AMwWW4\",\"jsname\":\"dTDiAc\"}","description":"","page":1,"position":12,"title":"","type":"5","typedescription":"image","url":"https://www.modernsculpture.com/bronze-casting-process","universal_position":5,"md5":"7ce26570f4cf7dbca5d78e7cd17830ea"},{"snippets":{"rating":"4.5","review-stars":"yes"},"elementAttributes":"{\"data-hveid\":\"CEIQAA\",\"data-ved\":\"2ahUKEwiWp7e4x6r6AhVdKkQIHedyABkQFSgAegQIQhAA\",\"jsaction\":\"QyLbLe:OMITjf\",\"jscontroller\":\"SC7lYd\",\"lang\":\"en\",\"style\":\"width:600px\"}","description":"Buy Teton-Black (180 MESH) Foundry Green Sand Olivine Facing Sand for Metal Casting (10LB): Jewelry Casting Supplies - Amazon.com ✓ FREE DELIVERY possible ...","page":1,"position":13,"title":"Teton-Black (180 MESH) Foundry Green Sand Olivine Facing ...","type":"0","typedescription":"organic","url":"https://www.amazon.com/Teton-Black-Foundry-Olivine-Super-Fine-Casting/dp/B07NKJRXL2","universal_position":6,"md5":"33eaa1f316416b3139bf11b1a3553c0a"},{"snippets":{"rating":"4.6","indented":"yes","review-stars":"yes"},"elementAttributes":"{\"class\":\"MYVUIe\"}","description":"Compatible with both Precious and Non-precious Metals: Gold, Silver, Pewter, Aluminum, Zinc, Copper, Brass, Bronze and more! Provides highly detailed castings ...","page":1,"position":14,"title":"5 LB Petrobond Casting Sand Ultra-Fine (140 Mesh) Delft ...","type":"0","typedescription":"organic","url":"https://www.amazon.com/Petrobond-Ultra-Fine-Alternaitve-Replicating-Detailed/dp/B00XRRO982","universal_position":7,"md5":"0d2bf63088acb28779459be4af2a3c6f"},{"elementAttributes":"{\"class\":\"g Ww4FFb vt6azd tF2Cxc\",\"data-hveid\":\"CFEQAA\",\"data-ved\":\"2ahUKEwiWp7e4x6r6AhVdKkQIHedyABkQFSgAegQIURAA\",\"jsaction\":\"QyLbLe:OMITjf\",\"jscontroller\":\"SC7lYd\",\"lang\":\"en\",\"style\":\"width:600px\"}","description":"Family owned foundry specializing in aluminum, bronze, and brass alloy castings, located in... 530 S. 11th street, ... Claudio Tommasi, profile picture.","page":1,"position":15,"title":"California Casting Inc. - Siaran | Facebook","type":"0","typedescription":"organic","url":"https://ms-my.facebook.com/pages/category/Industrial-Company/CaliforniaCastingInc/posts/","universal_position":8,"md5":"2ab7447d4f450cef846ebcddd2fb2efc"},{"elementAttributes":"{\"class\":\"g Ww4FFb vt6azd tF2Cxc\",\"data-hveid\":\"CHIQAA\",\"data-ved\":\"2ahUKEwiWp7e4x6r6AhVdKkQIHedyABkQFSgAegQIchAA\",\"jsaction\":\"QyLbLe:OMITjf\",\"jscontroller\":\"SC7lYd\",\"lang\":\"en\",\"style\":\"width:600px\"}","description":"TOTAL DOCUMENTS · H-INDEX · Effect of Temperature on Sodium Silicate Bonded Sand and Its Phase Transformations to Cristobalite in Metal Casting Industry · SMEs' ...","page":1,"position":16,"title":"casting industry Latest Research Papers | ScienceGate","type":"0","typedescription":"organic","url":"https://www.sciencegate.app/keyword/853514","universal_position":9,"md5":"a6c7a8e03647b0f85869eadf3e0ef3d0"},{"elementAttributes":"{\"class\":\"g Ww4FFb vt6azd tF2Cxc\",\"data-hveid\":\"CFgQAA\",\"data-ved\":\"2ahUKEwiWp7e4x6r6AhVdKkQIHedyABkQFSgAegQIWBAA\",\"jsaction\":\"QyLbLe:OMITjf\",\"jscontroller\":\"SC7lYd\",\"lang\":\"en\",\"style\":\"width:600px\"}","description":"Request PDF | Mechanical and toxicological evaluation of concrete artifacts containing waste foundry sand | The creation of metal parts via casting uses ...","page":1,"position":17,"title":"Mechanical and toxicological evaluation of concrete artifacts ...","type":"0","typedescription":"organic","url":"https://www.researchgate.net/publication/260366869_Mechanical_and_toxicological_evaluation_of_concrete_artifacts_containing_waste_foundry_sand","universal_position":10,"md5":"54a7a0d744d3b6ef01edf38527b87f11"},{"elementAttributes":"{\"class\":\"g Ww4FFb vt6azd tF2Cxc\",\"data-hveid\":\"CDAQAA\",\"data-ved\":\"2ahUKEwiWp7e4x6r6AhVdKkQIHedyABkQFSgAegQIMBAA\",\"jsaction\":\"QyLbLe:OMITjf\",\"jscontroller\":\"SC7lYd\",\"lang\":\"en\",\"style\":\"width:600px\"}","description":"Sterling Silver Cuttlebone Cast Brooch. Made With Love and Magic. Bone Jewelry, Metal. Sterling Silver Cuttlebone Cast Brooch. Made With Love and Magic.","page":1,"position":18,"title":"cuttlefish bone Archives - Claudio Creations | Casting jewelry, Silver ...","type":"0","typedescription":"organic","url":"https://www.pinterest.com/pin/553590979176477166/","universal_position":11,"md5":"b078bba1b1237bf0bfd1ab57cfc9b3aa"},{"elementAttributes":"{\"class\":\"g Ww4FFb vt6azd tF2Cxc\",\"data-hveid\":\"CDkQAA\",\"data-ved\":\"2ahUKEwiWp7e4x6r6AhVdKkQIHedyABkQFSgAegQIORAA\",\"jsaction\":\"QyLbLe:OMITjf\",\"jscontroller\":\"SC7lYd\",\"lang\":\"en\",\"style\":\"width:600px\"}","description":"An apparatus (1) for casting and forging objects made of brass, bronze, ... Other languages: German: French; Inventor: Claudio Frulla; Current Assignee.","page":1,"position":19,"title":"EP3717144A1 - Method and apparatus for casting and forging ...","type":"0","typedescription":"organic","url":"https://patents.google.com/patent/EP3717144A1/en","universal_position":12,"md5":"b584221b1ee7b99ca2f5c5416bd72995"},{"elementAttributes":"{\"class\":\"g Ww4FFb vt6azd tF2Cxc\",\"data-hveid\":\"CF0QAA\",\"data-ved\":\"2ahUKEwiWp7e4x6r6AhVdKkQIHedyABkQFSgAegQIXRAA\",\"jsaction\":\"QyLbLe:OMITjf\",\"jscontroller\":\"SC7lYd\",\"lang\":\"en\",\"style\":\"width:600px\"}","description":"The bronze metal feet are realized with the ancient sand casting technique that conveys an artistic ... Product Name: Marilou; Designer: Claudio Cappellini ...","page":2,"position":20,"title":"Marilou by HESSENTIA | Cornelio Cappellini | Archello","type":"0","typedescription":"organic","url":"https://archello.com/product/marilou-4","universal_position":13,"md5":"8431c9da62080c37bfd8325549e2d2ef"},{"elementAttributes":"{\"class\":\"g Ww4FFb vt6azd tF2Cxc\",\"data-hveid\":\"CCEQAA\",\"data-ved\":\"2ahUKEwiWp7e4x6r6AhVdKkQIHedyABkQFSgAegQIIRAA\",\"jsaction\":\"QyLbLe:OMITjf\",\"jscontroller\":\"SC7lYd\",\"lang\":\"en\",\"style\":\"width:600px\"}","description":"casting industrial pole in Claudio, Minas ... possible the variation from synthetic sand (black sand ... and the casting in of the metal in molds.","page":2,"position":21,"title":"Ergonomic analysis of workplaces in the iron casting industrial ...","type":"0","typedescription":"organic","url":"https://content.iospress.com/download/work/wor0376?id=work%2Fwor0376","universal_position":14,"md5":"888b78c73cf142b81cd9919c8e43b218"},{"elementAttributes":"{\"class\":\"g Ww4FFb vt6azd tF2Cxc\",\"data-hveid\":\"CFIQAA\",\"data-ved\":\"2ahUKEwiWp7e4x6r6AhVdKkQIHedyABkQFSgAegQIUhAA\",\"jsaction\":\"QyLbLe:OMITjf\",\"jscontroller\":\"SC7lYd\",\"lang\":\"en\",\"style\":\"width:600px\"}","description":"Simulation model of 2-ingate mould and 3-ingate mould of sand casting are ... The first metal casting was done using stone and metal moulds during the ...","page":2,"position":22,"title":"(PDF) Modelling and experimental investigation of solidification ...","type":"0","typedescription":"organic","url":"https://www.academia.edu/es/6168470/Modelling_and_experimental_investigation_of_solidification_process_in_sand_casting","universal_position":15,"md5":"a9c7f09a846aff5db271f3180293d374"},{"elementAttributes":"{\"class\":\"g Ww4FFb vt6azd tF2Cxc\",\"data-hveid\":\"CGEQAA\",\"data-ved\":\"2ahUKEwiWp7e4x6r6AhVdKkQIHedyABkQFSgAegQIYRAA\",\"jsaction\":\"QyLbLe:OMITjf\",\"jscontroller\":\"SC7lYd\",\"lang\":\"zh-CN\",\"style\":\"width:600px\"}","description":"The melted bronze parts of the base are realized with a classic foundry technique, which consists in casting liquid metal into a mold made of special sand, ...","page":2,"position":23,"title":"Spinnaker Tables Collection | HESSENTIA - designverse","type":"0","typedescription":"organic","url":"https://m.designverse.com.cn/content/recommend/article/spinnaker-tables-collection-hessentia-en","universal_position":16,"md5":"7d6767c91f015ebc7391b83a92b5cf9b"},{"elementAttributes":"{\"class\":\"g Ww4FFb vt6azd tF2Cxc\",\"data-hveid\":\"CF8QAA\",\"data-ved\":\"2ahUKEwiWp7e4x6r6AhVdKkQIHedyABkQFSgAegQIXxAA\",\"jsaction\":\"QyLbLe:OMITjf\",\"jscontroller\":\"SC7lYd\",\"lang\":\"ur\",\"style\":\"width:600px\"}","description":"Design of Flowable Fill: Waste Foundry Sand as a Fine Aggregate | Bhat, S.; Lovell, C. | download | BookSC. Download books for free. Find books.","page":2,"position":24,"title":"Design of Flowable Fill: Waste Foundry Sand as a Fine Aggregate ...","type":"0","typedescription":"organic","url":"https://ur.booksc.me/book/22328520/890811","universal_position":17,"md5":"86e5948b66b4ece66a41c0a55cc4e624"},{"snippets":{"missing-keywords":"claudio,"},"elementAttributes":"{\"class\":\"g Ww4FFb vt6azd tF2Cxc\",\"data-hveid\":\"CGoQAA\",\"data-ved\":\"2ahUKEwiWp7e4x6r6AhVdKkQIHedyABkQFSgAegQIahAA\",\"jsaction\":\"QyLbLe:OMITjf\",\"jscontroller\":\"SC7lYd\",\"lang\":\"en\",\"style\":\"width:600px\"}","description":"LB Foundry specializes in bronze sand castings and the many bronze alloy castings such as tin bronze, manganese bronze and white manganese bronze.","page":2,"position":25,"title":"Bronze Sand Castings Foundry - Leitelt Brothers","type":"0","typedescription":"organic","url":"https://www.lbfoundry.com/bronze-sand-casting.html","universal_position":18,"md5":"8636aae2495b1520685f31665b4680f0"},{"elementAttributes":"{\"class\":\"g Ww4FFb vt6azd tF2Cxc\",\"data-hveid\":\"CHAQAA\",\"data-ved\":\"2ahUKEwiWp7e4x6r6AhVdKkQIHedyABkQFSgAegQIcBAA\",\"jsaction\":\"QyLbLe:OMITjf\",\"jscontroller\":\"SC7lYd\",\"lang\":\"en\",\"style\":\"width:600px\"}","description":"Related sponsored items · A. · Claudio Malacarne, Tropea,60x120,Serigraph, Paesaggio,Calabria,Diamond Art · Diana the Huntress 19\" Bronze Statue Signed Beck (Ernst ...","page":2,"position":26,"title":"D'argenta Mexico Silver Giraffe Calf Statue Sculpture Claudio ...","type":"0","typedescription":"organic","url":"https://www.ebay.com/itm/324297892297","universal_position":19,"md5":"e35dafb7fd9ee92bb8bc57db03ba5176"},{"elementAttributes":"{\"class\":\"g Ww4FFb vt6azd tF2Cxc\",\"data-hveid\":\"CDwQAA\",\"data-ved\":\"2ahUKEwiWp7e4x6r6AhVdKkQIHedyABkQFSgAegQIPBAA\",\"jsaction\":\"QyLbLe:OMITjf\",\"jscontroller\":\"SC7lYd\",\"lang\":\"en\",\"style\":\"width:600px\"}","description":"Apart from the ceramics, my work is available in Bronze resin $ 17. ... Ih-oh Fan Art by Claudio Casini Art A sand pit or carpet farm ...","page":2,"position":27,"title":"Resin farm animals. 1. ( 150086 ) 160070 Definitive Angus ...","type":"0","typedescription":"organic","url":"http://mail.watchbazarbd.com/syjrto/resin-farm-animals.html","universal_position":20,"md5":"b342a82d5eeabc258a4a113e759b6da2"},{"snippets":{"missing-keywords":"claudio,"},"elementAttributes":"{\"class\":\"g Ww4FFb vt6azd tF2Cxc\",\"data-hveid\":\"CD0QAA\",\"data-ved\":\"2ahUKEwiWp7e4x6r6AhVdKkQIHedyABkQFSgAegQIPRAA\",\"jsaction\":\"QyLbLe:OMITjf\",\"jscontroller\":\"SC7lYd\",\"lang\":\"en\",\"style\":\"width:600px\"}","description":"Before 1900, American-made bronzes were produced in the French sand-casting method. This method, through which a sculpture is produced using a firm sand mold, ...","page":2,"position":28,"title":"American Bronze Casting | Heilbrunn Timeline of Art History","type":"0","typedescription":"organic","url":"https://www.metmuseum.org/toah/hd/abrc/hd_abrc.htm","universal_position":21,"md5":"d1b72b68054e9e09be6453480fc0586e"},{"snippets":{"how-to":"yes","missing-keywords":"claudio,"},"elementAttributes":"{\"class\":\"g Ww4FFb vt6azd tF2Cxc\",\"data-hveid\":\"CDcQAA\",\"data-ved\":\"2ahUKEwiWp7e4x6r6AhVdKkQIHedyABkQFSgAegQINxAA\",\"jsaction\":\"QyLbLe:OMITjf\",\"jscontroller\":\"SC7lYd\",\"lang\":\"en\",\"style\":\"width:600px\"}","description":"This pattern is made of wax, but patterns are often made of wood. The pattern will later be removed from the mold and bronze will be poured in the cavity ...","page":2,"position":29,"title":"Making a Sand Cast Bronze Sculpture - Instructables","type":"0","typedescription":"organic","url":"https://www.instructables.com/Making-a-sand-cast-bronze-sculpture/","universal_position":22,"md5":"a2ceb883d5ab1181f78d964a64f532ac"},{"snippets":{"missing-keywords":"claudio,"},"elementAttributes":"{\"class\":\"g Ww4FFb vt6azd tF2Cxc\",\"data-hveid\":\"CC0QAA\",\"data-ved\":\"2ahUKEwiWp7e4x6r6AhVdKkQIHedyABkQFSgAegQILRAA\",\"jsaction\":\"QyLbLe:OMITjf\",\"jscontroller\":\"SC7lYd\",\"lang\":\"en\",\"style\":\"width:600px\"}","description":"The pattern is removed, leaving behind a perfect shape in the sand. The mold is filled with molten metal, which is allowed to cool. When the ...","page":3,"position":30,"title":"The Powerful Sand Casting Process | Cast Technologies","type":"0","typedescription":"organic","url":"https://casttechnologies.net/the-sand-casting-process/","universal_position":23,"md5":"a3d0807ef0cabd47b59231567af3ab42"},{"elementAttributes":"{\"data-hveid\":\"CBoQAA\",\"data-ved\":\"2ahUKEwiWp7e4x6r6AhVdKkQIHedyABkQ5wEoAHoECBoQAA\",\"lang\":\"en\"}","description":"He considered sand as iron castings were made, but it would probably be too ... Claudio was quite familiar with the lost-wax method of casting bronze.","page":3,"position":31,"title":"1636: The Barbie Consortium - Google Books Result","type":"0","typedescription":"organic","url":"https://books.google.com/books?id=QHp0CwAAQBAJ&pg=PT349&lpg=PT349&dq=bronze+casting+sand+claudio&source=bl&ots=hTBlujpEBI&sig=ACfU3U2EDxG7g3CnqsKTytJ7eMutv-TCJg&hl=en&sa=X&ved=2ahUKEwiWp7e4x6r6AhVdKkQIHedyABkQ6AF6BAgaEAM","universal_position":24,"md5":"ffebd1bd1841be2fd17c8d655fdffdb8"},{"elementAttributes":"{\"data-hveid\":\"CBsQAA\",\"data-ved\":\"2ahUKEwiWp7e4x6r6AhVdKkQIHedyABkQ5wEoAHoECBsQAA\",\"lang\":\"en\"}","description":"Metal bonding film compositions . and Hannick , John W. , 6,386,110 , Cl ... elements including sand molds and sand cores for metal casting foundry Guaraldi ...","page":3,"position":32,"title":"Official Gazette of the United States Patent and Trademark ...","type":"0","typedescription":"organic","url":"https://books.google.com/books?id=nUF5NnlVQ2wC&pg=PA2723&lpg=PA2723&dq=bronze+casting+sand+claudio&source=bl&ots=ppPuC_sLqi&sig=ACfU3U0irsfLFl1lPmx-KHGIV4b2HYQ9Ug&hl=en&sa=X&ved=2ahUKEwiWp7e4x6r6AhVdKkQIHedyABkQ6AF6BAgbEAM","universal_position":25,"md5":"8f2c415b85578909f66941fd2c86bca8"},{"snippets":{"missing-keywords":"claudio,"},"elementAttributes":"{\"class\":\"g Ww4FFb vt6azd tF2Cxc\",\"data-hveid\":\"CEQQAA\",\"data-ved\":\"2ahUKEwiWp7e4x6r6AhVdKkQIHedyABkQFSgAegQIRBAA\",\"jsaction\":\"QyLbLe:OMITjf\",\"jscontroller\":\"SC7lYd\",\"lang\":\"en\",\"style\":\"width:600px\"}","description":"The process of sand casting begins with an original sculpture by the artist, formed in clay, wax, or plaster. From this original, a plaster model is ...","page":3,"position":33,"title":"Bronze Casting - Rodin Museum","type":"0","typedescription":"organic","url":"https://rodinmuseum.org/collection/bronze-casting","universal_position":26,"md5":"a614a9a1ef4a53c2a4c8ff71e99fb4fc"}],"server_id":53033,"adwords_bottom":[],"depth":5,"parser_v2":{"searchengine":"google|US||en|universal|0|0|0","adwords":[],"adwords_east":[],"searchengine_awr":"google|US||en|universal|0|0|0","competition":"26","machine_id":"i-01d9a48a59d6e579a","rankdata_all":[{"videochannel":"Claudio Cavazzuti","elementAttributes":"{\"class\":\"pwxRSe\",\"data-index\":\"0\"}","description":"","page":1,"position":1,"title":"Experimental Archaeology: Sand casting of a Bronze Age sword","type":"3","typedescription":"video","url":"https://www.youtube.com/watch?v=lbzSa68T-Ws","universal_position":1,"md5":"6b7974a02d5cc7296d98028922e8201c"},{"videochannel":"Claudio Cavazzuti","elementAttributes":"{\"class\":\"pwxRSe\",\"data-index\":\"1\"}","description":"","page":1,"position":2,"title":"Experimental Archaeology: casting a Bronze Age pin through ...","type":"3","typedescription":"video","url":"https://www.youtube.com/watch?v=Hg2tXsceeaE","universal_position":1,"md5":"a7be2a91223ccd646e6c36032cea6af0"},{"videochannel":"Claudio Cavazzuti","elementAttributes":"{\"class\":\"pwxRSe\",\"data-index\":\"2\"}","description":"","page":1,"position":3,"title":"Experimental Archaeology: casting of a Bronze Age long ...","type":"3","typedescription":"video","url":"https://www.youtube.com/watch?v=09GyxFsnG0M","universal_position":1,"md5":"a94151631f35d02dcbe5e21c0b9ae104"},{"videochannel":"Claudio Cavazzuti","elementAttributes":"{\"class\":\"pwxRSe\",\"data-index\":\"3\"}","description":"","page":1,"position":4,"title":"Experimental Archaeology: casting an Early Bronze Age axe","type":"3","typedescription":"video","url":"https://www.youtube.com/watch?v=lV9E-BAugxk","universal_position":1,"md5":"31e8ce690f103e01b5297da2574d9544"},{"snippets":{"missing-keywords":"claudio,"},"elementAttributes":"{\"data-hveid\":\"CA8QAA\",\"data-ved\":\"2ahUKEwiWp7e4x6r6AhVdKkQIHedyABkQFSgAegQIDxAA\",\"jsaction\":\"QyLbLe:OMITjf\",\"jscontroller\":\"SC7lYd\",\"lang\":\"en\",\"style\":\"width:600px\"}","description":"Two processes are used to switch from plaster to bronze models: lost wax casting and sand casting, which was used in Rodin's time but is very rare today.","page":1,"position":5,"title":"Bronze sand casting | Musée Rodin","type":"0","typedescription":"organic","url":"https://www.musee-rodin.fr/en/resources/techniques/bronze-sand-casting","universal_position":2,"md5":"01b6f710cc54cbe273696d84330a4838"},{"snippets":{"indented":"yes"},"elementAttributes":"{\"class\":\"MYVUIe\"}","description":"Two processes are used to switch from plaster to bronze models: lost wax casting and sand casting, which was used in Rodin's time but is very rare today.","page":1,"position":6,"title":"Lost-wax bronze casting - Musée Rodin","type":"0","typedescription":"organic","url":"https://www.musee-rodin.fr/en/resources/techniques/lost-wax-bronze-casting","universal_position":3,"md5":"2c00514e20e1f688d45ab5789ac89ef4"},{"snippets":{"missing-keywords":"claudio,","image-thumbnails":"single image thumbnails"},"elementAttributes":"{\"class\":\"g Ww4FFb vt6azd tF2Cxc\",\"data-hveid\":\"CA4QAA\",\"data-ved\":\"2ahUKEwiWp7e4x6r6AhVdKkQIHedyABkQFSgAegQIDhAA\",\"jsaction\":\"QyLbLe:OMITjf\",\"jscontroller\":\"SC7lYd\",\"lang\":\"en\",\"style\":\"width:652px\"}","description":"Methods of bronze casting, like lost wax, ceramic shell, and sand casting are used to produce bronze sculptures, instruments, medals, tools, ...","page":1,"position":7,"title":"Process of Casting Bronze [+How To Learn] - The Crucible","type":"0","typedescription":"organic","url":"https://www.thecrucible.org/guides/metalworking/bronze-casting/","universal_position":4,"md5":"5b5d62fcf750c526d1242c153d8ddff4"},{"elementAttributes":"{\"class\":\"eA0Zlc WghbWd JX86yc ivg-i PZPZlf\",\"data-attrid\":\"images universal\",\"data-docid\":\"Rs2z1ObPLiE89M\",\"data-hveid\":\"CCAQAA\",\"data-lpage\":\"https://www.pinterest.com/pin/701365341938978635/\",\"data-ved\":\"2ahUKEwiWp7e4x6r6AhVdKkQIHedyABkQ9AF6BAggEAA\",\"jsaction\":\"rcuQ6b:npT2md;tuz4af:RrAr1;nptbHe:XEuVS;h5M12e\",\"jscontroller\":\"E19wJb\",\"jsdata\":\"XZxcdf;Rs2z1ObPLiE89M;AMwWUI\",\"jsname\":\"dTDiAc\"}","description":"","page":1,"position":8,"title":"","type":"5","typedescription":"image","url":"https://www.pinterest.com/pin/701365341938978635/","universal_position":5,"md5":"5ff83f03c0d22b4decce747e951928c6"},{"elementAttributes":"{\"class\":\"eA0Zlc WghbWd JX86yc ivg-i PZPZlf\",\"data-attrid\":\"images universal\",\"data-docid\":\"CIdjOITBfACSfM\",\"data-hveid\":\"CGAQAA\",\"data-lpage\":\"https://www.thecrucible.org/guides/metalworking/bronze-casting/\",\"data-ved\":\"2ahUKEwiWp7e4x6r6AhVdKkQIHedyABkQ9AF6BAhgEAA\",\"jsaction\":\"rcuQ6b:npT2md;tuz4af:RrAr1;nptbHe:XEuVS;h5M12e\",\"jscontroller\":\"E19wJb\",\"jsdata\":\"XZxcdf;CIdjOITBfACSfM;AMwWWo\",\"jsname\":\"dTDiAc\"}","description":"","page":1,"position":9,"title":"","type":"5","typedescription":"image","url":"https://www.thecrucible.org/guides/metalworking/bronze-casting/","universal_position":5,"md5":"707fb675cf7a07027347eaada85d9fa5"},{"elementAttributes":"{\"class\":\"eA0Zlc WghbWd JX86yc ivg-i PZPZlf\",\"data-attrid\":\"images universal\",\"data-docid\":\"N_EbspjjaIfdJM\",\"data-hveid\":\"CGIQAA\",\"data-lpage\":\"https://www.metmuseum.org/toah/hd/abrc/hd_abrc.htm\",\"data-ved\":\"2ahUKEwiWp7e4x6r6AhVdKkQIHedyABkQ9AF6BAhiEAA\",\"jsaction\":\"rcuQ6b:npT2md;tuz4af:RrAr1;nptbHe:XEuVS;h5M12e\",\"jscontroller\":\"E19wJb\",\"jsdata\":\"XZxcdf;N_EbspjjaIfdJM;AMwWWs\",\"jsname\":\"dTDiAc\"}","description":"","page":1,"position":10,"title":"","type":"5","typedescription":"image","url":"https://www.metmuseum.org/toah/hd/abrc/hd_abrc.htm","universal_position":5,"md5":"da6d341f3f5a963a3fb6f47bb2a6a14b"},{"elementAttributes":"{\"class\":\"eA0Zlc WghbWd JX86yc ivg-i PZPZlf\",\"data-attrid\":\"images universal\",\"data-docid\":\"Gjcz949dxaFiPM\",\"data-hveid\":\"CGQQAA\",\"data-lpage\":\"https://www.modernsculpture.com/bronze-casting-process\",\"data-ved\":\"2ahUKEwiWp7e4x6r6AhVdKkQIHedyABkQ9AF6BAhkEAA\",\"jsaction\":\"rcuQ6b:npT2md;tuz4af:RrAr1;nptbHe:XEuVS;h5M12e\",\"jscontroller\":\"E19wJb\",\"jsdata\":\"XZxcdf;Gjcz949dxaFiPM;AMwWWw\",\"jsname\":\"dTDiAc\"}","description":"","page":1,"position":11,"title":"","type":"5","typedescription":"image","url":"https://www.modernsculpture.com/bronze-casting-process","universal_position":5,"md5":"3c156f8964f2831980f5d79fb99ee32c"},{"elementAttributes":"{\"class\":\"eA0Zlc WghbWd JX86yc ivg-i PZPZlf\",\"data-attrid\":\"images universal\",\"data-docid\":\"d2SJmTZ-qgVjhM\",\"data-hveid\":\"CGcQAA\",\"data-lpage\":\"https://www.modernsculpture.com/bronze-casting-process\",\"data-ved\":\"2ahUKEwiWp7e4x6r6AhVdKkQIHedyABkQ9AF6BAhnEAA\",\"jsaction\":\"rcuQ6b:npT2md;tuz4af:RrAr1;nptbHe:XEuVS;h5M12e\",\"jscontroller\":\"E19wJb\",\"jsdata\":\"XZxcdf;d2SJmTZ-qgVjhM;AMwWW4\",\"jsname\":\"dTDiAc\"}","description":"","page":1,"position":12,"title":"","type":"5","typedescription":"image","url":"https://www.modernsculpture.com/bronze-casting-process","universal_position":5,"md5":"7ce26570f4cf7dbca5d78e7cd17830ea"},{"snippets":{"rating":"4.5","review-stars":"yes"},"elementAttributes":"{\"data-hveid\":\"CEIQAA\",\"data-ved\":\"2ahUKEwiWp7e4x6r6AhVdKkQIHedyABkQFSgAegQIQhAA\",\"jsaction\":\"QyLbLe:OMITjf\",\"jscontroller\":\"SC7lYd\",\"lang\":\"en\",\"style\":\"width:600px\"}","description":"Buy Teton-Black (180 MESH) Foundry Green Sand Olivine Facing Sand for Metal Casting (10LB): Jewelry Casting Supplies - Amazon.com ✓ FREE DELIVERY possible ...","page":1,"position":13,"title":"Teton-Black (180 MESH) Foundry Green Sand Olivine Facing ...","type":"0","typedescription":"organic","url":"https://www.amazon.com/Teton-Black-Foundry-Olivine-Super-Fine-Casting/dp/B07NKJRXL2","universal_position":6,"md5":"33eaa1f316416b3139bf11b1a3553c0a"},{"snippets":{"rating":"4.6","indented":"yes","review-stars":"yes"},"elementAttributes":"{\"class\":\"MYVUIe\"}","description":"Compatible with both Precious and Non-precious Metals: Gold, Silver, Pewter, Aluminum, Zinc, Copper, Brass, Bronze and more! Provides highly detailed castings ...","page":1,"position":14,"title":"5 LB Petrobond Casting Sand Ultra-Fine (140 Mesh) Delft ...","type":"0","typedescription":"organic","url":"https://www.amazon.com/Petrobond-Ultra-Fine-Alternaitve-Replicating-Detailed/dp/B00XRRO982","universal_position":7,"md5":"0d2bf63088acb28779459be4af2a3c6f"},{"elementAttributes":"{\"class\":\"g Ww4FFb vt6azd tF2Cxc\",\"data-hveid\":\"CFEQAA\",\"data-ved\":\"2ahUKEwiWp7e4x6r6AhVdKkQIHedyABkQFSgAegQIURAA\",\"jsaction\":\"QyLbLe:OMITjf\",\"jscontroller\":\"SC7lYd\",\"lang\":\"en\",\"style\":\"width:600px\"}","description":"Family owned foundry specializing in aluminum, bronze, and brass alloy castings, located in... 530 S. 11th street, ... Claudio Tommasi, profile picture.","page":1,"position":15,"title":"California Casting Inc. - Siaran | Facebook","type":"0","typedescription":"organic","url":"https://ms-my.facebook.com/pages/category/Industrial-Company/CaliforniaCastingInc/posts/","universal_position":8,"md5":"2ab7447d4f450cef846ebcddd2fb2efc"},{"elementAttributes":"{\"class\":\"g Ww4FFb vt6azd tF2Cxc\",\"data-hveid\":\"CHIQAA\",\"data-ved\":\"2ahUKEwiWp7e4x6r6AhVdKkQIHedyABkQFSgAegQIchAA\",\"jsaction\":\"QyLbLe:OMITjf\",\"jscontroller\":\"SC7lYd\",\"lang\":\"en\",\"style\":\"width:600px\"}","description":"TOTAL DOCUMENTS · H-INDEX · Effect of Temperature on Sodium Silicate Bonded Sand and Its Phase Transformations to Cristobalite in Metal Casting Industry · SMEs' ...","page":1,"position":16,"title":"casting industry Latest Research Papers | ScienceGate","type":"0","typedescription":"organic","url":"https://www.sciencegate.app/keyword/853514","universal_position":9,"md5":"a6c7a8e03647b0f85869eadf3e0ef3d0"},{"elementAttributes":"{\"class\":\"g Ww4FFb vt6azd tF2Cxc\",\"data-hveid\":\"CFgQAA\",\"data-ved\":\"2ahUKEwiWp7e4x6r6AhVdKkQIHedyABkQFSgAegQIWBAA\",\"jsaction\":\"QyLbLe:OMITjf\",\"jscontroller\":\"SC7lYd\",\"lang\":\"en\",\"style\":\"width:600px\"}","description":"Request PDF | Mechanical and toxicological evaluation of concrete artifacts containing waste foundry sand | The creation of metal parts via casting uses ...","page":1,"position":17,"title":"Mechanical and toxicological evaluation of concrete artifacts ...","type":"0","typedescription":"organic","url":"https://www.researchgate.net/publication/260366869_Mechanical_and_toxicological_evaluation_of_concrete_artifacts_containing_waste_foundry_sand","universal_position":10,"md5":"54a7a0d744d3b6ef01edf38527b87f11"},{"elementAttributes":"{\"class\":\"g Ww4FFb vt6azd tF2Cxc\",\"data-hveid\":\"CDAQAA\",\"data-ved\":\"2ahUKEwiWp7e4x6r6AhVdKkQIHedyABkQFSgAegQIMBAA\",\"jsaction\":\"QyLbLe:OMITjf\",\"jscontroller\":\"SC7lYd\",\"lang\":\"en\",\"style\":\"width:600px\"}","description":"Sterling Silver Cuttlebone Cast Brooch. Made With Love and Magic. Bone Jewelry, Metal. Sterling Silver Cuttlebone Cast Brooch. Made With Love and Magic.","page":1,"position":18,"title":"cuttlefish bone Archives - Claudio Creations | Casting jewelry, Silver ...","type":"0","typedescription":"organic","url":"https://www.pinterest.com/pin/553590979176477166/","universal_position":11,"md5":"b078bba1b1237bf0bfd1ab57cfc9b3aa"},{"elementAttributes":"{\"class\":\"g Ww4FFb vt6azd tF2Cxc\",\"data-hveid\":\"CDkQAA\",\"data-ved\":\"2ahUKEwiWp7e4x6r6AhVdKkQIHedyABkQFSgAegQIORAA\",\"jsaction\":\"QyLbLe:OMITjf\",\"jscontroller\":\"SC7lYd\",\"lang\":\"en\",\"style\":\"width:600px\"}","description":"An apparatus (1) for casting and forging objects made of brass, bronze, ... Other languages: German: French; Inventor: Claudio Frulla; Current Assignee.","page":1,"position":19,"title":"EP3717144A1 - Method and apparatus for casting and forging ...","type":"0","typedescription":"organic","url":"https://patents.google.com/patent/EP3717144A1/en","universal_position":12,"md5":"b584221b1ee7b99ca2f5c5416bd72995"},{"elementAttributes":"{\"class\":\"g Ww4FFb vt6azd tF2Cxc\",\"data-hveid\":\"CF0QAA\",\"data-ved\":\"2ahUKEwiWp7e4x6r6AhVdKkQIHedyABkQFSgAegQIXRAA\",\"jsaction\":\"QyLbLe:OMITjf\",\"jscontroller\":\"SC7lYd\",\"lang\":\"en\",\"style\":\"width:600px\"}","description":"The bronze metal feet are realized with the ancient sand casting technique that conveys an artistic ... Product Name: Marilou; Designer: Claudio Cappellini ...","page":2,"position":20,"title":"Marilou by HESSENTIA | Cornelio Cappellini | Archello","type":"0","typedescription":"organic","url":"https://archello.com/product/marilou-4","universal_position":13,"md5":"8431c9da62080c37bfd8325549e2d2ef"},{"elementAttributes":"{\"class\":\"g Ww4FFb vt6azd tF2Cxc\",\"data-hveid\":\"CCEQAA\",\"data-ved\":\"2ahUKEwiWp7e4x6r6AhVdKkQIHedyABkQFSgAegQIIRAA\",\"jsaction\":\"QyLbLe:OMITjf\",\"jscontroller\":\"SC7lYd\",\"lang\":\"en\",\"style\":\"width:600px\"}","description":"casting industrial pole in Claudio, Minas ... possible the variation from synthetic sand (black sand ... and the casting in of the metal in molds.","page":2,"position":21,"title":"Ergonomic analysis of workplaces in the iron casting industrial ...","type":"0","typedescription":"organic","url":"https://content.iospress.com/download/work/wor0376?id=work%2Fwor0376","universal_position":14,"md5":"888b78c73cf142b81cd9919c8e43b218"},{"elementAttributes":"{\"class\":\"g Ww4FFb vt6azd tF2Cxc\",\"data-hveid\":\"CFIQAA\",\"data-ved\":\"2ahUKEwiWp7e4x6r6AhVdKkQIHedyABkQFSgAegQIUhAA\",\"jsaction\":\"QyLbLe:OMITjf\",\"jscontroller\":\"SC7lYd\",\"lang\":\"en\",\"style\":\"width:600px\"}","description":"Simulation model of 2-ingate mould and 3-ingate mould of sand casting are ... The first metal casting was done using stone and metal moulds during the ...","page":2,"position":22,"title":"(PDF) Modelling and experimental investigation of solidification ...","type":"0","typedescription":"organic","url":"https://www.academia.edu/es/6168470/Modelling_and_experimental_investigation_of_solidification_process_in_sand_casting","universal_position":15,"md5":"a9c7f09a846aff5db271f3180293d374"},{"elementAttributes":"{\"class\":\"g Ww4FFb vt6azd tF2Cxc\",\"data-hveid\":\"CGEQAA\",\"data-ved\":\"2ahUKEwiWp7e4x6r6AhVdKkQIHedyABkQFSgAegQIYRAA\",\"jsaction\":\"QyLbLe:OMITjf\",\"jscontroller\":\"SC7lYd\",\"lang\":\"zh-CN\",\"style\":\"width:600px\"}","description":"The melted bronze parts of the base are realized with a classic foundry technique, which consists in casting liquid metal into a mold made of special sand, ...","page":2,"position":23,"title":"Spinnaker Tables Collection | HESSENTIA - designverse","type":"0","typedescription":"organic","url":"https://m.designverse.com.cn/content/recommend/article/spinnaker-tables-collection-hessentia-en","universal_position":16,"md5":"7d6767c91f015ebc7391b83a92b5cf9b"},{"elementAttributes":"{\"class\":\"g Ww4FFb vt6azd tF2Cxc\",\"data-hveid\":\"CF8QAA\",\"data-ved\":\"2ahUKEwiWp7e4x6r6AhVdKkQIHedyABkQFSgAegQIXxAA\",\"jsaction\":\"QyLbLe:OMITjf\",\"jscontroller\":\"SC7lYd\",\"lang\":\"ur\",\"style\":\"width:600px\"}","description":"Design of Flowable Fill: Waste Foundry Sand as a Fine Aggregate | Bhat, S.; Lovell, C. | download | BookSC. Download books for free. Find books.","page":2,"position":24,"title":"Design of Flowable Fill: Waste Foundry Sand as a Fine Aggregate ...","type":"0","typedescription":"organic","url":"https://ur.booksc.me/book/22328520/890811","universal_position":17,"md5":"86e5948b66b4ece66a41c0a55cc4e624"},{"snippets":{"missing-keywords":"claudio,"},"elementAttributes":"{\"class\":\"g Ww4FFb vt6azd tF2Cxc\",\"data-hveid\":\"CGoQAA\",\"data-ved\":\"2ahUKEwiWp7e4x6r6AhVdKkQIHedyABkQFSgAegQIahAA\",\"jsaction\":\"QyLbLe:OMITjf\",\"jscontroller\":\"SC7lYd\",\"lang\":\"en\",\"style\":\"width:600px\"}","description":"LB Foundry specializes in bronze sand castings and the many bronze alloy castings such as tin bronze, manganese bronze and white manganese bronze.","page":2,"position":25,"title":"Bronze Sand Castings Foundry - Leitelt Brothers","type":"0","typedescription":"organic","url":"https://www.lbfoundry.com/bronze-sand-casting.html","universal_position":18,"md5":"8636aae2495b1520685f31665b4680f0"},{"elementAttributes":"{\"class\":\"g Ww4FFb vt6azd tF2Cxc\",\"data-hveid\":\"CHAQAA\",\"data-ved\":\"2ahUKEwiWp7e4x6r6AhVdKkQIHedyABkQFSgAegQIcBAA\",\"jsaction\":\"QyLbLe:OMITjf\",\"jscontroller\":\"SC7lYd\",\"lang\":\"en\",\"style\":\"width:600px\"}","description":"Related sponsored items · A. · Claudio Malacarne, Tropea,60x120,Serigraph, Paesaggio,Calabria,Diamond Art · Diana the Huntress 19\" Bronze Statue Signed Beck (Ernst ...","page":2,"position":26,"title":"D'argenta Mexico Silver Giraffe Calf Statue Sculpture Claudio ...","type":"0","typedescription":"organic","url":"https://www.ebay.com/itm/324297892297","universal_position":19,"md5":"e35dafb7fd9ee92bb8bc57db03ba5176"},{"elementAttributes":"{\"class\":\"g Ww4FFb vt6azd tF2Cxc\",\"data-hveid\":\"CDwQAA\",\"data-ved\":\"2ahUKEwiWp7e4x6r6AhVdKkQIHedyABkQFSgAegQIPBAA\",\"jsaction\":\"QyLbLe:OMITjf\",\"jscontroller\":\"SC7lYd\",\"lang\":\"en\",\"style\":\"width:600px\"}","description":"Apart from the ceramics, my work is available in Bronze resin $ 17. ... Ih-oh Fan Art by Claudio Casini Art A sand pit or carpet farm ...","page":2,"position":27,"title":"Resin farm animals. 1. ( 150086 ) 160070 Definitive Angus ...","type":"0","typedescription":"organic","url":"http://mail.watchbazarbd.com/syjrto/resin-farm-animals.html","universal_position":20,"md5":"b342a82d5eeabc258a4a113e759b6da2"},{"snippets":{"missing-keywords":"claudio,"},"elementAttributes":"{\"class\":\"g Ww4FFb vt6azd tF2Cxc\",\"data-hveid\":\"CD0QAA\",\"data-ved\":\"2ahUKEwiWp7e4x6r6AhVdKkQIHedyABkQFSgAegQIPRAA\",\"jsaction\":\"QyLbLe:OMITjf\",\"jscontroller\":\"SC7lYd\",\"lang\":\"en\",\"style\":\"width:600px\"}","description":"Before 1900, American-made bronzes were produced in the French sand-casting method. This method, through which a sculpture is produced using a firm sand mold, ...","page":2,"position":28,"title":"American Bronze Casting | Heilbrunn Timeline of Art History","type":"0","typedescription":"organic","url":"https://www.metmuseum.org/toah/hd/abrc/hd_abrc.htm","universal_position":21,"md5":"d1b72b68054e9e09be6453480fc0586e"},{"snippets":{"how-to":"yes","missing-keywords":"claudio,"},"elementAttributes":"{\"class\":\"g Ww4FFb vt6azd tF2Cxc\",\"data-hveid\":\"CDcQAA\",\"data-ved\":\"2ahUKEwiWp7e4x6r6AhVdKkQIHedyABkQFSgAegQINxAA\",\"jsaction\":\"QyLbLe:OMITjf\",\"jscontroller\":\"SC7lYd\",\"lang\":\"en\",\"style\":\"width:600px\"}","description":"This pattern is made of wax, but patterns are often made of wood. The pattern will later be removed from the mold and bronze will be poured in the cavity ...","page":2,"position":29,"title":"Making a Sand Cast Bronze Sculpture - Instructables","type":"0","typedescription":"organic","url":"https://www.instructables.com/Making-a-sand-cast-bronze-sculpture/","universal_position":22,"md5":"a2ceb883d5ab1181f78d964a64f532ac"},{"snippets":{"missing-keywords":"claudio,"},"elementAttributes":"{\"class\":\"g Ww4FFb vt6azd tF2Cxc\",\"data-hveid\":\"CC0QAA\",\"data-ved\":\"2ahUKEwiWp7e4x6r6AhVdKkQIHedyABkQFSgAegQILRAA\",\"jsaction\":\"QyLbLe:OMITjf\",\"jscontroller\":\"SC7lYd\",\"lang\":\"en\",\"style\":\"width:600px\"}","description":"The pattern is removed, leaving behind a perfect shape in the sand. The mold is filled with molten metal, which is allowed to cool. When the ...","page":3,"position":30,"title":"The Powerful Sand Casting Process | Cast Technologies","type":"0","typedescription":"organic","url":"https://casttechnologies.net/the-sand-casting-process/","universal_position":23,"md5":"a3d0807ef0cabd47b59231567af3ab42"},{"elementAttributes":"{\"data-hveid\":\"CBoQAA\",\"data-ved\":\"2ahUKEwiWp7e4x6r6AhVdKkQIHedyABkQ5wEoAHoECBoQAA\",\"lang\":\"en\"}","description":"He considered sand as iron castings were made, but it would probably be too ... Claudio was quite familiar with the lost-wax method of casting bronze.","page":3,"position":31,"title":"1636: The Barbie Consortium - Google Books Result","type":"0","typedescription":"organic","url":"https://books.google.com/books?id=QHp0CwAAQBAJ&pg=PT349&lpg=PT349&dq=bronze+casting+sand+claudio&source=bl&ots=hTBlujpEBI&sig=ACfU3U2EDxG7g3CnqsKTytJ7eMutv-TCJg&hl=en&sa=X&ved=2ahUKEwiWp7e4x6r6AhVdKkQIHedyABkQ6AF6BAgaEAM","universal_position":24,"md5":"ffebd1bd1841be2fd17c8d655fdffdb8"},{"elementAttributes":"{\"data-hveid\":\"CBsQAA\",\"data-ved\":\"2ahUKEwiWp7e4x6r6AhVdKkQIHedyABkQ5wEoAHoECBsQAA\",\"lang\":\"en\"}","description":"Metal bonding film compositions . and Hannick , John W. , 6,386,110 , Cl ... elements including sand molds and sand cores for metal casting foundry Guaraldi ...","page":3,"position":32,"title":"Official Gazette of the United States Patent and Trademark ...","type":"0","typedescription":"organic","url":"https://books.google.com/books?id=nUF5NnlVQ2wC&pg=PA2723&lpg=PA2723&dq=bronze+casting+sand+claudio&source=bl&ots=ppPuC_sLqi&sig=ACfU3U0irsfLFl1lPmx-KHGIV4b2HYQ9Ug&hl=en&sa=X&ved=2ahUKEwiWp7e4x6r6AhVdKkQIHedyABkQ6AF6BAgbEAM","universal_position":25,"md5":"8f2c415b85578909f66941fd2c86bca8"},{"snippets":{"missing-keywords":"claudio,"},"elementAttributes":"{\"class\":\"g Ww4FFb vt6azd tF2Cxc\",\"data-hveid\":\"CEQQAA\",\"data-ved\":\"2ahUKEwiWp7e4x6r6AhVdKkQIHedyABkQFSgAegQIRBAA\",\"jsaction\":\"QyLbLe:OMITjf\",\"jscontroller\":\"SC7lYd\",\"lang\":\"en\",\"style\":\"width:600px\"}","description":"The process of sand casting begins with an original sculpture by the artist, formed in clay, wax, or plaster. From this original, a plaster model is ...","page":3,"position":33,"title":"Bronze Casting - Rodin Museum","type":"0","typedescription":"organic","url":"https://rodinmuseum.org/collection/bronze-casting","universal_position":26,"md5":"a614a9a1ef4a53c2a4c8ff71e99fb4fc"}],"server_id":53033,"adwords_bottom":[],"depth":5,"adwords_shop":[],"location":"US","rankdata":[{"videochannel":"Claudio Cavazzuti","elementAttributes":"{\"class\":\"pwxRSe\",\"data-index\":\"0\"}","description":"","page":1,"position":1,"title":"Experimental Archaeology: Sand casting of a Bronze Age sword","type":"3","typedescription":"video","url":"https://www.youtube.com/watch?v=lbzSa68T-Ws","universal_position":1,"md5":"6b7974a02d5cc7296d98028922e8201c"},{"videochannel":"Claudio Cavazzuti","elementAttributes":"{\"class\":\"pwxRSe\",\"data-index\":\"1\"}","description":"","page":1,"position":2,"title":"Experimental Archaeology: casting a Bronze Age pin through ...","type":"3","typedescription":"video","url":"https://www.youtube.com/watch?v=Hg2tXsceeaE","universal_position":1,"md5":"a7be2a91223ccd646e6c36032cea6af0"},{"videochannel":"Claudio Cavazzuti","elementAttributes":"{\"class\":\"pwxRSe\",\"data-index\":\"2\"}","description":"","page":1,"position":3,"title":"Experimental Archaeology: casting of a Bronze Age long ...","type":"3","typedescription":"video","url":"https://www.youtube.com/watch?v=09GyxFsnG0M","universal_position":1,"md5":"a94151631f35d02dcbe5e21c0b9ae104"},{"videochannel":"Claudio Cavazzuti","elementAttributes":"{\"class\":\"pwxRSe\",\"data-index\":\"3\"}","description":"","page":1,"position":4,"title":"Experimental Archaeology: casting an Early Bronze Age axe","type":"3","typedescription":"video","url":"https://www.youtube.com/watch?v=lV9E-BAugxk","universal_position":1,"md5":"31e8ce690f103e01b5297da2574d9544"},{"snippets":{"missing-keywords":"claudio,"},"elementAttributes":"{\"data-hveid\":\"CA8QAA\",\"data-ved\":\"2ahUKEwiWp7e4x6r6AhVdKkQIHedyABkQFSgAegQIDxAA\",\"jsaction\":\"QyLbLe:OMITjf\",\"jscontroller\":\"SC7lYd\",\"lang\":\"en\",\"style\":\"width:600px\"}","description":"Two processes are used to switch from plaster to bronze models: lost wax casting and sand casting, which was used in Rodin's time but is very rare today.","page":1,"position":5,"title":"Bronze sand casting | Musée Rodin","type":"0","typedescription":"organic","url":"https://www.musee-rodin.fr/en/resources/techniques/bronze-sand-casting","universal_position":2,"md5":"01b6f710cc54cbe273696d84330a4838"},{"snippets":{"indented":"yes"},"elementAttributes":"{\"class\":\"MYVUIe\"}","description":"Two processes are used to switch from plaster to bronze models: lost wax casting and sand casting, which was used in Rodin's time but is very rare today.","page":1,"position":6,"title":"Lost-wax bronze casting - Musée Rodin","type":"0","typedescription":"organic","url":"https://www.musee-rodin.fr/en/resources/techniques/lost-wax-bronze-casting","universal_position":3,"md5":"2c00514e20e1f688d45ab5789ac89ef4"},{"snippets":{"missing-keywords":"claudio,","image-thumbnails":"single image thumbnails"},"elementAttributes":"{\"class\":\"g Ww4FFb vt6azd tF2Cxc\",\"data-hveid\":\"CA4QAA\",\"data-ved\":\"2ahUKEwiWp7e4x6r6AhVdKkQIHedyABkQFSgAegQIDhAA\",\"jsaction\":\"QyLbLe:OMITjf\",\"jscontroller\":\"SC7lYd\",\"lang\":\"en\",\"style\":\"width:652px\"}","description":"Methods of bronze casting, like lost wax, ceramic shell, and sand casting are used to produce bronze sculptures, instruments, medals, tools, ...","page":1,"position":7,"title":"Process of Casting Bronze [+How To Learn] - The Crucible","type":"0","typedescription":"organic","url":"https://www.thecrucible.org/guides/metalworking/bronze-casting/","universal_position":4,"md5":"5b5d62fcf750c526d1242c153d8ddff4"},{"elementAttributes":"{\"class\":\"eA0Zlc WghbWd JX86yc ivg-i PZPZlf\",\"data-attrid\":\"images universal\",\"data-docid\":\"Rs2z1ObPLiE89M\",\"data-hveid\":\"CCAQAA\",\"data-lpage\":\"https://www.pinterest.com/pin/701365341938978635/\",\"data-ved\":\"2ahUKEwiWp7e4x6r6AhVdKkQIHedyABkQ9AF6BAggEAA\",\"jsaction\":\"rcuQ6b:npT2md;tuz4af:RrAr1;nptbHe:XEuVS;h5M12e\",\"jscontroller\":\"E19wJb\",\"jsdata\":\"XZxcdf;Rs2z1ObPLiE89M;AMwWUI\",\"jsname\":\"dTDiAc\"}","description":"","page":1,"position":8,"title":"","type":"5","typedescription":"image","url":"https://www.pinterest.com/pin/701365341938978635/","universal_position":5,"md5":"5ff83f03c0d22b4decce747e951928c6"},{"elementAttributes":"{\"class\":\"eA0Zlc WghbWd JX86yc ivg-i PZPZlf\",\"data-attrid\":\"images universal\",\"data-docid\":\"CIdjOITBfACSfM\",\"data-hveid\":\"CGAQAA\",\"data-lpage\":\"https://www.thecrucible.org/guides/metalworking/bronze-casting/\",\"data-ved\":\"2ahUKEwiWp7e4x6r6AhVdKkQIHedyABkQ9AF6BAhgEAA\",\"jsaction\":\"rcuQ6b:npT2md;tuz4af:RrAr1;nptbHe:XEuVS;h5M12e\",\"jscontroller\":\"E19wJb\",\"jsdata\":\"XZxcdf;CIdjOITBfACSfM;AMwWWo\",\"jsname\":\"dTDiAc\"}","description":"","page":1,"position":9,"title":"","type":"5","typedescription":"image","url":"https://www.thecrucible.org/guides/metalworking/bronze-casting/","universal_position":5,"md5":"707fb675cf7a07027347eaada85d9fa5"},{"elementAttributes":"{\"class\":\"eA0Zlc WghbWd JX86yc ivg-i PZPZlf\",\"data-attrid\":\"images universal\",\"data-docid\":\"N_EbspjjaIfdJM\",\"data-hveid\":\"CGIQAA\",\"data-lpage\":\"https://www.metmuseum.org/toah/hd/abrc/hd_abrc.htm\",\"data-ved\":\"2ahUKEwiWp7e4x6r6AhVdKkQIHedyABkQ9AF6BAhiEAA\",\"jsaction\":\"rcuQ6b:npT2md;tuz4af:RrAr1;nptbHe:XEuVS;h5M12e\",\"jscontroller\":\"E19wJb\",\"jsdata\":\"XZxcdf;N_EbspjjaIfdJM;AMwWWs\",\"jsname\":\"dTDiAc\"}","description":"","page":1,"position":10,"title":"","type":"5","typedescription":"image","url":"https://www.metmuseum.org/toah/hd/abrc/hd_abrc.htm","universal_position":5,"md5":"da6d341f3f5a963a3fb6f47bb2a6a14b"},{"elementAttributes":"{\"class\":\"eA0Zlc WghbWd JX86yc ivg-i PZPZlf\",\"data-attrid\":\"images universal\",\"data-docid\":\"Gjcz949dxaFiPM\",\"data-hveid\":\"CGQQAA\",\"data-lpage\":\"https://www.modernsculpture.com/bronze-casting-process\",\"data-ved\":\"2ahUKEwiWp7e4x6r6AhVdKkQIHedyABkQ9AF6BAhkEAA\",\"jsaction\":\"rcuQ6b:npT2md;tuz4af:RrAr1;nptbHe:XEuVS;h5M12e\",\"jscontroller\":\"E19wJb\",\"jsdata\":\"XZxcdf;Gjcz949dxaFiPM;AMwWWw\",\"jsname\":\"dTDiAc\"}","description":"","page":1,"position":11,"title":"","type":"5","typedescription":"image","url":"https://www.modernsculpture.com/bronze-casting-process","universal_position":5,"md5":"3c156f8964f2831980f5d79fb99ee32c"},{"elementAttributes":"{\"class\":\"eA0Zlc WghbWd JX86yc ivg-i PZPZlf\",\"data-attrid\":\"images universal\",\"data-docid\":\"d2SJmTZ-qgVjhM\",\"data-hveid\":\"CGcQAA\",\"data-lpage\":\"https://www.modernsculpture.com/bronze-casting-process\",\"data-ved\":\"2ahUKEwiWp7e4x6r6AhVdKkQIHedyABkQ9AF6BAhnEAA\",\"jsaction\":\"rcuQ6b:npT2md;tuz4af:RrAr1;nptbHe:XEuVS;h5M12e\",\"jscontroller\":\"E19wJb\",\"jsdata\":\"XZxcdf;d2SJmTZ-qgVjhM;AMwWW4\",\"jsname\":\"dTDiAc\"}","description":"","page":1,"position":12,"title":"","type":"5","typedescription":"image","url":"https://www.modernsculpture.com/bronze-casting-process","universal_position":5,"md5":"7ce26570f4cf7dbca5d78e7cd17830ea"},{"snippets":{"rating":"4.5","review-stars":"yes"},"elementAttributes":"{\"data-hveid\":\"CEIQAA\",\"data-ved\":\"2ahUKEwiWp7e4x6r6AhVdKkQIHedyABkQFSgAegQIQhAA\",\"jsaction\":\"QyLbLe:OMITjf\",\"jscontroller\":\"SC7lYd\",\"lang\":\"en\",\"style\":\"width:600px\"}","description":"Buy Teton-Black (180 MESH) Foundry Green Sand Olivine Facing Sand for Metal Casting (10LB): Jewelry Casting Supplies - Amazon.com ✓ FREE DELIVERY possible ...","page":1,"position":13,"title":"Teton-Black (180 MESH) Foundry Green Sand Olivine Facing ...","type":"0","typedescription":"organic","url":"https://www.amazon.com/Teton-Black-Foundry-Olivine-Super-Fine-Casting/dp/B07NKJRXL2","universal_position":6,"md5":"33eaa1f316416b3139bf11b1a3553c0a"},{"snippets":{"rating":"4.6","indented":"yes","review-stars":"yes"},"elementAttributes":"{\"class\":\"MYVUIe\"}","description":"Compatible with both Precious and Non-precious Metals: Gold, Silver, Pewter, Aluminum, Zinc, Copper, Brass, Bronze and more! Provides highly detailed castings ...","page":1,"position":14,"title":"5 LB Petrobond Casting Sand Ultra-Fine (140 Mesh) Delft ...","type":"0","typedescription":"organic","url":"https://www.amazon.com/Petrobond-Ultra-Fine-Alternaitve-Replicating-Detailed/dp/B00XRRO982","universal_position":7,"md5":"0d2bf63088acb28779459be4af2a3c6f"},{"elementAttributes":"{\"class\":\"g Ww4FFb vt6azd tF2Cxc\",\"data-hveid\":\"CFEQAA\",\"data-ved\":\"2ahUKEwiWp7e4x6r6AhVdKkQIHedyABkQFSgAegQIURAA\",\"jsaction\":\"QyLbLe:OMITjf\",\"jscontroller\":\"SC7lYd\",\"lang\":\"en\",\"style\":\"width:600px\"}","description":"Family owned foundry specializing in aluminum, bronze, and brass alloy castings, located in... 530 S. 11th street, ... Claudio Tommasi, profile picture.","page":1,"position":15,"title":"California Casting Inc. - Siaran | Facebook","type":"0","typedescription":"organic","url":"https://ms-my.facebook.com/pages/category/Industrial-Company/CaliforniaCastingInc/posts/","universal_position":8,"md5":"2ab7447d4f450cef846ebcddd2fb2efc"},{"elementAttributes":"{\"class\":\"g Ww4FFb vt6azd tF2Cxc\",\"data-hveid\":\"CHIQAA\",\"data-ved\":\"2ahUKEwiWp7e4x6r6AhVdKkQIHedyABkQFSgAegQIchAA\",\"jsaction\":\"QyLbLe:OMITjf\",\"jscontroller\":\"SC7lYd\",\"lang\":\"en\",\"style\":\"width:600px\"}","description":"TOTAL DOCUMENTS · H-INDEX · Effect of Temperature on Sodium Silicate Bonded Sand and Its Phase Transformations to Cristobalite in Metal Casting Industry · SMEs' ...","page":1,"position":16,"title":"casting industry Latest Research Papers | ScienceGate","type":"0","typedescription":"organic","url":"https://www.sciencegate.app/keyword/853514","universal_position":9,"md5":"a6c7a8e03647b0f85869eadf3e0ef3d0"},{"elementAttributes":"{\"class\":\"g Ww4FFb vt6azd tF2Cxc\",\"data-hveid\":\"CFgQAA\",\"data-ved\":\"2ahUKEwiWp7e4x6r6AhVdKkQIHedyABkQFSgAegQIWBAA\",\"jsaction\":\"QyLbLe:OMITjf\",\"jscontroller\":\"SC7lYd\",\"lang\":\"en\",\"style\":\"width:600px\"}","description":"Request PDF | Mechanical and toxicological evaluation of concrete artifacts containing waste foundry sand | The creation of metal parts via casting uses ...","page":1,"position":17,"title":"Mechanical and toxicological evaluation of concrete artifacts ...","type":"0","typedescription":"organic","url":"https://www.researchgate.net/publication/260366869_Mechanical_and_toxicological_evaluation_of_concrete_artifacts_containing_waste_foundry_sand","universal_position":10,"md5":"54a7a0d744d3b6ef01edf38527b87f11"},{"elementAttributes":"{\"class\":\"g Ww4FFb vt6azd tF2Cxc\",\"data-hveid\":\"CDAQAA\",\"data-ved\":\"2ahUKEwiWp7e4x6r6AhVdKkQIHedyABkQFSgAegQIMBAA\",\"jsaction\":\"QyLbLe:OMITjf\",\"jscontroller\":\"SC7lYd\",\"lang\":\"en\",\"style\":\"width:600px\"}","description":"Sterling Silver Cuttlebone Cast Brooch. Made With Love and Magic. Bone Jewelry, Metal. Sterling Silver Cuttlebone Cast Brooch. Made With Love and Magic.","page":1,"position":18,"title":"cuttlefish bone Archives - Claudio Creations | Casting jewelry, Silver ...","type":"0","typedescription":"organic","url":"https://www.pinterest.com/pin/553590979176477166/","universal_position":11,"md5":"b078bba1b1237bf0bfd1ab57cfc9b3aa"},{"elementAttributes":"{\"class\":\"g Ww4FFb vt6azd tF2Cxc\",\"data-hveid\":\"CDkQAA\",\"data-ved\":\"2ahUKEwiWp7e4x6r6AhVdKkQIHedyABkQFSgAegQIORAA\",\"jsaction\":\"QyLbLe:OMITjf\",\"jscontroller\":\"SC7lYd\",\"lang\":\"en\",\"style\":\"width:600px\"}","description":"An apparatus (1) for casting and forging objects made of brass, bronze, ... Other languages: German: French; Inventor: Claudio Frulla; Current Assignee.","page":1,"position":19,"title":"EP3717144A1 - Method and apparatus for casting and forging ...","type":"0","typedescription":"organic","url":"https://patents.google.com/patent/EP3717144A1/en","universal_position":12,"md5":"b584221b1ee7b99ca2f5c5416bd72995"},{"elementAttributes":"{\"class\":\"g Ww4FFb vt6azd tF2Cxc\",\"data-hveid\":\"CF0QAA\",\"data-ved\":\"2ahUKEwiWp7e4x6r6AhVdKkQIHedyABkQFSgAegQIXRAA\",\"jsaction\":\"QyLbLe:OMITjf\",\"jscontroller\":\"SC7lYd\",\"lang\":\"en\",\"style\":\"width:600px\"}","description":"The bronze metal feet are realized with the ancient sand casting technique that conveys an artistic ... Product Name: Marilou; Designer: Claudio Cappellini ...","page":2,"position":20,"title":"Marilou by HESSENTIA | Cornelio Cappellini | Archello","type":"0","typedescription":"organic","url":"https://archello.com/product/marilou-4","universal_position":13,"md5":"8431c9da62080c37bfd8325549e2d2ef"},{"elementAttributes":"{\"class\":\"g Ww4FFb vt6azd tF2Cxc\",\"data-hveid\":\"CCEQAA\",\"data-ved\":\"2ahUKEwiWp7e4x6r6AhVdKkQIHedyABkQFSgAegQIIRAA\",\"jsaction\":\"QyLbLe:OMITjf\",\"jscontroller\":\"SC7lYd\",\"lang\":\"en\",\"style\":\"width:600px\"}","description":"casting industrial pole in Claudio, Minas ... possible the variation from synthetic sand (black sand ... and the casting in of the metal in molds.","page":2,"position":21,"title":"Ergonomic analysis of workplaces in the iron casting industrial ...","type":"0","typedescription":"organic","url":"https://content.iospress.com/download/work/wor0376?id=work%2Fwor0376","universal_position":14,"md5":"888b78c73cf142b81cd9919c8e43b218"},{"elementAttributes":"{\"class\":\"g Ww4FFb vt6azd tF2Cxc\",\"data-hveid\":\"CFIQAA\",\"data-ved\":\"2ahUKEwiWp7e4x6r6AhVdKkQIHedyABkQFSgAegQIUhAA\",\"jsaction\":\"QyLbLe:OMITjf\",\"jscontroller\":\"SC7lYd\",\"lang\":\"en\",\"style\":\"width:600px\"}","description":"Simulation model of 2-ingate mould and 3-ingate mould of sand casting are ... The first metal casting was done using stone and metal moulds during the ...","page":2,"position":22,"title":"(PDF) Modelling and experimental investigation of solidification ...","type":"0","typedescription":"organic","url":"https://www.academia.edu/es/6168470/Modelling_and_experimental_investigation_of_solidification_process_in_sand_casting","universal_position":15,"md5":"a9c7f09a846aff5db271f3180293d374"},{"elementAttributes":"{\"class\":\"g Ww4FFb vt6azd tF2Cxc\",\"data-hveid\":\"CGEQAA\",\"data-ved\":\"2ahUKEwiWp7e4x6r6AhVdKkQIHedyABkQFSgAegQIYRAA\",\"jsaction\":\"QyLbLe:OMITjf\",\"jscontroller\":\"SC7lYd\",\"lang\":\"zh-CN\",\"style\":\"width:600px\"}","description":"The melted bronze parts of the base are realized with a classic foundry technique, which consists in casting liquid metal into a mold made of special sand, ...","page":2,"position":23,"title":"Spinnaker Tables Collection | HESSENTIA - designverse","type":"0","typedescription":"organic","url":"https://m.designverse.com.cn/content/recommend/article/spinnaker-tables-collection-hessentia-en","universal_position":16,"md5":"7d6767c91f015ebc7391b83a92b5cf9b"},{"elementAttributes":"{\"class\":\"g Ww4FFb vt6azd tF2Cxc\",\"data-hveid\":\"CF8QAA\",\"data-ved\":\"2ahUKEwiWp7e4x6r6AhVdKkQIHedyABkQFSgAegQIXxAA\",\"jsaction\":\"QyLbLe:OMITjf\",\"jscontroller\":\"SC7lYd\",\"lang\":\"ur\",\"style\":\"width:600px\"}","description":"Design of Flowable Fill: Waste Foundry Sand as a Fine Aggregate | Bhat, S.; Lovell, C. | download | BookSC. Download books for free. Find books.","page":2,"position":24,"title":"Design of Flowable Fill: Waste Foundry Sand as a Fine Aggregate ...","type":"0","typedescription":"organic","url":"https://ur.booksc.me/book/22328520/890811","universal_position":17,"md5":"86e5948b66b4ece66a41c0a55cc4e624"},{"snippets":{"missing-keywords":"claudio,"},"elementAttributes":"{\"class\":\"g Ww4FFb vt6azd tF2Cxc\",\"data-hveid\":\"CGoQAA\",\"data-ved\":\"2ahUKEwiWp7e4x6r6AhVdKkQIHedyABkQFSgAegQIahAA\",\"jsaction\":\"QyLbLe:OMITjf\",\"jscontroller\":\"SC7lYd\",\"lang\":\"en\",\"style\":\"width:600px\"}","description":"LB Foundry specializes in bronze sand castings and the many bronze alloy castings such as tin bronze, manganese bronze and white manganese bronze.","page":2,"position":25,"title":"Bronze Sand Castings Foundry - Leitelt Brothers","type":"0","typedescription":"organic","url":"https://www.lbfoundry.com/bronze-sand-casting.html","universal_position":18,"md5":"8636aae2495b1520685f31665b4680f0"},{"elementAttributes":"{\"class\":\"g Ww4FFb vt6azd tF2Cxc\",\"data-hveid\":\"CHAQAA\",\"data-ved\":\"2ahUKEwiWp7e4x6r6AhVdKkQIHedyABkQFSgAegQIcBAA\",\"jsaction\":\"QyLbLe:OMITjf\",\"jscontroller\":\"SC7lYd\",\"lang\":\"en\",\"style\":\"width:600px\"}","description":"Related sponsored items · A. · Claudio Malacarne, Tropea,60x120,Serigraph, Paesaggio,Calabria,Diamond Art · Diana the Huntress 19\" Bronze Statue Signed Beck (Ernst ...","page":2,"position":26,"title":"D'argenta Mexico Silver Giraffe Calf Statue Sculpture Claudio ...","type":"0","typedescription":"organic","url":"https://www.ebay.com/itm/324297892297","universal_position":19,"md5":"e35dafb7fd9ee92bb8bc57db03ba5176"},{"elementAttributes":"{\"class\":\"g Ww4FFb vt6azd tF2Cxc\",\"data-hveid\":\"CDwQAA\",\"data-ved\":\"2ahUKEwiWp7e4x6r6AhVdKkQIHedyABkQFSgAegQIPBAA\",\"jsaction\":\"QyLbLe:OMITjf\",\"jscontroller\":\"SC7lYd\",\"lang\":\"en\",\"style\":\"width:600px\"}","description":"Apart from the ceramics, my work is available in Bronze resin $ 17. ... Ih-oh Fan Art by Claudio Casini Art A sand pit or carpet farm ...","page":2,"position":27,"title":"Resin farm animals. 1. ( 150086 ) 160070 Definitive Angus ...","type":"0","typedescription":"organic","url":"http://mail.watchbazarbd.com/syjrto/resin-farm-animals.html","universal_position":20,"md5":"b342a82d5eeabc258a4a113e759b6da2"},{"snippets":{"missing-keywords":"claudio,"},"elementAttributes":"{\"class\":\"g Ww4FFb vt6azd tF2Cxc\",\"data-hveid\":\"CD0QAA\",\"data-ved\":\"2ahUKEwiWp7e4x6r6AhVdKkQIHedyABkQFSgAegQIPRAA\",\"jsaction\":\"QyLbLe:OMITjf\",\"jscontroller\":\"SC7lYd\",\"lang\":\"en\",\"style\":\"width:600px\"}","description":"Before 1900, American-made bronzes were produced in the French sand-casting method. This method, through which a sculpture is produced using a firm sand mold, ...","page":2,"position":28,"title":"American Bronze Casting | Heilbrunn Timeline of Art History","type":"0","typedescription":"organic","url":"https://www.metmuseum.org/toah/hd/abrc/hd_abrc.htm","universal_position":21,"md5":"d1b72b68054e9e09be6453480fc0586e"},{"snippets":{"how-to":"yes","missing-keywords":"claudio,"},"elementAttributes":"{\"class\":\"g Ww4FFb vt6azd tF2Cxc\",\"data-hveid\":\"CDcQAA\",\"data-ved\":\"2ahUKEwiWp7e4x6r6AhVdKkQIHedyABkQFSgAegQINxAA\",\"jsaction\":\"QyLbLe:OMITjf\",\"jscontroller\":\"SC7lYd\",\"lang\":\"en\",\"style\":\"width:600px\"}","description":"This pattern is made of wax, but patterns are often made of wood. The pattern will later be removed from the mold and bronze will be poured in the cavity ...","page":2,"position":29,"title":"Making a Sand Cast Bronze Sculpture - Instructables","type":"0","typedescription":"organic","url":"https://www.instructables.com/Making-a-sand-cast-bronze-sculpture/","universal_position":22,"md5":"a2ceb883d5ab1181f78d964a64f532ac"},{"snippets":{"missing-keywords":"claudio,"},"elementAttributes":"{\"class\":\"g Ww4FFb vt6azd tF2Cxc\",\"data-hveid\":\"CC0QAA\",\"data-ved\":\"2ahUKEwiWp7e4x6r6AhVdKkQIHedyABkQFSgAegQILRAA\",\"jsaction\":\"QyLbLe:OMITjf\",\"jscontroller\":\"SC7lYd\",\"lang\":\"en\",\"style\":\"width:600px\"}","description":"The pattern is removed, leaving behind a perfect shape in the sand. The mold is filled with molten metal, which is allowed to cool. When the ...","page":3,"position":30,"title":"The Powerful Sand Casting Process | Cast Technologies","type":"0","typedescription":"organic","url":"https://casttechnologies.net/the-sand-casting-process/","universal_position":23,"md5":"a3d0807ef0cabd47b59231567af3ab42"},{"elementAttributes":"{\"data-hveid\":\"CBoQAA\",\"data-ved\":\"2ahUKEwiWp7e4x6r6AhVdKkQIHedyABkQ5wEoAHoECBoQAA\",\"lang\":\"en\"}","description":"He considered sand as iron castings were made, but it would probably be too ... Claudio was quite familiar with the lost-wax method of casting bronze.","page":3,"position":31,"title":"1636: The Barbie Consortium - Google Books Result","type":"0","typedescription":"organic","url":"https://books.google.com/books?id=QHp0CwAAQBAJ&pg=PT349&lpg=PT349&dq=bronze+casting+sand+claudio&source=bl&ots=hTBlujpEBI&sig=ACfU3U2EDxG7g3CnqsKTytJ7eMutv-TCJg&hl=en&sa=X&ved=2ahUKEwiWp7e4x6r6AhVdKkQIHedyABkQ6AF6BAgaEAM","universal_position":24,"md5":"ffebd1bd1841be2fd17c8d655fdffdb8"},{"elementAttributes":"{\"data-hveid\":\"CBsQAA\",\"data-ved\":\"2ahUKEwiWp7e4x6r6AhVdKkQIHedyABkQ5wEoAHoECBsQAA\",\"lang\":\"en\"}","description":"Metal bonding film compositions . and Hannick , John W. , 6,386,110 , Cl ... elements including sand molds and sand cores for metal casting foundry Guaraldi ...","page":3,"position":32,"title":"Official Gazette of the United States Patent and Trademark ...","type":"0","typedescription":"organic","url":"https://books.google.com/books?id=nUF5NnlVQ2wC&pg=PA2723&lpg=PA2723&dq=bronze+casting+sand+claudio&source=bl&ots=ppPuC_sLqi&sig=ACfU3U0irsfLFl1lPmx-KHGIV4b2HYQ9Ug&hl=en&sa=X&ved=2ahUKEwiWp7e4x6r6AhVdKkQIHedyABkQ6AF6BAgbEAM","universal_position":25,"md5":"8f2c415b85578909f66941fd2c86bca8"},{"snippets":{"missing-keywords":"claudio,"},"elementAttributes":"{\"class\":\"g Ww4FFb vt6azd tF2Cxc\",\"data-hveid\":\"CEQQAA\",\"data-ved\":\"2ahUKEwiWp7e4x6r6AhVdKkQIHedyABkQFSgAegQIRBAA\",\"jsaction\":\"QyLbLe:OMITjf\",\"jscontroller\":\"SC7lYd\",\"lang\":\"en\",\"style\":\"width:600px\"}","description":"The process of sand casting begins with an original sculpture by the artist, formed in clay, wax, or plaster. From this original, a plaster model is ...","page":3,"position":33,"title":"Bronze Casting - Rodin Museum","type":"0","typedescription":"organic","url":"https://rodinmuseum.org/collection/bronze-casting","universal_position":26,"md5":"a614a9a1ef4a53c2a4c8ff71e99fb4fc"}],"keyword":"bronze casting sand claudio"},"adwords_shop":[],"location":"US","rankdata":[{"videochannel":"Claudio Cavazzuti","elementAttributes":"{\"class\":\"pwxRSe\",\"data-index\":\"0\"}","description":"","page":1,"position":1,"title":"Experimental Archaeology: Sand casting of a Bronze Age sword","type":"3","typedescription":"video","url":"https://www.youtube.com/watch?v=lbzSa68T-Ws","universal_position":1,"md5":"6b7974a02d5cc7296d98028922e8201c"},{"videochannel":"Claudio Cavazzuti","elementAttributes":"{\"class\":\"pwxRSe\",\"data-index\":\"1\"}","description":"","page":1,"position":2,"title":"Experimental Archaeology: casting a Bronze Age pin through ...","type":"3","typedescription":"video","url":"https://www.youtube.com/watch?v=Hg2tXsceeaE","universal_position":1,"md5":"a7be2a91223ccd646e6c36032cea6af0"},{"videochannel":"Claudio Cavazzuti","elementAttributes":"{\"class\":\"pwxRSe\",\"data-index\":\"2\"}","description":"","page":1,"position":3,"title":"Experimental Archaeology: casting of a Bronze Age long ...","type":"3","typedescription":"video","url":"https://www.youtube.com/watch?v=09GyxFsnG0M","universal_position":1,"md5":"a94151631f35d02dcbe5e21c0b9ae104"},{"videochannel":"Claudio Cavazzuti","elementAttributes":"{\"class\":\"pwxRSe\",\"data-index\":\"3\"}","description":"","page":1,"position":4,"title":"Experimental Archaeology: casting an Early Bronze Age axe","type":"3","typedescription":"video","url":"https://www.youtube.com/watch?v=lV9E-BAugxk","universal_position":1,"md5":"31e8ce690f103e01b5297da2574d9544"},{"snippets":{"missing-keywords":"claudio,"},"elementAttributes":"{\"data-hveid\":\"CA8QAA\",\"data-ved\":\"2ahUKEwiWp7e4x6r6AhVdKkQIHedyABkQFSgAegQIDxAA\",\"jsaction\":\"QyLbLe:OMITjf\",\"jscontroller\":\"SC7lYd\",\"lang\":\"en\",\"style\":\"width:600px\"}","description":"Two processes are used to switch from plaster to bronze models: lost wax casting and sand casting, which was used in Rodin's time but is very rare today.","page":1,"position":5,"title":"Bronze sand casting | Musée Rodin","type":"0","typedescription":"organic","url":"https://www.musee-rodin.fr/en/resources/techniques/bronze-sand-casting","universal_position":2,"md5":"01b6f710cc54cbe273696d84330a4838"},{"snippets":{"indented":"yes"},"elementAttributes":"{\"class\":\"MYVUIe\"}","description":"Two processes are used to switch from plaster to bronze models: lost wax casting and sand casting, which was used in Rodin's time but is very rare today.","page":1,"position":6,"title":"Lost-wax bronze casting - Musée Rodin","type":"0","typedescription":"organic","url":"https://www.musee-rodin.fr/en/resources/techniques/lost-wax-bronze-casting","universal_position":3,"md5":"2c00514e20e1f688d45ab5789ac89ef4"},{"snippets":{"missing-keywords":"claudio,","image-thumbnails":"single image thumbnails"},"elementAttributes":"{\"class\":\"g Ww4FFb vt6azd tF2Cxc\",\"data-hveid\":\"CA4QAA\",\"data-ved\":\"2ahUKEwiWp7e4x6r6AhVdKkQIHedyABkQFSgAegQIDhAA\",\"jsaction\":\"QyLbLe:OMITjf\",\"jscontroller\":\"SC7lYd\",\"lang\":\"en\",\"style\":\"width:652px\"}","description":"Methods of bronze casting, like lost wax, ceramic shell, and sand casting are used to produce bronze sculptures, instruments, medals, tools, ...","page":1,"position":7,"title":"Process of Casting Bronze [+How To Learn] - The Crucible","type":"0","typedescription":"organic","url":"https://www.thecrucible.org/guides/metalworking/bronze-casting/","universal_position":4,"md5":"5b5d62fcf750c526d1242c153d8ddff4"},{"elementAttributes":"{\"class\":\"eA0Zlc WghbWd JX86yc ivg-i PZPZlf\",\"data-attrid\":\"images universal\",\"data-docid\":\"Rs2z1ObPLiE89M\",\"data-hveid\":\"CCAQAA\",\"data-lpage\":\"https://www.pinterest.com/pin/701365341938978635/\",\"data-ved\":\"2ahUKEwiWp7e4x6r6AhVdKkQIHedyABkQ9AF6BAggEAA\",\"jsaction\":\"rcuQ6b:npT2md;tuz4af:RrAr1;nptbHe:XEuVS;h5M12e\",\"jscontroller\":\"E19wJb\",\"jsdata\":\"XZxcdf;Rs2z1ObPLiE89M;AMwWUI\",\"jsname\":\"dTDiAc\"}","description":"","page":1,"position":8,"title":"","type":"5","typedescription":"image","url":"https://www.pinterest.com/pin/701365341938978635/","universal_position":5,"md5":"5ff83f03c0d22b4decce747e951928c6"},{"elementAttributes":"{\"class\":\"eA0Zlc WghbWd JX86yc ivg-i PZPZlf\",\"data-attrid\":\"images universal\",\"data-docid\":\"CIdjOITBfACSfM\",\"data-hveid\":\"CGAQAA\",\"data-lpage\":\"https://www.thecrucible.org/guides/metalworking/bronze-casting/\",\"data-ved\":\"2ahUKEwiWp7e4x6r6AhVdKkQIHedyABkQ9AF6BAhgEAA\",\"jsaction\":\"rcuQ6b:npT2md;tuz4af:RrAr1;nptbHe:XEuVS;h5M12e\",\"jscontroller\":\"E19wJb\",\"jsdata\":\"XZxcdf;CIdjOITBfACSfM;AMwWWo\",\"jsname\":\"dTDiAc\"}","description":"","page":1,"position":9,"title":"","type":"5","typedescription":"image","url":"https://www.thecrucible.org/guides/metalworking/bronze-casting/","universal_position":5,"md5":"707fb675cf7a07027347eaada85d9fa5"},{"elementAttributes":"{\"class\":\"eA0Zlc WghbWd JX86yc ivg-i PZPZlf\",\"data-attrid\":\"images universal\",\"data-docid\":\"N_EbspjjaIfdJM\",\"data-hveid\":\"CGIQAA\",\"data-lpage\":\"https://www.metmuseum.org/toah/hd/abrc/hd_abrc.htm\",\"data-ved\":\"2ahUKEwiWp7e4x6r6AhVdKkQIHedyABkQ9AF6BAhiEAA\",\"jsaction\":\"rcuQ6b:npT2md;tuz4af:RrAr1;nptbHe:XEuVS;h5M12e\",\"jscontroller\":\"E19wJb\",\"jsdata\":\"XZxcdf;N_EbspjjaIfdJM;AMwWWs\",\"jsname\":\"dTDiAc\"}","description":"","page":1,"position":10,"title":"","type":"5","typedescription":"image","url":"https://www.metmuseum.org/toah/hd/abrc/hd_abrc.htm","universal_position":5,"md5":"da6d341f3f5a963a3fb6f47bb2a6a14b"},{"elementAttributes":"{\"class\":\"eA0Zlc WghbWd JX86yc ivg-i PZPZlf\",\"data-attrid\":\"images universal\",\"data-docid\":\"Gjcz949dxaFiPM\",\"data-hveid\":\"CGQQAA\",\"data-lpage\":\"https://www.modernsculpture.com/bronze-casting-process\",\"data-ved\":\"2ahUKEwiWp7e4x6r6AhVdKkQIHedyABkQ9AF6BAhkEAA\",\"jsaction\":\"rcuQ6b:npT2md;tuz4af:RrAr1;nptbHe:XEuVS;h5M12e\",\"jscontroller\":\"E19wJb\",\"jsdata\":\"XZxcdf;Gjcz949dxaFiPM;AMwWWw\",\"jsname\":\"dTDiAc\"}","description":"","page":1,"position":11,"title":"","type":"5","typedescription":"image","url":"https://www.modernsculpture.com/bronze-casting-process","universal_position":5,"md5":"3c156f8964f2831980f5d79fb99ee32c"},{"elementAttributes":"{\"class\":\"eA0Zlc WghbWd JX86yc ivg-i PZPZlf\",\"data-attrid\":\"images universal\",\"data-docid\":\"d2SJmTZ-qgVjhM\",\"data-hveid\":\"CGcQAA\",\"data-lpage\":\"https://www.modernsculpture.com/bronze-casting-process\",\"data-ved\":\"2ahUKEwiWp7e4x6r6AhVdKkQIHedyABkQ9AF6BAhnEAA\",\"jsaction\":\"rcuQ6b:npT2md;tuz4af:RrAr1;nptbHe:XEuVS;h5M12e\",\"jscontroller\":\"E19wJb\",\"jsdata\":\"XZxcdf;d2SJmTZ-qgVjhM;AMwWW4\",\"jsname\":\"dTDiAc\"}","description":"","page":1,"position":12,"title":"","type":"5","typedescription":"image","url":"https://www.modernsculpture.com/bronze-casting-process","universal_position":5,"md5":"7ce26570f4cf7dbca5d78e7cd17830ea"},{"snippets":{"rating":"4.5","review-stars":"yes"},"elementAttributes":"{\"data-hveid\":\"CEIQAA\",\"data-ved\":\"2ahUKEwiWp7e4x6r6AhVdKkQIHedyABkQFSgAegQIQhAA\",\"jsaction\":\"QyLbLe:OMITjf\",\"jscontroller\":\"SC7lYd\",\"lang\":\"en\",\"style\":\"width:600px\"}","description":"Buy Teton-Black (180 MESH) Foundry Green Sand Olivine Facing Sand for Metal Casting (10LB): Jewelry Casting Supplies - Amazon.com ✓ FREE DELIVERY possible ...","page":1,"position":13,"title":"Teton-Black (180 MESH) Foundry Green Sand Olivine Facing ...","type":"0","typedescription":"organic","url":"https://www.amazon.com/Teton-Black-Foundry-Olivine-Super-Fine-Casting/dp/B07NKJRXL2","universal_position":6,"md5":"33eaa1f316416b3139bf11b1a3553c0a"},{"snippets":{"rating":"4.6","indented":"yes","review-stars":"yes"},"elementAttributes":"{\"class\":\"MYVUIe\"}","description":"Compatible with both Precious and Non-precious Metals: Gold, Silver, Pewter, Aluminum, Zinc, Copper, Brass, Bronze and more! Provides highly detailed castings ...","page":1,"position":14,"title":"5 LB Petrobond Casting Sand Ultra-Fine (140 Mesh) Delft ...","type":"0","typedescription":"organic","url":"https://www.amazon.com/Petrobond-Ultra-Fine-Alternaitve-Replicating-Detailed/dp/B00XRRO982","universal_position":7,"md5":"0d2bf63088acb28779459be4af2a3c6f"},{"elementAttributes":"{\"class\":\"g Ww4FFb vt6azd tF2Cxc\",\"data-hveid\":\"CFEQAA\",\"data-ved\":\"2ahUKEwiWp7e4x6r6AhVdKkQIHedyABkQFSgAegQIURAA\",\"jsaction\":\"QyLbLe:OMITjf\",\"jscontroller\":\"SC7lYd\",\"lang\":\"en\",\"style\":\"width:600px\"}","description":"Family owned foundry specializing in aluminum, bronze, and brass alloy castings, located in... 530 S. 11th street, ... Claudio Tommasi, profile picture.","page":1,"position":15,"title":"California Casting Inc. - Siaran | Facebook","type":"0","typedescription":"organic","url":"https://ms-my.facebook.com/pages/category/Industrial-Company/CaliforniaCastingInc/posts/","universal_position":8,"md5":"2ab7447d4f450cef846ebcddd2fb2efc"},{"elementAttributes":"{\"class\":\"g Ww4FFb vt6azd tF2Cxc\",\"data-hveid\":\"CHIQAA\",\"data-ved\":\"2ahUKEwiWp7e4x6r6AhVdKkQIHedyABkQFSgAegQIchAA\",\"jsaction\":\"QyLbLe:OMITjf\",\"jscontroller\":\"SC7lYd\",\"lang\":\"en\",\"style\":\"width:600px\"}","description":"TOTAL DOCUMENTS · H-INDEX · Effect of Temperature on Sodium Silicate Bonded Sand and Its Phase Transformations to Cristobalite in Metal Casting Industry · SMEs' ...","page":1,"position":16,"title":"casting industry Latest Research Papers | ScienceGate","type":"0","typedescription":"organic","url":"https://www.sciencegate.app/keyword/853514","universal_position":9,"md5":"a6c7a8e03647b0f85869eadf3e0ef3d0"},{"elementAttributes":"{\"class\":\"g Ww4FFb vt6azd tF2Cxc\",\"data-hveid\":\"CFgQAA\",\"data-ved\":\"2ahUKEwiWp7e4x6r6AhVdKkQIHedyABkQFSgAegQIWBAA\",\"jsaction\":\"QyLbLe:OMITjf\",\"jscontroller\":\"SC7lYd\",\"lang\":\"en\",\"style\":\"width:600px\"}","description":"Request PDF | Mechanical and toxicological evaluation of concrete artifacts containing waste foundry sand | The creation of metal parts via casting uses ...","page":1,"position":17,"title":"Mechanical and toxicological evaluation of concrete artifacts ...","type":"0","typedescription":"organic","url":"https://www.researchgate.net/publication/260366869_Mechanical_and_toxicological_evaluation_of_concrete_artifacts_containing_waste_foundry_sand","universal_position":10,"md5":"54a7a0d744d3b6ef01edf38527b87f11"},{"elementAttributes":"{\"class\":\"g Ww4FFb vt6azd tF2Cxc\",\"data-hveid\":\"CDAQAA\",\"data-ved\":\"2ahUKEwiWp7e4x6r6AhVdKkQIHedyABkQFSgAegQIMBAA\",\"jsaction\":\"QyLbLe:OMITjf\",\"jscontroller\":\"SC7lYd\",\"lang\":\"en\",\"style\":\"width:600px\"}","description":"Sterling Silver Cuttlebone Cast Brooch. Made With Love and Magic. Bone Jewelry, Metal. Sterling Silver Cuttlebone Cast Brooch. Made With Love and Magic.","page":1,"position":18,"title":"cuttlefish bone Archives - Claudio Creations | Casting jewelry, Silver ...","type":"0","typedescription":"organic","url":"https://www.pinterest.com/pin/553590979176477166/","universal_position":11,"md5":"b078bba1b1237bf0bfd1ab57cfc9b3aa"},{"elementAttributes":"{\"class\":\"g Ww4FFb vt6azd tF2Cxc\",\"data-hveid\":\"CDkQAA\",\"data-ved\":\"2ahUKEwiWp7e4x6r6AhVdKkQIHedyABkQFSgAegQIORAA\",\"jsaction\":\"QyLbLe:OMITjf\",\"jscontroller\":\"SC7lYd\",\"lang\":\"en\",\"style\":\"width:600px\"}","description":"An apparatus (1) for casting and forging objects made of brass, bronze, ... Other languages: German: French; Inventor: Claudio Frulla; Current Assignee.","page":1,"position":19,"title":"EP3717144A1 - Method and apparatus for casting and forging ...","type":"0","typedescription":"organic","url":"https://patents.google.com/patent/EP3717144A1/en","universal_position":12,"md5":"b584221b1ee7b99ca2f5c5416bd72995"},{"elementAttributes":"{\"class\":\"g Ww4FFb vt6azd tF2Cxc\",\"data-hveid\":\"CF0QAA\",\"data-ved\":\"2ahUKEwiWp7e4x6r6AhVdKkQIHedyABkQFSgAegQIXRAA\",\"jsaction\":\"QyLbLe:OMITjf\",\"jscontroller\":\"SC7lYd\",\"lang\":\"en\",\"style\":\"width:600px\"}","description":"The bronze metal feet are realized with the ancient sand casting technique that conveys an artistic ... Product Name: Marilou; Designer: Claudio Cappellini ...","page":2,"position":20,"title":"Marilou by HESSENTIA | Cornelio Cappellini | Archello","type":"0","typedescription":"organic","url":"https://archello.com/product/marilou-4","universal_position":13,"md5":"8431c9da62080c37bfd8325549e2d2ef"},{"elementAttributes":"{\"class\":\"g Ww4FFb vt6azd tF2Cxc\",\"data-hveid\":\"CCEQAA\",\"data-ved\":\"2ahUKEwiWp7e4x6r6AhVdKkQIHedyABkQFSgAegQIIRAA\",\"jsaction\":\"QyLbLe:OMITjf\",\"jscontroller\":\"SC7lYd\",\"lang\":\"en\",\"style\":\"width:600px\"}","description":"casting industrial pole in Claudio, Minas ... possible the variation from synthetic sand (black sand ... and the casting in of the metal in molds.","page":2,"position":21,"title":"Ergonomic analysis of workplaces in the iron casting industrial ...","type":"0","typedescription":"organic","url":"https://content.iospress.com/download/work/wor0376?id=work%2Fwor0376","universal_position":14,"md5":"888b78c73cf142b81cd9919c8e43b218"},{"elementAttributes":"{\"class\":\"g Ww4FFb vt6azd tF2Cxc\",\"data-hveid\":\"CFIQAA\",\"data-ved\":\"2ahUKEwiWp7e4x6r6AhVdKkQIHedyABkQFSgAegQIUhAA\",\"jsaction\":\"QyLbLe:OMITjf\",\"jscontroller\":\"SC7lYd\",\"lang\":\"en\",\"style\":\"width:600px\"}","description":"Simulation model of 2-ingate mould and 3-ingate mould of sand casting are ... The first metal casting was done using stone and metal moulds during the ...","page":2,"position":22,"title":"(PDF) Modelling and experimental investigation of solidification ...","type":"0","typedescription":"organic","url":"https://www.academia.edu/es/6168470/Modelling_and_experimental_investigation_of_solidification_process_in_sand_casting","universal_position":15,"md5":"a9c7f09a846aff5db271f3180293d374"},{"elementAttributes":"{\"class\":\"g Ww4FFb vt6azd tF2Cxc\",\"data-hveid\":\"CGEQAA\",\"data-ved\":\"2ahUKEwiWp7e4x6r6AhVdKkQIHedyABkQFSgAegQIYRAA\",\"jsaction\":\"QyLbLe:OMITjf\",\"jscontroller\":\"SC7lYd\",\"lang\":\"zh-CN\",\"style\":\"width:600px\"}","description":"The melted bronze parts of the base are realized with a classic foundry technique, which consists in casting liquid metal into a mold made of special sand, ...","page":2,"position":23,"title":"Spinnaker Tables Collection | HESSENTIA - designverse","type":"0","typedescription":"organic","url":"https://m.designverse.com.cn/content/recommend/article/spinnaker-tables-collection-hessentia-en","universal_position":16,"md5":"7d6767c91f015ebc7391b83a92b5cf9b"},{"elementAttributes":"{\"class\":\"g Ww4FFb vt6azd tF2Cxc\",\"data-hveid\":\"CF8QAA\",\"data-ved\":\"2ahUKEwiWp7e4x6r6AhVdKkQIHedyABkQFSgAegQIXxAA\",\"jsaction\":\"QyLbLe:OMITjf\",\"jscontroller\":\"SC7lYd\",\"lang\":\"ur\",\"style\":\"width:600px\"}","description":"Design of Flowable Fill: Waste Foundry Sand as a Fine Aggregate | Bhat, S.; Lovell, C. | download | BookSC. Download books for free. Find books.","page":2,"position":24,"title":"Design of Flowable Fill: Waste Foundry Sand as a Fine Aggregate ...","type":"0","typedescription":"organic","url":"https://ur.booksc.me/book/22328520/890811","universal_position":17,"md5":"86e5948b66b4ece66a41c0a55cc4e624"},{"snippets":{"missing-keywords":"claudio,"},"elementAttributes":"{\"class\":\"g Ww4FFb vt6azd tF2Cxc\",\"data-hveid\":\"CGoQAA\",\"data-ved\":\"2ahUKEwiWp7e4x6r6AhVdKkQIHedyABkQFSgAegQIahAA\",\"jsaction\":\"QyLbLe:OMITjf\",\"jscontroller\":\"SC7lYd\",\"lang\":\"en\",\"style\":\"width:600px\"}","description":"LB Foundry specializes in bronze sand castings and the many bronze alloy castings such as tin bronze, manganese bronze and white manganese bronze.","page":2,"position":25,"title":"Bronze Sand Castings Foundry - Leitelt Brothers","type":"0","typedescription":"organic","url":"https://www.lbfoundry.com/bronze-sand-casting.html","universal_position":18,"md5":"8636aae2495b1520685f31665b4680f0"},{"elementAttributes":"{\"class\":\"g Ww4FFb vt6azd tF2Cxc\",\"data-hveid\":\"CHAQAA\",\"data-ved\":\"2ahUKEwiWp7e4x6r6AhVdKkQIHedyABkQFSgAegQIcBAA\",\"jsaction\":\"QyLbLe:OMITjf\",\"jscontroller\":\"SC7lYd\",\"lang\":\"en\",\"style\":\"width:600px\"}","description":"Related sponsored items · A. · Claudio Malacarne, Tropea,60x120,Serigraph, Paesaggio,Calabria,Diamond Art · Diana the Huntress 19\" Bronze Statue Signed Beck (Ernst ...","page":2,"position":26,"title":"D'argenta Mexico Silver Giraffe Calf Statue Sculpture Claudio ...","type":"0","typedescription":"organic","url":"https://www.ebay.com/itm/324297892297","universal_position":19,"md5":"e35dafb7fd9ee92bb8bc57db03ba5176"},{"elementAttributes":"{\"class\":\"g Ww4FFb vt6azd tF2Cxc\",\"data-hveid\":\"CDwQAA\",\"data-ved\":\"2ahUKEwiWp7e4x6r6AhVdKkQIHedyABkQFSgAegQIPBAA\",\"jsaction\":\"QyLbLe:OMITjf\",\"jscontroller\":\"SC7lYd\",\"lang\":\"en\",\"style\":\"width:600px\"}","description":"Apart from the ceramics, my work is available in Bronze resin $ 17. ... Ih-oh Fan Art by Claudio Casini Art A sand pit or carpet farm ...","page":2,"position":27,"title":"Resin farm animals. 1. ( 150086 ) 160070 Definitive Angus ...","type":"0","typedescription":"organic","url":"http://mail.watchbazarbd.com/syjrto/resin-farm-animals.html","universal_position":20,"md5":"b342a82d5eeabc258a4a113e759b6da2"},{"snippets":{"missing-keywords":"claudio,"},"elementAttributes":"{\"class\":\"g Ww4FFb vt6azd tF2Cxc\",\"data-hveid\":\"CD0QAA\",\"data-ved\":\"2ahUKEwiWp7e4x6r6AhVdKkQIHedyABkQFSgAegQIPRAA\",\"jsaction\":\"QyLbLe:OMITjf\",\"jscontroller\":\"SC7lYd\",\"lang\":\"en\",\"style\":\"width:600px\"}","description":"Before 1900, American-made bronzes were produced in the French sand-casting method. This method, through which a sculpture is produced using a firm sand mold, ...","page":2,"position":28,"title":"American Bronze Casting | Heilbrunn Timeline of Art History","type":"0","typedescription":"organic","url":"https://www.metmuseum.org/toah/hd/abrc/hd_abrc.htm","universal_position":21,"md5":"d1b72b68054e9e09be6453480fc0586e"},{"snippets":{"how-to":"yes","missing-keywords":"claudio,"},"elementAttributes":"{\"class\":\"g Ww4FFb vt6azd tF2Cxc\",\"data-hveid\":\"CDcQAA\",\"data-ved\":\"2ahUKEwiWp7e4x6r6AhVdKkQIHedyABkQFSgAegQINxAA\",\"jsaction\":\"QyLbLe:OMITjf\",\"jscontroller\":\"SC7lYd\",\"lang\":\"en\",\"style\":\"width:600px\"}","description":"This pattern is made of wax, but patterns are often made of wood. The pattern will later be removed from the mold and bronze will be poured in the cavity ...","page":2,"position":29,"title":"Making a Sand Cast Bronze Sculpture - Instructables","type":"0","typedescription":"organic","url":"https://www.instructables.com/Making-a-sand-cast-bronze-sculpture/","universal_position":22,"md5":"a2ceb883d5ab1181f78d964a64f532ac"},{"snippets":{"missing-keywords":"claudio,"},"elementAttributes":"{\"class\":\"g Ww4FFb vt6azd tF2Cxc\",\"data-hveid\":\"CC0QAA\",\"data-ved\":\"2ahUKEwiWp7e4x6r6AhVdKkQIHedyABkQFSgAegQILRAA\",\"jsaction\":\"QyLbLe:OMITjf\",\"jscontroller\":\"SC7lYd\",\"lang\":\"en\",\"style\":\"width:600px\"}","description":"The pattern is removed, leaving behind a perfect shape in the sand. The mold is filled with molten metal, which is allowed to cool. When the ...","page":3,"position":30,"title":"The Powerful Sand Casting Process | Cast Technologies","type":"0","typedescription":"organic","url":"https://casttechnologies.net/the-sand-casting-process/","universal_position":23,"md5":"a3d0807ef0cabd47b59231567af3ab42"},{"elementAttributes":"{\"data-hveid\":\"CBoQAA\",\"data-ved\":\"2ahUKEwiWp7e4x6r6AhVdKkQIHedyABkQ5wEoAHoECBoQAA\",\"lang\":\"en\"}","description":"He considered sand as iron castings were made, but it would probably be too ... Claudio was quite familiar with the lost-wax method of casting bronze.","page":3,"position":31,"title":"1636: The Barbie Consortium - Google Books Result","type":"0","typedescription":"organic","url":"https://books.google.com/books?id=QHp0CwAAQBAJ&pg=PT349&lpg=PT349&dq=bronze+casting+sand+claudio&source=bl&ots=hTBlujpEBI&sig=ACfU3U2EDxG7g3CnqsKTytJ7eMutv-TCJg&hl=en&sa=X&ved=2ahUKEwiWp7e4x6r6AhVdKkQIHedyABkQ6AF6BAgaEAM","universal_position":24,"md5":"ffebd1bd1841be2fd17c8d655fdffdb8"},{"elementAttributes":"{\"data-hveid\":\"CBsQAA\",\"data-ved\":\"2ahUKEwiWp7e4x6r6AhVdKkQIHedyABkQ5wEoAHoECBsQAA\",\"lang\":\"en\"}","description":"Metal bonding film compositions . and Hannick , John W. , 6,386,110 , Cl ... elements including sand molds and sand cores for metal casting foundry Guaraldi ...","page":3,"position":32,"title":"Official Gazette of the United States Patent and Trademark ...","type":"0","typedescription":"organic","url":"https://books.google.com/books?id=nUF5NnlVQ2wC&pg=PA2723&lpg=PA2723&dq=bronze+casting+sand+claudio&source=bl&ots=ppPuC_sLqi&sig=ACfU3U0irsfLFl1lPmx-KHGIV4b2HYQ9Ug&hl=en&sa=X&ved=2ahUKEwiWp7e4x6r6AhVdKkQIHedyABkQ6AF6BAgbEAM","universal_position":25,"md5":"8f2c415b85578909f66941fd2c86bca8"},{"snippets":{"missing-keywords":"claudio,"},"elementAttributes":"{\"class\":\"g Ww4FFb vt6azd tF2Cxc\",\"data-hveid\":\"CEQQAA\",\"data-ved\":\"2ahUKEwiWp7e4x6r6AhVdKkQIHedyABkQFSgAegQIRBAA\",\"jsaction\":\"QyLbLe:OMITjf\",\"jscontroller\":\"SC7lYd\",\"lang\":\"en\",\"style\":\"width:600px\"}","description":"The process of sand casting begins with an original sculpture by the artist, formed in clay, wax, or plaster. From this original, a plaster model is ...","page":3,"position":33,"title":"Bronze Casting - Rodin Museum","type":"0","typedescription":"organic","url":"https://rodinmuseum.org/collection/bronze-casting","universal_position":26,"md5":"a614a9a1ef4a53c2a4c8ff71e99fb4fc"}],"keyword":"bronze casting sand claudio"}