{"searchengine":"google|US||en|universal|0|0|0","adwords":[],"adwords_east":[],"searchengine_awr":"google|US||en|universal|0|0|0","competition":"28","machine_id":"i-063acbdb550c147eb","rankdata_all":[{"elementAttributes":"{\"data-hveid\":\"CBQQAA\",\"data-ved\":\"2ahUKEwjFmMe7x6r6AhVyR2wGHRRnDwYQFSgAegQIFBAA\",\"jsaction\":\"QyLbLe:OMITjf\",\"jscontroller\":\"SC7lYd\",\"lang\":\"en\",\"style\":\"width:600px\"}","description":"China's Powder Metallurgy Technology and Business Forum 2021 set to take place in September. The 2021 edition of the Powder Metallurgy.","page":1,"position":1,"title":"China's Powder Metallurgy Technology and Business Forum ...","type":"0","typedescription":"organic","url":"https://www.pm-review.com/chinas-powder-metallurgy-technology-and-business-forum-2021-set-to-take-place-in-september/","universal_position":1,"md5":"f034fb90cb4f3556b2199da32ea26824"},{"snippets":{"indented":"yes"},"elementAttributes":"{\"class\":\"MYVUIe\"}","description":"SMC Powder Metallurgy, headquartered in St. Marys, Pennsylvania, USA, has changed its name, officially becoming Catalus Corporation on October 1 ...","page":1,"position":2,"title":"SMC Powder Metallurgy changes name to Catalus Corporation","type":"0","typedescription":"organic","url":"https://www.pm-review.com/smc-powder-metallurgy-changes-name-to-catalus-corporation/","universal_position":2,"md5":"50758ec8aabff37ed907bf96872ff657"},{"elementAttributes":"{\"class\":\"g Ww4FFb vt6azd tF2Cxc\",\"data-hveid\":\"CAoQAA\",\"data-ved\":\"2ahUKEwjFmMe7x6r6AhVyR2wGHRRnDwYQFSgAegQIChAA\",\"jsaction\":\"QyLbLe:OMITjf\",\"jscontroller\":\"SC7lYd\",\"lang\":\"en\",\"style\":\"width:600px\"}","description":"We take \"customer-friendly, quality-oriented, integrative, innovative\" as objectives. \"Truth and honesty\" is our management ideal for wholesale smc powder ...","page":1,"position":3,"title":"China Wholesale Smc Powder Metallurgy Manufacturers and ...","type":"0","typedescription":"organic","url":"https://www.zx-hydraulic.com/wholesale-smc-powder-metallurgy/","universal_position":3,"md5":"4885022ccf1b8438ce11f7fcdc48bd87"},{"elementAttributes":"{\"class\":\"g Ww4FFb vt6azd tF2Cxc\",\"data-hveid\":\"CAkQAA\",\"data-ved\":\"2ahUKEwjFmMe7x6r6AhVyR2wGHRRnDwYQFSgAegQICRAA\",\"jsaction\":\"QyLbLe:OMITjf\",\"jscontroller\":\"SC7lYd\",\"lang\":\"en\",\"style\":\"width:600px\"}","description":"SMC Powder Metallurgy, Inc. manufactures custom powdered metal parts. The Company offers stainless steel, ferrous, and self lubricating parts.","page":1,"position":4,"title":"SMC Powder Metallurgy Inc - Company Profile and News","type":"0","typedescription":"organic","url":"https://www.bloomberg.com/profile/company/0521965D:US","universal_position":4,"md5":"a57f91961b5ea42ecbbba7f477a8286f"},{"elementAttributes":"{\"data-hveid\":\"CBAQAA\",\"data-ved\":\"2ahUKEwjFmMe7x6r6AhVyR2wGHRRnDwYQFSgAegQIEBAA\",\"jsaction\":\"QyLbLe:OMITjf\",\"jscontroller\":\"SC7lYd\",\"lang\":\"en\",\"style\":\"width:600px\"}","description":"China Powder Metallurgy Press manufacturers - Select 2022 high quality Powder Metallurgy Press products in best price from certified Chinese ...","page":1,"position":5,"title":"Powder Metallurgy Press manufacturers & suppliers","type":"0","typedescription":"organic","url":"https://www.made-in-china.com/products-search/hot-china-products/Powder_Metallurgy_Press.html","universal_position":5,"md5":"e8b6f685cc6a56269e2d962e6ee0d613"},{"snippets":{"indented":"yes"},"elementAttributes":"{\"class\":\"MYVUIe\"}","description":"China Powder Metallurgy manufacturers - Select 2022 high quality Powder Metallurgy products in best price from certified Chinese Magnet, ...","page":1,"position":6,"title":"Powder Metallurgy manufacturers & suppliers","type":"0","typedescription":"organic","url":"https://www.made-in-china.com/products-search/hot-china-products/Powder_Metallurgy.html","universal_position":6,"md5":"28a43adf2f846d9bf3ce35a5ca55f25e"},{"elementAttributes":"{\"class\":\"g Ww4FFb vt6azd tF2Cxc\",\"data-hveid\":\"CAgQAA\",\"data-ved\":\"2ahUKEwjFmMe7x6r6AhVyR2wGHRRnDwYQFSgAegQICBAA\",\"jsaction\":\"QyLbLe:OMITjf\",\"jscontroller\":\"SC7lYd\",\"lang\":\"en\",\"style\":\"width:600px\"}","description":"Dublin, Oct. 08, 2018 (GLOBE NEWSWIRE) -- The \"Powder Metallurgy - A ... Rio Tinto Metal Powders (Canada); Sandvik AB (Sweden); SMC Powder ...","page":1,"position":7,"title":"$7.8 Billion Powder Metallurgy Market - Global Overview","type":"0","typedescription":"organic","url":"https://www.globenewswire.com/news-release/2018/10/08/1617797/0/en/7-8-Billion-Powder-Metallurgy-Market-Global-Overview-Report-2018.html","universal_position":7,"md5":"0bc902fe790e8e3881e0f5172a9bf3a0"},{"elementAttributes":"{\"class\":\"g Ww4FFb vt6azd tF2Cxc\",\"data-hveid\":\"CFcQAA\",\"data-ved\":\"2ahUKEwjFmMe7x6r6AhVyR2wGHRRnDwYQFSgAegQIVxAA\",\"jsaction\":\"QyLbLe:OMITjf\",\"jscontroller\":\"SC7lYd\",\"lang\":\"en\",\"style\":\"width:600px\"}","description":"As a leading global supplier of sintered automotive components and systems PMG Group develops tailored powder metal solutions for its customers that set ...","page":1,"position":8,"title":"PMG - Passion drives us.","type":"0","typedescription":"organic","url":"https://www.pmgsinter.com/","universal_position":8,"md5":"3cbde8be469d07236fdc3714839be3f0"},{"elementAttributes":"{\"class\":\"g Ww4FFb vt6azd tF2Cxc\",\"data-hveid\":\"CGkQAA\",\"data-ved\":\"2ahUKEwjFmMe7x6r6AhVyR2wGHRRnDwYQFSgAegQIaRAA\",\"jsaction\":\"QyLbLe:OMITjf\",\"jscontroller\":\"SC7lYd\",\"lang\":\"en\",\"style\":\"width:600px\"}","description":"A soft magnetic composites (SMC) specialist, MPP supplies SMC components to ... growth opportunities in China,\u201d said Dennis McKeen, CEO.","page":1,"position":9,"title":"Blog - Metal Powder Products","type":"0","typedescription":"organic","url":"https://mppinnovation.com/blog","universal_position":9,"md5":"0fc36e64998279a1d8490a1da886faa1"},{"elementAttributes":"{\"class\":\"wQiwMc related-question-pair\",\"data-ved\":\"2ahUKEwjFmMe7x6r6AhVyR2wGHRRnDwYQq7kBKAB6BAhCEAA\",\"jsaction\":\"rcuQ6b:npT2md;\",\"jscontroller\":\"d2p3q\"}","description":"","page":1,"position":10,"title":"Which industries use powder metallurgy?","type":"15","typedescription":"related questions","url":"https://www.bccresearch.com/market-research/advanced-materials/top-ten-companies-powder-metallurgy.html","universal_position":10,"md5":"15a6bd8956c6460bf3614054a3b62997"},{"elementAttributes":"{\"class\":\"wQiwMc related-question-pair\",\"data-ved\":\"2ahUKEwjFmMe7x6r6AhVyR2wGHRRnDwYQq7kBKAB6BAhvEAA\",\"jsaction\":\"rcuQ6b:npT2md;\",\"jscontroller\":\"d2p3q\"}","description":"","page":1,"position":11,"title":"What are the four main steps in powder metallurgy?","type":"15","typedescription":"related questions","url":"https://www.mpif.org/IntrotoPM/MakingMetalPowder.aspx","universal_position":10,"md5":"78a0c25e4dc2749a8315a2fdc3bb30bf"},{"elementAttributes":"{\"class\":\"wQiwMc related-question-pair\",\"data-ved\":\"2ahUKEwjFmMe7x6r6AhVyR2wGHRRnDwYQq7kBKAB6BAheEAA\",\"jsaction\":\"rcuQ6b:npT2md;\",\"jscontroller\":\"d2p3q\"}","description":"","page":1,"position":12,"title":"What is powder metallurgy used for?","type":"15","typedescription":"related questions","url":"https://www.hoganas.com/en/powder-technologies/powder-metallurgy/","universal_position":10,"md5":"3b038eaefa619a488bb8f0345b39cbae"},{"elementAttributes":"{\"class\":\"wQiwMc related-question-pair\",\"data-ved\":\"2ahUKEwjFmMe7x6r6AhVyR2wGHRRnDwYQq7kBKAB6BAhVEAA\",\"jsaction\":\"rcuQ6b:npT2md;\",\"jscontroller\":\"d2p3q\"}","description":"","page":1,"position":13,"title":"What is sintering powder?","type":"15","typedescription":"related questions","url":"https://www.pm-review.com/introduction-to-powder-metallurgy/sintering-in-the-powder-metallurgy-process/","universal_position":10,"md5":"2673e9a88e325b937204aaa8d3b8038c"},{"elementAttributes":"{\"data-hveid\":\"CDIQAA\",\"data-ved\":\"2ahUKEwjFmMe7x6r6AhVyR2wGHRRnDwYQFSgAegQIMhAA\",\"jsaction\":\"QyLbLe:OMITjf\",\"jscontroller\":\"SC7lYd\",\"lang\":\"en\",\"style\":\"width:600px\"}","description":"Our metal powders are used in many different processes and thousands of applications. The metal powder products we offer are supported by a wide range of ...","page":1,"position":14,"title":"Metal powder technologies | Höganäs - Hoganas","type":"0","typedescription":"organic","url":"https://www.hoganas.com/en/powder-technologies/","universal_position":11,"md5":"2922d5830abd9ba19e7dc55b83b0ec41"},{"snippets":{"indented":"yes"},"elementAttributes":"{\"class\":\"MYVUIe\"}","description":"Powder metallurgy is a metal-forming process of ferrous-powdered materials performed by pressing and sintering metal powder compacts near to net shape of ...","page":2,"position":15,"title":"Powder Metallurgy | Höganäs - Hoganas","type":"0","typedescription":"organic","url":"https://www.hoganas.com/en/powder-technologies/powder-metallurgy/","universal_position":12,"md5":"c09b65942b557fb253737ebe7a636ae8"},{"snippets":{"missing-keywords":"smc,"},"elementAttributes":"{\"class\":\"g Ww4FFb vt6azd tF2Cxc\",\"data-hveid\":\"CHMQAA\",\"data-ved\":\"2ahUKEwjFmMe7x6r6AhVyR2wGHRRnDwYQFSgAegQIcxAA\",\"jsaction\":\"QyLbLe:OMITjf\",\"jscontroller\":\"SC7lYd\",\"lang\":\"en\",\"style\":\"width:600px\"}","description":"JN Sinter Metals Co., Ltd (Hangzhou Eastern Magnetic Industry Co., Ltd) is Chinese Powder Metals parts manufacturers and Custom Powder Metals parts ...","page":2,"position":16,"title":"Chinese Custom Powder Metals Parts Manufacturers, Suppliers","type":"0","typedescription":"organic","url":"https://www.powder-metallurgy.com/","universal_position":13,"md5":"47a92b816173126181f6775f00413dda"},{"elementAttributes":"{\"class\":\"g Ww4FFb vt6azd tF2Cxc\",\"data-hveid\":\"CHYQAA\",\"data-ved\":\"2ahUKEwjFmMe7x6r6AhVyR2wGHRRnDwYQFSgAegQIdhAA\",\"jsaction\":\"QyLbLe:OMITjf\",\"jscontroller\":\"SC7lYd\",\"lang\":\"en\",\"style\":\"width:600px\"}","description":"Since 1939, Catalus Corporation has been an innovative leader in advanced manufacturing and powder metallurgy technology. Our collaborative approach stands ...","page":2,"position":17,"title":"Catalus Corporation | Advanced Manufacturing & Powder ...","type":"0","typedescription":"organic","url":"https://cataluscorp.com/","universal_position":14,"md5":"062fdda87106eef88bfea3ca7f5e4304"},{"elementAttributes":"{\"class\":\"g Ww4FFb vt6azd tF2Cxc\",\"data-hveid\":\"CEcQAA\",\"data-ved\":\"2ahUKEwjFmMe7x6r6AhVyR2wGHRRnDwYQFSgAegQIRxAA\",\"jsaction\":\"QyLbLe:OMITjf\",\"jscontroller\":\"SC7lYd\",\"lang\":\"en\",\"style\":\"width:600px\"}","description":"Aug 9, 2018 - SMC Pneumatics EBES Sintered Metal Element Filters,Powder Metallurgy (PM) for Beginners - European Powder Metallurgy,Powder Metallurgy ...","page":2,"position":18,"title":"Powder metallurgy, Steel, Metal - Pinterest","type":"0","typedescription":"organic","url":"https://www.pinterest.com/pin/576108977328601609/","universal_position":15,"md5":"15386f0e3c7de667fc8c765adac0d1e7"},{"elementAttributes":"{\"class\":\"eA0Zlc WghbWd JX86yc ivg-i PZPZlf\",\"data-attrid\":\"images universal\",\"data-docid\":\"M9eyPOFTKoBLOM\",\"data-hveid\":\"CCIQAA\",\"data-lpage\":\"https://www.powder-metallurgy.com/\",\"data-ved\":\"2ahUKEwjFmMe7x6r6AhVyR2wGHRRnDwYQ9AF6BAgiEAA\",\"jsaction\":\"rcuQ6b:npT2md;tuz4af:RrAr1;nptbHe:XEuVS;h5M12e\",\"jscontroller\":\"E19wJb\",\"jsdata\":\"XZxcdf;M9eyPOFTKoBLOM;ANEX9M\",\"jsname\":\"dTDiAc\"}","description":"","page":2,"position":19,"title":"","type":"5","typedescription":"image","url":"https://www.powder-metallurgy.com/","universal_position":16,"md5":"68bfd8b2613089b2ada96b2a8adb0740"},{"elementAttributes":"{\"class\":\"eA0Zlc WghbWd JX86yc ivg-i PZPZlf\",\"data-attrid\":\"images universal\",\"data-docid\":\"qQoSQAEKsL4L_M\",\"data-hveid\":\"CIEBEAA\",\"data-lpage\":\"https://www.pm-review.com/pmg-acquires-chinas-yangzhou-leader-powder-metallurgy/\",\"data-ved\":\"2ahUKEwjFmMe7x6r6AhVyR2wGHRRnDwYQ9AF6BQiBARAA\",\"jsaction\":\"rcuQ6b:npT2md;tuz4af:RrAr1;nptbHe:XEuVS;h5M12e\",\"jscontroller\":\"E19wJb\",\"jsdata\":\"XZxcdf;qQoSQAEKsL4L_M;ANEYA4\",\"jsname\":\"dTDiAc\"}","description":"","page":2,"position":20,"title":"","type":"5","typedescription":"image","url":"https://www.pm-review.com/pmg-acquires-chinas-yangzhou-leader-powder-metallurgy/","universal_position":16,"md5":"73cc4414a035236634a11b0b8c5f5fd1"},{"elementAttributes":"{\"class\":\"eA0Zlc WghbWd JX86yc ivg-i PZPZlf\",\"data-attrid\":\"images universal\",\"data-docid\":\"r9PWwgQTzjuyOM\",\"data-hveid\":\"CHkQAA\",\"data-lpage\":\"https://www.pm-review.com/smc-powder-metallurgy-changes-name-to-catalus-corporation/\",\"data-ved\":\"2ahUKEwjFmMe7x6r6AhVyR2wGHRRnDwYQ9AF6BAh5EAA\",\"jsaction\":\"rcuQ6b:npT2md;tuz4af:RrAr1;nptbHe:XEuVS;h5M12e\",\"jscontroller\":\"E19wJb\",\"jsdata\":\"XZxcdf;r9PWwgQTzjuyOM;ANEYA0\",\"jsname\":\"dTDiAc\"}","description":"","page":2,"position":21,"title":"","type":"5","typedescription":"image","url":"https://www.pm-review.com/smc-powder-metallurgy-changes-name-to-catalus-corporation/","universal_position":16,"md5":"94391031d13d99a6eb6ffb6bd4a0af92"},{"elementAttributes":"{\"class\":\"eA0Zlc WghbWd JX86yc ivg-i PZPZlf\",\"data-attrid\":\"images universal\",\"data-docid\":\"gueORmlH-Red8M\",\"data-hveid\":\"CHAQAA\",\"data-lpage\":\"https://www.pm-review.com/chinas-powder-metallurgy-technology-and-business-forum-2021-set-to-take-place-in-september/\",\"data-ved\":\"2ahUKEwjFmMe7x6r6AhVyR2wGHRRnDwYQ9AF6BAhwEAA\",\"jsaction\":\"rcuQ6b:npT2md;tuz4af:RrAr1;nptbHe:XEuVS;h5M12e\",\"jscontroller\":\"E19wJb\",\"jsdata\":\"XZxcdf;gueORmlH-Red8M;ANEYAU\",\"jsname\":\"dTDiAc\"}","description":"","page":2,"position":22,"title":"","type":"5","typedescription":"image","url":"https://www.pm-review.com/chinas-powder-metallurgy-technology-and-business-forum-2021-set-to-take-place-in-september/","universal_position":16,"md5":"8436406ec1b3eaaf19c2a2ad78bbf5a7"},{"elementAttributes":"{\"class\":\"g Ww4FFb vt6azd tF2Cxc\",\"data-hveid\":\"CGAQAA\",\"data-ved\":\"2ahUKEwjFmMe7x6r6AhVyR2wGHRRnDwYQFSgAegQIYBAA\",\"jsaction\":\"QyLbLe:OMITjf\",\"jscontroller\":\"SC7lYd\",\"lang\":\"en\",\"style\":\"width:600px\"}","description":"Ferrous Metallurgy (Iron, Steel and Alloys) ... MCC - China Metallurgical Group Corporation (China) ... Ltd. (China). SMC Powder Metallurgy Inc. (USA).","page":2,"position":23,"title":"INFOMIMET-Information for the Mining, Mineral and ...","type":"0","typedescription":"organic","url":"http://w3.cetem.gov.br/infomimet/fr_industrias_procmin_metalurgiadopo_en.htm","universal_position":17,"md5":"86651e46caa6e14d822cfa8f9bfb87ca"},{"elementAttributes":"{\"class\":\"g Ww4FFb vt6azd tF2Cxc\",\"data-hveid\":\"CFYQAA\",\"data-ved\":\"2ahUKEwjFmMe7x6r6AhVyR2wGHRRnDwYQFSgAegQIVhAA\",\"jsaction\":\"QyLbLe:OMITjf\",\"jscontroller\":\"SC7lYd\",\"lang\":\"en\",\"style\":\"width:600px\"}","description":"Horizon Technology produces metal powder products that were previously thought impossible to produce with powdered metal technology. Learn more!","page":2,"position":24,"title":"Metal Powder Products | Horizon Technology Metal Parts ...","type":"0","typedescription":"organic","url":"https://www.horizontechnology.biz/","universal_position":18,"md5":"7c50e277c24f5182562f6a60070568c1"},{"elementAttributes":"{\"class\":\"g Ww4FFb vt6azd tF2Cxc\",\"data-hveid\":\"CHQQAA\",\"data-ved\":\"2ahUKEwjFmMe7x6r6AhVyR2wGHRRnDwYQFSgAegQIdBAA\",\"jsaction\":\"QyLbLe:OMITjf\",\"jscontroller\":\"SC7lYd\",\"lang\":\"en\",\"style\":\"width:600px\"}","description":"GKN Powder Metallurgy is your engineering solutions provider, ... properties based on soft magnetic composite materials (SMC) ⚡Unique 3D magnetic flux ...","page":2,"position":25,"title":"GKN Powder Metallurgy - LinkedIn","type":"0","typedescription":"organic","url":"https://www.linkedin.com/company/gknpowdermetallurgy/","universal_position":19,"md5":"e0ca39300094e577f5c17d04d9ae08fa"},{"elementAttributes":"{\"class\":\"g Ww4FFb vt6azd tF2Cxc\",\"data-hveid\":\"CCMQAA\",\"data-ved\":\"2ahUKEwjFmMe7x6r6AhVyR2wGHRRnDwYQFSgAegQIIxAA\",\"jsaction\":\"QyLbLe:OMITjf\",\"jscontroller\":\"SC7lYd\",\"lang\":\"en\",\"style\":\"width:600px\"}","description":"Metal Powder Core. We have a variety of production equipment and complete production lines of alloying smelting, pulverizing, heat treatment, etc., ...","page":2,"position":26,"title":"Metal Powder Core - 广州金南磁性材料有限公司","type":"0","typedescription":"organic","url":"http://www.goldensouth.com.cn/en/product-27379-117952.html","universal_position":20,"md5":"f81536a36dc28d3fc9c3af1ea4838eaa"},{"elementAttributes":"{\"class\":\"g Ww4FFb vt6azd tF2Cxc\",\"data-hveid\":\"CHgQAA\",\"data-ved\":\"2ahUKEwjFmMe7x6r6AhVyR2wGHRRnDwYQFSgAegQIeBAA\",\"jsaction\":\"QyLbLe:OMITjf\",\"jscontroller\":\"SC7lYd\",\"lang\":\"en\",\"style\":\"width:600px\"}","description":"the Chinese Society for Metals (CSM), China Powder Metallurgy Alliance (CPMA), ... SMC Materials in Electrical Machine Prototypes.","page":2,"position":27,"title":"WORLDPM2018 Congress Guide - medmeeting.org","type":"0","typedescription":"organic","url":"http://www.medmeeting.org/Upload/user/709437/file/20180911/20180911130312_0723.pdf","universal_position":21,"md5":"40065a49cb4dd2f6f6d9a1f19a505754"},{"elementAttributes":"{\"class\":\"g Ww4FFb vt6azd tF2Cxc\",\"data-hveid\":\"CHcQAA\",\"data-ved\":\"2ahUKEwjFmMe7x6r6AhVyR2wGHRRnDwYQFSgAegQIdxAA\",\"jsaction\":\"QyLbLe:OMITjf\",\"jscontroller\":\"SC7lYd\",\"lang\":\"en\",\"style\":\"width:600px\"}","description":"Positive economic growth trends in countries like China, India, and Japan have driven demand for powder metallurgy products and applications in recent years ...","page":2,"position":28,"title":"Powder Metallurgy Market | Size, Share | 2022 to 2027","type":"0","typedescription":"organic","url":"https://www.marketdataforecast.com/market-reports/powder-metallurgy-market","universal_position":22,"md5":"39515c541e6356470f4d12acad8bac52"},{"snippets":{"missing-keywords":"smc,"},"elementAttributes":"{\"class\":\"g Ww4FFb vt6azd tF2Cxc\",\"data-hveid\":\"CDcQAA\",\"data-ved\":\"2ahUKEwjFmMe7x6r6AhVyR2wGHRRnDwYQFSgAegQINxAA\",\"jsaction\":\"QyLbLe:OMITjf\",\"jscontroller\":\"SC7lYd\",\"lang\":\"en\",\"style\":\"width:600px\"}","description":"NBTM New Materials Group Co., Ltd. is the listed company (PS code: 600114) mainly for powder metal structural components manufacturing in China market.","page":3,"position":29,"title":"Group Presentation-NBTM NEW MATERIALS GROUP Co., Ltd.","type":"0","typedescription":"organic","url":"https://www.pm-china.com/En/about.html","universal_position":23,"md5":"71cc32a80b3368746be243b3e2f8f45e"},{"elementAttributes":"{\"class\":\"g Ww4FFb vt6azd tF2Cxc\",\"data-hveid\":\"CEgQAA\",\"data-ved\":\"2ahUKEwjFmMe7x6r6AhVyR2wGHRRnDwYQFSgAegQISBAA\",\"jsaction\":\"QyLbLe:OMITjf\",\"jscontroller\":\"SC7lYd\",\"lang\":\"en\",\"style\":\"width:600px\"}","description":"Soft Magnetic Composites (SMC) are insulation coated ferrous powder metal (PM) materials that are molded into a net\u2014or near net\u2014shape component. A high-pressure ...","page":3,"position":30,"title":"Powder Metal | Burgess-Norton","type":"0","typedescription":"organic","url":"https://www.burgessnorton.com/powder-metal/","universal_position":24,"md5":"90d094dc34bd2affa387ce8a5afc67ad"},{"snippets":{"missing-keywords":"smc,"},"elementAttributes":"{\"class\":\"g Ww4FFb vt6azd tF2Cxc\",\"data-hveid\":\"CEUQAA\",\"data-ved\":\"2ahUKEwjFmMe7x6r6AhVyR2wGHRRnDwYQFSgAegQIRRAA\",\"jsaction\":\"QyLbLe:OMITjf\",\"jscontroller\":\"SC7lYd\",\"lang\":\"en\",\"style\":\"width:600px\"}","description":"Hoeganaes, part of GKN Powder Metallurgy, is starting production of high quality automotive grade powders in China for the Asian market.","page":3,"position":31,"title":"GKN Powder Metallurgy begins production of metal powder in ...","type":"0","typedescription":"organic","url":"https://www.gknpm.com/en/news-and-media/news-releases/2016/gkn-powder-metallurgy-begins-production-of-metal-powder-in-china/","universal_position":25,"md5":"d6a9f1dd20c8d7ac8b1a77198d871c28"},{"elementAttributes":"{\"class\":\"g Ww4FFb vt6azd tF2Cxc\",\"data-hveid\":\"CFgQAA\",\"data-ved\":\"2ahUKEwjFmMe7x6r6AhVyR2wGHRRnDwYQFSgAegQIWBAA\",\"jsaction\":\"QyLbLe:OMITjf\",\"jscontroller\":\"SC7lYd\",\"lang\":\"en\",\"style\":\"width:600px\"}","description":"The powder metal TulAmmo 38 Special Ammo - 1000 Rounds of 130 Grain FMJ ... 0 Metal stock. , LTD is a China-based company principally ...","page":3,"position":32,"title":"Special metals stock. 63 - Hotelspreference.ge","type":"0","typedescription":"organic","url":"http://www.new.hotelspreference.ge/9fuo/special-metals-stock.html","universal_position":26,"md5":"c83a39c5fe14703bfc628055ade7f85b"},{"elementAttributes":"{\"class\":\"g Ww4FFb vt6azd tF2Cxc\",\"data-hveid\":\"CCUQAA\",\"data-ved\":\"2ahUKEwjFmMe7x6r6AhVyR2wGHRRnDwYQFSgAegQIJRAA\",\"jsaction\":\"QyLbLe:OMITjf\",\"jscontroller\":\"SC7lYd\",\"lang\":\"en\",\"style\":\"width:600px\"}","description":"SMC Powder Metallurgy was founded in 1949 in St. Marys, Pennsylvania, which is about 120 miles northeast of Pittsburgh. Powder metallurgy (P/M) is an ...","page":3,"position":33,"title":"SMC Powder Metallurgy : Quotes, Address, Contact - AZoM","type":"0","typedescription":"organic","url":"https://www.azom.com/suppliers.aspx?SupplierID=9966","universal_position":27,"md5":"0ec2df6b31795ff08836eded56bde346"},{"snippets":{"missing-keywords":"smc,"},"elementAttributes":"{\"class\":\"g Ww4FFb vt6azd tF2Cxc\",\"data-hveid\":\"CCQQAA\",\"data-ved\":\"2ahUKEwjFmMe7x6r6AhVyR2wGHRRnDwYQFSgAegQIJBAA\",\"jsaction\":\"QyLbLe:OMITjf\",\"jscontroller\":\"SC7lYd\",\"lang\":\"en\",\"style\":\"width:600px\"}","description":"As the pioneer of \"3D printing + Powder Metallurgy\" and the new productivity potential unicorn enterprise in China, UPRISE 3D was invited to ...","page":3,"position":34,"title":"Participated in the 2021 National Powder Metallurgy Conference","type":"0","typedescription":"organic","url":"https://www.uprise3d.com/cn_news/details-19.html","universal_position":28,"md5":"c242706f74f4d64279911d4b66ca5ef7"},{"elementAttributes":"{\"class\":\"g Ww4FFb vt6azd tF2Cxc\",\"data-hveid\":\"CCYQAA\",\"data-ved\":\"2ahUKEwjFmMe7x6r6AhVyR2wGHRRnDwYQFSgAegQIJhAA\",\"jsaction\":\"QyLbLe:OMITjf\",\"jscontroller\":\"SC7lYd\",\"lang\":\"en\",\"style\":\"width:600px\"}","description":"depth introduction to the technologies used in China's ... metalworking, die casting, powder metal processing.","page":3,"position":35,"title":"Improving Large Assembly Design","type":"0","typedescription":"organic","url":"https://m.tvdirect.tv/improving-large-assembly-design/view_all.cgi=RopFhELyo4UJ&sitesec=reviews&redir_esc=y","universal_position":29,"md5":"5ca22202a13e3a00896fc9445e609945"},{"elementAttributes":"{\"class\":\"g Ww4FFb vt6azd tF2Cxc\",\"data-hveid\":\"CCgQAA\",\"data-ved\":\"2ahUKEwjFmMe7x6r6AhVyR2wGHRRnDwYQFSgAegQIKBAA\",\"jsaction\":\"QyLbLe:OMITjf\",\"jscontroller\":\"SC7lYd\",\"lang\":\"en\",\"style\":\"width:600px\"}","description":"SMC Corporation is the world's largest pneumatics company dedicated to factory ... Sodium borohydride is a white to grayish crystalline powder.","page":3,"position":36,"title":"02m shifter - CasinoBuck Review 2021","type":"0","typedescription":"organic","url":"https://testbuck-559.de/02m-shifter.html","universal_position":30,"md5":"e1e58370cb444c8fc753ae24d4259bad"},{"elementAttributes":"{\"data-hveid\":\"CHEQAA\",\"data-ved\":\"2ahUKEwjFmMe7x6r6AhVyR2wGHRRnDwYQ5wEoAHoECHEQAA\",\"lang\":\"en\"}","description":"... refined ( for use in organic coatings ) Oil ; tung ( China -- wood ... table type Openers , envelope Openers , envelope , metal Openers , letter , hand ...","page":3,"position":37,"title":"Index of Specifications and Standards (used By) Department ...","type":"0","typedescription":"organic","url":"https://books.google.com/books?id=buFfTfNgISgC&pg=PA127&lpg=PA127&dq=china+smc+powder+metallurgy&source=bl&ots=DZqUl3qcSz&sig=ACfU3U2iKtzg7EBO3noY6Izf1ceUsd3w0A&hl=en&sa=X&ved=2ahUKEwjFmMe7x6r6AhVyR2wGHRRnDwYQ6AF6BAhxEAM","universal_position":31,"md5":"5e984285ecfe5a4fc74c35abd33453a0"},{"elementAttributes":"{\"data-hveid\":\"CHUQAA\",\"data-ved\":\"2ahUKEwjFmMe7x6r6AhVyR2wGHRRnDwYQ5wEoAHoECHUQAA\",\"lang\":\"en\"}","description":"\u201cDesign of a Shape Memory Composite(SMC) Using 4D Printing Technology\u201d. ... NiTi Alloy by Direct Metal Deposition of Mechanically Alloyed Powder Mixtures\u201d.","page":3,"position":38,"title":"Smart 3D Nanoprinting: Fundamentals, Materials, and Applications","type":"0","typedescription":"organic","url":"https://books.google.com/books?id=FSl3EAAAQBAJ&pg=PT213&lpg=PT213&dq=china+smc+powder+metallurgy&source=bl&ots=o0F7dX-mEb&sig=ACfU3U1_2m36Yd_To44uMW3ODEk7hxrrqg&hl=en&sa=X&ved=2ahUKEwjFmMe7x6r6AhVyR2wGHRRnDwYQ6AF6BAh1EAM","universal_position":32,"md5":"ea033c1d8136f88cc3e628e3ec96e1d5"}],"server_id":61715,"adwords_bottom":[],"depth":5,"parser_v2":{"searchengine":"google|US||en|universal|0|0|0","adwords":[],"adwords_east":[],"searchengine_awr":"google|US||en|universal|0|0|0","competition":"28","machine_id":"i-063acbdb550c147eb","rankdata_all":[{"elementAttributes":"{\"data-hveid\":\"CBQQAA\",\"data-ved\":\"2ahUKEwjFmMe7x6r6AhVyR2wGHRRnDwYQFSgAegQIFBAA\",\"jsaction\":\"QyLbLe:OMITjf\",\"jscontroller\":\"SC7lYd\",\"lang\":\"en\",\"style\":\"width:600px\"}","description":"China's Powder Metallurgy Technology and Business Forum 2021 set to take place in September. The 2021 edition of the Powder Metallurgy.","page":1,"position":1,"title":"China's Powder Metallurgy Technology and Business Forum ...","type":"0","typedescription":"organic","url":"https://www.pm-review.com/chinas-powder-metallurgy-technology-and-business-forum-2021-set-to-take-place-in-september/","universal_position":1,"md5":"f034fb90cb4f3556b2199da32ea26824"},{"snippets":{"indented":"yes"},"elementAttributes":"{\"class\":\"MYVUIe\"}","description":"SMC Powder Metallurgy, headquartered in St. Marys, Pennsylvania, USA, has changed its name, officially becoming Catalus Corporation on October 1 ...","page":1,"position":2,"title":"SMC Powder Metallurgy changes name to Catalus Corporation","type":"0","typedescription":"organic","url":"https://www.pm-review.com/smc-powder-metallurgy-changes-name-to-catalus-corporation/","universal_position":2,"md5":"50758ec8aabff37ed907bf96872ff657"},{"elementAttributes":"{\"class\":\"g Ww4FFb vt6azd tF2Cxc\",\"data-hveid\":\"CAoQAA\",\"data-ved\":\"2ahUKEwjFmMe7x6r6AhVyR2wGHRRnDwYQFSgAegQIChAA\",\"jsaction\":\"QyLbLe:OMITjf\",\"jscontroller\":\"SC7lYd\",\"lang\":\"en\",\"style\":\"width:600px\"}","description":"We take \"customer-friendly, quality-oriented, integrative, innovative\" as objectives. \"Truth and honesty\" is our management ideal for wholesale smc powder ...","page":1,"position":3,"title":"China Wholesale Smc Powder Metallurgy Manufacturers and ...","type":"0","typedescription":"organic","url":"https://www.zx-hydraulic.com/wholesale-smc-powder-metallurgy/","universal_position":3,"md5":"4885022ccf1b8438ce11f7fcdc48bd87"},{"elementAttributes":"{\"class\":\"g Ww4FFb vt6azd tF2Cxc\",\"data-hveid\":\"CAkQAA\",\"data-ved\":\"2ahUKEwjFmMe7x6r6AhVyR2wGHRRnDwYQFSgAegQICRAA\",\"jsaction\":\"QyLbLe:OMITjf\",\"jscontroller\":\"SC7lYd\",\"lang\":\"en\",\"style\":\"width:600px\"}","description":"SMC Powder Metallurgy, Inc. manufactures custom powdered metal parts. The Company offers stainless steel, ferrous, and self lubricating parts.","page":1,"position":4,"title":"SMC Powder Metallurgy Inc - Company Profile and News","type":"0","typedescription":"organic","url":"https://www.bloomberg.com/profile/company/0521965D:US","universal_position":4,"md5":"a57f91961b5ea42ecbbba7f477a8286f"},{"elementAttributes":"{\"data-hveid\":\"CBAQAA\",\"data-ved\":\"2ahUKEwjFmMe7x6r6AhVyR2wGHRRnDwYQFSgAegQIEBAA\",\"jsaction\":\"QyLbLe:OMITjf\",\"jscontroller\":\"SC7lYd\",\"lang\":\"en\",\"style\":\"width:600px\"}","description":"China Powder Metallurgy Press manufacturers - Select 2022 high quality Powder Metallurgy Press products in best price from certified Chinese ...","page":1,"position":5,"title":"Powder Metallurgy Press manufacturers & suppliers","type":"0","typedescription":"organic","url":"https://www.made-in-china.com/products-search/hot-china-products/Powder_Metallurgy_Press.html","universal_position":5,"md5":"e8b6f685cc6a56269e2d962e6ee0d613"},{"snippets":{"indented":"yes"},"elementAttributes":"{\"class\":\"MYVUIe\"}","description":"China Powder Metallurgy manufacturers - Select 2022 high quality Powder Metallurgy products in best price from certified Chinese Magnet, ...","page":1,"position":6,"title":"Powder Metallurgy manufacturers & suppliers","type":"0","typedescription":"organic","url":"https://www.made-in-china.com/products-search/hot-china-products/Powder_Metallurgy.html","universal_position":6,"md5":"28a43adf2f846d9bf3ce35a5ca55f25e"},{"elementAttributes":"{\"class\":\"g Ww4FFb vt6azd tF2Cxc\",\"data-hveid\":\"CAgQAA\",\"data-ved\":\"2ahUKEwjFmMe7x6r6AhVyR2wGHRRnDwYQFSgAegQICBAA\",\"jsaction\":\"QyLbLe:OMITjf\",\"jscontroller\":\"SC7lYd\",\"lang\":\"en\",\"style\":\"width:600px\"}","description":"Dublin, Oct. 08, 2018 (GLOBE NEWSWIRE) -- The \"Powder Metallurgy - A ... Rio Tinto Metal Powders (Canada); Sandvik AB (Sweden); SMC Powder ...","page":1,"position":7,"title":"$7.8 Billion Powder Metallurgy Market - Global Overview","type":"0","typedescription":"organic","url":"https://www.globenewswire.com/news-release/2018/10/08/1617797/0/en/7-8-Billion-Powder-Metallurgy-Market-Global-Overview-Report-2018.html","universal_position":7,"md5":"0bc902fe790e8e3881e0f5172a9bf3a0"},{"elementAttributes":"{\"class\":\"g Ww4FFb vt6azd tF2Cxc\",\"data-hveid\":\"CFcQAA\",\"data-ved\":\"2ahUKEwjFmMe7x6r6AhVyR2wGHRRnDwYQFSgAegQIVxAA\",\"jsaction\":\"QyLbLe:OMITjf\",\"jscontroller\":\"SC7lYd\",\"lang\":\"en\",\"style\":\"width:600px\"}","description":"As a leading global supplier of sintered automotive components and systems PMG Group develops tailored powder metal solutions for its customers that set ...","page":1,"position":8,"title":"PMG - Passion drives us.","type":"0","typedescription":"organic","url":"https://www.pmgsinter.com/","universal_position":8,"md5":"3cbde8be469d07236fdc3714839be3f0"},{"elementAttributes":"{\"class\":\"g Ww4FFb vt6azd tF2Cxc\",\"data-hveid\":\"CGkQAA\",\"data-ved\":\"2ahUKEwjFmMe7x6r6AhVyR2wGHRRnDwYQFSgAegQIaRAA\",\"jsaction\":\"QyLbLe:OMITjf\",\"jscontroller\":\"SC7lYd\",\"lang\":\"en\",\"style\":\"width:600px\"}","description":"A soft magnetic composites (SMC) specialist, MPP supplies SMC components to ... growth opportunities in China,\u201d said Dennis McKeen, CEO.","page":1,"position":9,"title":"Blog - Metal Powder Products","type":"0","typedescription":"organic","url":"https://mppinnovation.com/blog","universal_position":9,"md5":"0fc36e64998279a1d8490a1da886faa1"},{"elementAttributes":"{\"class\":\"wQiwMc related-question-pair\",\"data-ved\":\"2ahUKEwjFmMe7x6r6AhVyR2wGHRRnDwYQq7kBKAB6BAhCEAA\",\"jsaction\":\"rcuQ6b:npT2md;\",\"jscontroller\":\"d2p3q\"}","description":"","page":1,"position":10,"title":"Which industries use powder metallurgy?","type":"15","typedescription":"related questions","url":"https://www.bccresearch.com/market-research/advanced-materials/top-ten-companies-powder-metallurgy.html","universal_position":10,"md5":"15a6bd8956c6460bf3614054a3b62997"},{"elementAttributes":"{\"class\":\"wQiwMc related-question-pair\",\"data-ved\":\"2ahUKEwjFmMe7x6r6AhVyR2wGHRRnDwYQq7kBKAB6BAhvEAA\",\"jsaction\":\"rcuQ6b:npT2md;\",\"jscontroller\":\"d2p3q\"}","description":"","page":1,"position":11,"title":"What are the four main steps in powder metallurgy?","type":"15","typedescription":"related questions","url":"https://www.mpif.org/IntrotoPM/MakingMetalPowder.aspx","universal_position":10,"md5":"78a0c25e4dc2749a8315a2fdc3bb30bf"},{"elementAttributes":"{\"class\":\"wQiwMc related-question-pair\",\"data-ved\":\"2ahUKEwjFmMe7x6r6AhVyR2wGHRRnDwYQq7kBKAB6BAheEAA\",\"jsaction\":\"rcuQ6b:npT2md;\",\"jscontroller\":\"d2p3q\"}","description":"","page":1,"position":12,"title":"What is powder metallurgy used for?","type":"15","typedescription":"related questions","url":"https://www.hoganas.com/en/powder-technologies/powder-metallurgy/","universal_position":10,"md5":"3b038eaefa619a488bb8f0345b39cbae"},{"elementAttributes":"{\"class\":\"wQiwMc related-question-pair\",\"data-ved\":\"2ahUKEwjFmMe7x6r6AhVyR2wGHRRnDwYQq7kBKAB6BAhVEAA\",\"jsaction\":\"rcuQ6b:npT2md;\",\"jscontroller\":\"d2p3q\"}","description":"","page":1,"position":13,"title":"What is sintering powder?","type":"15","typedescription":"related questions","url":"https://www.pm-review.com/introduction-to-powder-metallurgy/sintering-in-the-powder-metallurgy-process/","universal_position":10,"md5":"2673e9a88e325b937204aaa8d3b8038c"},{"elementAttributes":"{\"data-hveid\":\"CDIQAA\",\"data-ved\":\"2ahUKEwjFmMe7x6r6AhVyR2wGHRRnDwYQFSgAegQIMhAA\",\"jsaction\":\"QyLbLe:OMITjf\",\"jscontroller\":\"SC7lYd\",\"lang\":\"en\",\"style\":\"width:600px\"}","description":"Our metal powders are used in many different processes and thousands of applications. The metal powder products we offer are supported by a wide range of ...","page":1,"position":14,"title":"Metal powder technologies | Höganäs - Hoganas","type":"0","typedescription":"organic","url":"https://www.hoganas.com/en/powder-technologies/","universal_position":11,"md5":"2922d5830abd9ba19e7dc55b83b0ec41"},{"snippets":{"indented":"yes"},"elementAttributes":"{\"class\":\"MYVUIe\"}","description":"Powder metallurgy is a metal-forming process of ferrous-powdered materials performed by pressing and sintering metal powder compacts near to net shape of ...","page":2,"position":15,"title":"Powder Metallurgy | Höganäs - Hoganas","type":"0","typedescription":"organic","url":"https://www.hoganas.com/en/powder-technologies/powder-metallurgy/","universal_position":12,"md5":"c09b65942b557fb253737ebe7a636ae8"},{"snippets":{"missing-keywords":"smc,"},"elementAttributes":"{\"class\":\"g Ww4FFb vt6azd tF2Cxc\",\"data-hveid\":\"CHMQAA\",\"data-ved\":\"2ahUKEwjFmMe7x6r6AhVyR2wGHRRnDwYQFSgAegQIcxAA\",\"jsaction\":\"QyLbLe:OMITjf\",\"jscontroller\":\"SC7lYd\",\"lang\":\"en\",\"style\":\"width:600px\"}","description":"JN Sinter Metals Co., Ltd (Hangzhou Eastern Magnetic Industry Co., Ltd) is Chinese Powder Metals parts manufacturers and Custom Powder Metals parts ...","page":2,"position":16,"title":"Chinese Custom Powder Metals Parts Manufacturers, Suppliers","type":"0","typedescription":"organic","url":"https://www.powder-metallurgy.com/","universal_position":13,"md5":"47a92b816173126181f6775f00413dda"},{"elementAttributes":"{\"class\":\"g Ww4FFb vt6azd tF2Cxc\",\"data-hveid\":\"CHYQAA\",\"data-ved\":\"2ahUKEwjFmMe7x6r6AhVyR2wGHRRnDwYQFSgAegQIdhAA\",\"jsaction\":\"QyLbLe:OMITjf\",\"jscontroller\":\"SC7lYd\",\"lang\":\"en\",\"style\":\"width:600px\"}","description":"Since 1939, Catalus Corporation has been an innovative leader in advanced manufacturing and powder metallurgy technology. Our collaborative approach stands ...","page":2,"position":17,"title":"Catalus Corporation | Advanced Manufacturing & Powder ...","type":"0","typedescription":"organic","url":"https://cataluscorp.com/","universal_position":14,"md5":"062fdda87106eef88bfea3ca7f5e4304"},{"elementAttributes":"{\"class\":\"g Ww4FFb vt6azd tF2Cxc\",\"data-hveid\":\"CEcQAA\",\"data-ved\":\"2ahUKEwjFmMe7x6r6AhVyR2wGHRRnDwYQFSgAegQIRxAA\",\"jsaction\":\"QyLbLe:OMITjf\",\"jscontroller\":\"SC7lYd\",\"lang\":\"en\",\"style\":\"width:600px\"}","description":"Aug 9, 2018 - SMC Pneumatics EBES Sintered Metal Element Filters,Powder Metallurgy (PM) for Beginners - European Powder Metallurgy,Powder Metallurgy ...","page":2,"position":18,"title":"Powder metallurgy, Steel, Metal - Pinterest","type":"0","typedescription":"organic","url":"https://www.pinterest.com/pin/576108977328601609/","universal_position":15,"md5":"15386f0e3c7de667fc8c765adac0d1e7"},{"elementAttributes":"{\"class\":\"eA0Zlc WghbWd JX86yc ivg-i PZPZlf\",\"data-attrid\":\"images universal\",\"data-docid\":\"M9eyPOFTKoBLOM\",\"data-hveid\":\"CCIQAA\",\"data-lpage\":\"https://www.powder-metallurgy.com/\",\"data-ved\":\"2ahUKEwjFmMe7x6r6AhVyR2wGHRRnDwYQ9AF6BAgiEAA\",\"jsaction\":\"rcuQ6b:npT2md;tuz4af:RrAr1;nptbHe:XEuVS;h5M12e\",\"jscontroller\":\"E19wJb\",\"jsdata\":\"XZxcdf;M9eyPOFTKoBLOM;ANEX9M\",\"jsname\":\"dTDiAc\"}","description":"","page":2,"position":19,"title":"","type":"5","typedescription":"image","url":"https://www.powder-metallurgy.com/","universal_position":16,"md5":"68bfd8b2613089b2ada96b2a8adb0740"},{"elementAttributes":"{\"class\":\"eA0Zlc WghbWd JX86yc ivg-i PZPZlf\",\"data-attrid\":\"images universal\",\"data-docid\":\"qQoSQAEKsL4L_M\",\"data-hveid\":\"CIEBEAA\",\"data-lpage\":\"https://www.pm-review.com/pmg-acquires-chinas-yangzhou-leader-powder-metallurgy/\",\"data-ved\":\"2ahUKEwjFmMe7x6r6AhVyR2wGHRRnDwYQ9AF6BQiBARAA\",\"jsaction\":\"rcuQ6b:npT2md;tuz4af:RrAr1;nptbHe:XEuVS;h5M12e\",\"jscontroller\":\"E19wJb\",\"jsdata\":\"XZxcdf;qQoSQAEKsL4L_M;ANEYA4\",\"jsname\":\"dTDiAc\"}","description":"","page":2,"position":20,"title":"","type":"5","typedescription":"image","url":"https://www.pm-review.com/pmg-acquires-chinas-yangzhou-leader-powder-metallurgy/","universal_position":16,"md5":"73cc4414a035236634a11b0b8c5f5fd1"},{"elementAttributes":"{\"class\":\"eA0Zlc WghbWd JX86yc ivg-i PZPZlf\",\"data-attrid\":\"images universal\",\"data-docid\":\"r9PWwgQTzjuyOM\",\"data-hveid\":\"CHkQAA\",\"data-lpage\":\"https://www.pm-review.com/smc-powder-metallurgy-changes-name-to-catalus-corporation/\",\"data-ved\":\"2ahUKEwjFmMe7x6r6AhVyR2wGHRRnDwYQ9AF6BAh5EAA\",\"jsaction\":\"rcuQ6b:npT2md;tuz4af:RrAr1;nptbHe:XEuVS;h5M12e\",\"jscontroller\":\"E19wJb\",\"jsdata\":\"XZxcdf;r9PWwgQTzjuyOM;ANEYA0\",\"jsname\":\"dTDiAc\"}","description":"","page":2,"position":21,"title":"","type":"5","typedescription":"image","url":"https://www.pm-review.com/smc-powder-metallurgy-changes-name-to-catalus-corporation/","universal_position":16,"md5":"94391031d13d99a6eb6ffb6bd4a0af92"},{"elementAttributes":"{\"class\":\"eA0Zlc WghbWd JX86yc ivg-i PZPZlf\",\"data-attrid\":\"images universal\",\"data-docid\":\"gueORmlH-Red8M\",\"data-hveid\":\"CHAQAA\",\"data-lpage\":\"https://www.pm-review.com/chinas-powder-metallurgy-technology-and-business-forum-2021-set-to-take-place-in-september/\",\"data-ved\":\"2ahUKEwjFmMe7x6r6AhVyR2wGHRRnDwYQ9AF6BAhwEAA\",\"jsaction\":\"rcuQ6b:npT2md;tuz4af:RrAr1;nptbHe:XEuVS;h5M12e\",\"jscontroller\":\"E19wJb\",\"jsdata\":\"XZxcdf;gueORmlH-Red8M;ANEYAU\",\"jsname\":\"dTDiAc\"}","description":"","page":2,"position":22,"title":"","type":"5","typedescription":"image","url":"https://www.pm-review.com/chinas-powder-metallurgy-technology-and-business-forum-2021-set-to-take-place-in-september/","universal_position":16,"md5":"8436406ec1b3eaaf19c2a2ad78bbf5a7"},{"elementAttributes":"{\"class\":\"g Ww4FFb vt6azd tF2Cxc\",\"data-hveid\":\"CGAQAA\",\"data-ved\":\"2ahUKEwjFmMe7x6r6AhVyR2wGHRRnDwYQFSgAegQIYBAA\",\"jsaction\":\"QyLbLe:OMITjf\",\"jscontroller\":\"SC7lYd\",\"lang\":\"en\",\"style\":\"width:600px\"}","description":"Ferrous Metallurgy (Iron, Steel and Alloys) ... MCC - China Metallurgical Group Corporation (China) ... Ltd. (China). SMC Powder Metallurgy Inc. (USA).","page":2,"position":23,"title":"INFOMIMET-Information for the Mining, Mineral and ...","type":"0","typedescription":"organic","url":"http://w3.cetem.gov.br/infomimet/fr_industrias_procmin_metalurgiadopo_en.htm","universal_position":17,"md5":"86651e46caa6e14d822cfa8f9bfb87ca"},{"elementAttributes":"{\"class\":\"g Ww4FFb vt6azd tF2Cxc\",\"data-hveid\":\"CFYQAA\",\"data-ved\":\"2ahUKEwjFmMe7x6r6AhVyR2wGHRRnDwYQFSgAegQIVhAA\",\"jsaction\":\"QyLbLe:OMITjf\",\"jscontroller\":\"SC7lYd\",\"lang\":\"en\",\"style\":\"width:600px\"}","description":"Horizon Technology produces metal powder products that were previously thought impossible to produce with powdered metal technology. Learn more!","page":2,"position":24,"title":"Metal Powder Products | Horizon Technology Metal Parts ...","type":"0","typedescription":"organic","url":"https://www.horizontechnology.biz/","universal_position":18,"md5":"7c50e277c24f5182562f6a60070568c1"},{"elementAttributes":"{\"class\":\"g Ww4FFb vt6azd tF2Cxc\",\"data-hveid\":\"CHQQAA\",\"data-ved\":\"2ahUKEwjFmMe7x6r6AhVyR2wGHRRnDwYQFSgAegQIdBAA\",\"jsaction\":\"QyLbLe:OMITjf\",\"jscontroller\":\"SC7lYd\",\"lang\":\"en\",\"style\":\"width:600px\"}","description":"GKN Powder Metallurgy is your engineering solutions provider, ... properties based on soft magnetic composite materials (SMC) ⚡Unique 3D magnetic flux ...","page":2,"position":25,"title":"GKN Powder Metallurgy - LinkedIn","type":"0","typedescription":"organic","url":"https://www.linkedin.com/company/gknpowdermetallurgy/","universal_position":19,"md5":"e0ca39300094e577f5c17d04d9ae08fa"},{"elementAttributes":"{\"class\":\"g Ww4FFb vt6azd tF2Cxc\",\"data-hveid\":\"CCMQAA\",\"data-ved\":\"2ahUKEwjFmMe7x6r6AhVyR2wGHRRnDwYQFSgAegQIIxAA\",\"jsaction\":\"QyLbLe:OMITjf\",\"jscontroller\":\"SC7lYd\",\"lang\":\"en\",\"style\":\"width:600px\"}","description":"Metal Powder Core. We have a variety of production equipment and complete production lines of alloying smelting, pulverizing, heat treatment, etc., ...","page":2,"position":26,"title":"Metal Powder Core - 广州金南磁性材料有限公司","type":"0","typedescription":"organic","url":"http://www.goldensouth.com.cn/en/product-27379-117952.html","universal_position":20,"md5":"f81536a36dc28d3fc9c3af1ea4838eaa"},{"elementAttributes":"{\"class\":\"g Ww4FFb vt6azd tF2Cxc\",\"data-hveid\":\"CHgQAA\",\"data-ved\":\"2ahUKEwjFmMe7x6r6AhVyR2wGHRRnDwYQFSgAegQIeBAA\",\"jsaction\":\"QyLbLe:OMITjf\",\"jscontroller\":\"SC7lYd\",\"lang\":\"en\",\"style\":\"width:600px\"}","description":"the Chinese Society for Metals (CSM), China Powder Metallurgy Alliance (CPMA), ... SMC Materials in Electrical Machine Prototypes.","page":2,"position":27,"title":"WORLDPM2018 Congress Guide - medmeeting.org","type":"0","typedescription":"organic","url":"http://www.medmeeting.org/Upload/user/709437/file/20180911/20180911130312_0723.pdf","universal_position":21,"md5":"40065a49cb4dd2f6f6d9a1f19a505754"},{"elementAttributes":"{\"class\":\"g Ww4FFb vt6azd tF2Cxc\",\"data-hveid\":\"CHcQAA\",\"data-ved\":\"2ahUKEwjFmMe7x6r6AhVyR2wGHRRnDwYQFSgAegQIdxAA\",\"jsaction\":\"QyLbLe:OMITjf\",\"jscontroller\":\"SC7lYd\",\"lang\":\"en\",\"style\":\"width:600px\"}","description":"Positive economic growth trends in countries like China, India, and Japan have driven demand for powder metallurgy products and applications in recent years ...","page":2,"position":28,"title":"Powder Metallurgy Market | Size, Share | 2022 to 2027","type":"0","typedescription":"organic","url":"https://www.marketdataforecast.com/market-reports/powder-metallurgy-market","universal_position":22,"md5":"39515c541e6356470f4d12acad8bac52"},{"snippets":{"missing-keywords":"smc,"},"elementAttributes":"{\"class\":\"g Ww4FFb vt6azd tF2Cxc\",\"data-hveid\":\"CDcQAA\",\"data-ved\":\"2ahUKEwjFmMe7x6r6AhVyR2wGHRRnDwYQFSgAegQINxAA\",\"jsaction\":\"QyLbLe:OMITjf\",\"jscontroller\":\"SC7lYd\",\"lang\":\"en\",\"style\":\"width:600px\"}","description":"NBTM New Materials Group Co., Ltd. is the listed company (PS code: 600114) mainly for powder metal structural components manufacturing in China market.","page":3,"position":29,"title":"Group Presentation-NBTM NEW MATERIALS GROUP Co., Ltd.","type":"0","typedescription":"organic","url":"https://www.pm-china.com/En/about.html","universal_position":23,"md5":"71cc32a80b3368746be243b3e2f8f45e"},{"elementAttributes":"{\"class\":\"g Ww4FFb vt6azd tF2Cxc\",\"data-hveid\":\"CEgQAA\",\"data-ved\":\"2ahUKEwjFmMe7x6r6AhVyR2wGHRRnDwYQFSgAegQISBAA\",\"jsaction\":\"QyLbLe:OMITjf\",\"jscontroller\":\"SC7lYd\",\"lang\":\"en\",\"style\":\"width:600px\"}","description":"Soft Magnetic Composites (SMC) are insulation coated ferrous powder metal (PM) materials that are molded into a net\u2014or near net\u2014shape component. A high-pressure ...","page":3,"position":30,"title":"Powder Metal | Burgess-Norton","type":"0","typedescription":"organic","url":"https://www.burgessnorton.com/powder-metal/","universal_position":24,"md5":"90d094dc34bd2affa387ce8a5afc67ad"},{"snippets":{"missing-keywords":"smc,"},"elementAttributes":"{\"class\":\"g Ww4FFb vt6azd tF2Cxc\",\"data-hveid\":\"CEUQAA\",\"data-ved\":\"2ahUKEwjFmMe7x6r6AhVyR2wGHRRnDwYQFSgAegQIRRAA\",\"jsaction\":\"QyLbLe:OMITjf\",\"jscontroller\":\"SC7lYd\",\"lang\":\"en\",\"style\":\"width:600px\"}","description":"Hoeganaes, part of GKN Powder Metallurgy, is starting production of high quality automotive grade powders in China for the Asian market.","page":3,"position":31,"title":"GKN Powder Metallurgy begins production of metal powder in ...","type":"0","typedescription":"organic","url":"https://www.gknpm.com/en/news-and-media/news-releases/2016/gkn-powder-metallurgy-begins-production-of-metal-powder-in-china/","universal_position":25,"md5":"d6a9f1dd20c8d7ac8b1a77198d871c28"},{"elementAttributes":"{\"class\":\"g Ww4FFb vt6azd tF2Cxc\",\"data-hveid\":\"CFgQAA\",\"data-ved\":\"2ahUKEwjFmMe7x6r6AhVyR2wGHRRnDwYQFSgAegQIWBAA\",\"jsaction\":\"QyLbLe:OMITjf\",\"jscontroller\":\"SC7lYd\",\"lang\":\"en\",\"style\":\"width:600px\"}","description":"The powder metal TulAmmo 38 Special Ammo - 1000 Rounds of 130 Grain FMJ ... 0 Metal stock. , LTD is a China-based company principally ...","page":3,"position":32,"title":"Special metals stock. 63 - Hotelspreference.ge","type":"0","typedescription":"organic","url":"http://www.new.hotelspreference.ge/9fuo/special-metals-stock.html","universal_position":26,"md5":"c83a39c5fe14703bfc628055ade7f85b"},{"elementAttributes":"{\"class\":\"g Ww4FFb vt6azd tF2Cxc\",\"data-hveid\":\"CCUQAA\",\"data-ved\":\"2ahUKEwjFmMe7x6r6AhVyR2wGHRRnDwYQFSgAegQIJRAA\",\"jsaction\":\"QyLbLe:OMITjf\",\"jscontroller\":\"SC7lYd\",\"lang\":\"en\",\"style\":\"width:600px\"}","description":"SMC Powder Metallurgy was founded in 1949 in St. Marys, Pennsylvania, which is about 120 miles northeast of Pittsburgh. Powder metallurgy (P/M) is an ...","page":3,"position":33,"title":"SMC Powder Metallurgy : Quotes, Address, Contact - AZoM","type":"0","typedescription":"organic","url":"https://www.azom.com/suppliers.aspx?SupplierID=9966","universal_position":27,"md5":"0ec2df6b31795ff08836eded56bde346"},{"snippets":{"missing-keywords":"smc,"},"elementAttributes":"{\"class\":\"g Ww4FFb vt6azd tF2Cxc\",\"data-hveid\":\"CCQQAA\",\"data-ved\":\"2ahUKEwjFmMe7x6r6AhVyR2wGHRRnDwYQFSgAegQIJBAA\",\"jsaction\":\"QyLbLe:OMITjf\",\"jscontroller\":\"SC7lYd\",\"lang\":\"en\",\"style\":\"width:600px\"}","description":"As the pioneer of \"3D printing + Powder Metallurgy\" and the new productivity potential unicorn enterprise in China, UPRISE 3D was invited to ...","page":3,"position":34,"title":"Participated in the 2021 National Powder Metallurgy Conference","type":"0","typedescription":"organic","url":"https://www.uprise3d.com/cn_news/details-19.html","universal_position":28,"md5":"c242706f74f4d64279911d4b66ca5ef7"},{"elementAttributes":"{\"class\":\"g Ww4FFb vt6azd tF2Cxc\",\"data-hveid\":\"CCYQAA\",\"data-ved\":\"2ahUKEwjFmMe7x6r6AhVyR2wGHRRnDwYQFSgAegQIJhAA\",\"jsaction\":\"QyLbLe:OMITjf\",\"jscontroller\":\"SC7lYd\",\"lang\":\"en\",\"style\":\"width:600px\"}","description":"depth introduction to the technologies used in China's ... metalworking, die casting, powder metal processing.","page":3,"position":35,"title":"Improving Large Assembly Design","type":"0","typedescription":"organic","url":"https://m.tvdirect.tv/improving-large-assembly-design/view_all.cgi=RopFhELyo4UJ&sitesec=reviews&redir_esc=y","universal_position":29,"md5":"5ca22202a13e3a00896fc9445e609945"},{"elementAttributes":"{\"class\":\"g Ww4FFb vt6azd tF2Cxc\",\"data-hveid\":\"CCgQAA\",\"data-ved\":\"2ahUKEwjFmMe7x6r6AhVyR2wGHRRnDwYQFSgAegQIKBAA\",\"jsaction\":\"QyLbLe:OMITjf\",\"jscontroller\":\"SC7lYd\",\"lang\":\"en\",\"style\":\"width:600px\"}","description":"SMC Corporation is the world's largest pneumatics company dedicated to factory ... Sodium borohydride is a white to grayish crystalline powder.","page":3,"position":36,"title":"02m shifter - CasinoBuck Review 2021","type":"0","typedescription":"organic","url":"https://testbuck-559.de/02m-shifter.html","universal_position":30,"md5":"e1e58370cb444c8fc753ae24d4259bad"},{"elementAttributes":"{\"data-hveid\":\"CHEQAA\",\"data-ved\":\"2ahUKEwjFmMe7x6r6AhVyR2wGHRRnDwYQ5wEoAHoECHEQAA\",\"lang\":\"en\"}","description":"... refined ( for use in organic coatings ) Oil ; tung ( China -- wood ... table type Openers , envelope Openers , envelope , metal Openers , letter , hand ...","page":3,"position":37,"title":"Index of Specifications and Standards (used By) Department ...","type":"0","typedescription":"organic","url":"https://books.google.com/books?id=buFfTfNgISgC&pg=PA127&lpg=PA127&dq=china+smc+powder+metallurgy&source=bl&ots=DZqUl3qcSz&sig=ACfU3U2iKtzg7EBO3noY6Izf1ceUsd3w0A&hl=en&sa=X&ved=2ahUKEwjFmMe7x6r6AhVyR2wGHRRnDwYQ6AF6BAhxEAM","universal_position":31,"md5":"5e984285ecfe5a4fc74c35abd33453a0"},{"elementAttributes":"{\"data-hveid\":\"CHUQAA\",\"data-ved\":\"2ahUKEwjFmMe7x6r6AhVyR2wGHRRnDwYQ5wEoAHoECHUQAA\",\"lang\":\"en\"}","description":"\u201cDesign of a Shape Memory Composite(SMC) Using 4D Printing Technology\u201d. ... NiTi Alloy by Direct Metal Deposition of Mechanically Alloyed Powder Mixtures\u201d.","page":3,"position":38,"title":"Smart 3D Nanoprinting: Fundamentals, Materials, and Applications","type":"0","typedescription":"organic","url":"https://books.google.com/books?id=FSl3EAAAQBAJ&pg=PT213&lpg=PT213&dq=china+smc+powder+metallurgy&source=bl&ots=o0F7dX-mEb&sig=ACfU3U1_2m36Yd_To44uMW3ODEk7hxrrqg&hl=en&sa=X&ved=2ahUKEwjFmMe7x6r6AhVyR2wGHRRnDwYQ6AF6BAh1EAM","universal_position":32,"md5":"ea033c1d8136f88cc3e628e3ec96e1d5"}],"server_id":61715,"adwords_bottom":[],"depth":5,"adwords_shop":[],"location":"US","rankdata":[{"elementAttributes":"{\"data-hveid\":\"CBQQAA\",\"data-ved\":\"2ahUKEwjFmMe7x6r6AhVyR2wGHRRnDwYQFSgAegQIFBAA\",\"jsaction\":\"QyLbLe:OMITjf\",\"jscontroller\":\"SC7lYd\",\"lang\":\"en\",\"style\":\"width:600px\"}","description":"China's Powder Metallurgy Technology and Business Forum 2021 set to take place in September. The 2021 edition of the Powder Metallurgy.","page":1,"position":1,"title":"China's Powder Metallurgy Technology and Business Forum ...","type":"0","typedescription":"organic","url":"https://www.pm-review.com/chinas-powder-metallurgy-technology-and-business-forum-2021-set-to-take-place-in-september/","universal_position":1,"md5":"f034fb90cb4f3556b2199da32ea26824"},{"snippets":{"indented":"yes"},"elementAttributes":"{\"class\":\"MYVUIe\"}","description":"SMC Powder Metallurgy, headquartered in St. Marys, Pennsylvania, USA, has changed its name, officially becoming Catalus Corporation on October 1 ...","page":1,"position":2,"title":"SMC Powder Metallurgy changes name to Catalus Corporation","type":"0","typedescription":"organic","url":"https://www.pm-review.com/smc-powder-metallurgy-changes-name-to-catalus-corporation/","universal_position":2,"md5":"50758ec8aabff37ed907bf96872ff657"},{"elementAttributes":"{\"class\":\"g Ww4FFb vt6azd tF2Cxc\",\"data-hveid\":\"CAoQAA\",\"data-ved\":\"2ahUKEwjFmMe7x6r6AhVyR2wGHRRnDwYQFSgAegQIChAA\",\"jsaction\":\"QyLbLe:OMITjf\",\"jscontroller\":\"SC7lYd\",\"lang\":\"en\",\"style\":\"width:600px\"}","description":"We take \"customer-friendly, quality-oriented, integrative, innovative\" as objectives. \"Truth and honesty\" is our management ideal for wholesale smc powder ...","page":1,"position":3,"title":"China Wholesale Smc Powder Metallurgy Manufacturers and ...","type":"0","typedescription":"organic","url":"https://www.zx-hydraulic.com/wholesale-smc-powder-metallurgy/","universal_position":3,"md5":"4885022ccf1b8438ce11f7fcdc48bd87"},{"elementAttributes":"{\"class\":\"g Ww4FFb vt6azd tF2Cxc\",\"data-hveid\":\"CAkQAA\",\"data-ved\":\"2ahUKEwjFmMe7x6r6AhVyR2wGHRRnDwYQFSgAegQICRAA\",\"jsaction\":\"QyLbLe:OMITjf\",\"jscontroller\":\"SC7lYd\",\"lang\":\"en\",\"style\":\"width:600px\"}","description":"SMC Powder Metallurgy, Inc. manufactures custom powdered metal parts. The Company offers stainless steel, ferrous, and self lubricating parts.","page":1,"position":4,"title":"SMC Powder Metallurgy Inc - Company Profile and News","type":"0","typedescription":"organic","url":"https://www.bloomberg.com/profile/company/0521965D:US","universal_position":4,"md5":"a57f91961b5ea42ecbbba7f477a8286f"},{"elementAttributes":"{\"data-hveid\":\"CBAQAA\",\"data-ved\":\"2ahUKEwjFmMe7x6r6AhVyR2wGHRRnDwYQFSgAegQIEBAA\",\"jsaction\":\"QyLbLe:OMITjf\",\"jscontroller\":\"SC7lYd\",\"lang\":\"en\",\"style\":\"width:600px\"}","description":"China Powder Metallurgy Press manufacturers - Select 2022 high quality Powder Metallurgy Press products in best price from certified Chinese ...","page":1,"position":5,"title":"Powder Metallurgy Press manufacturers & suppliers","type":"0","typedescription":"organic","url":"https://www.made-in-china.com/products-search/hot-china-products/Powder_Metallurgy_Press.html","universal_position":5,"md5":"e8b6f685cc6a56269e2d962e6ee0d613"},{"snippets":{"indented":"yes"},"elementAttributes":"{\"class\":\"MYVUIe\"}","description":"China Powder Metallurgy manufacturers - Select 2022 high quality Powder Metallurgy products in best price from certified Chinese Magnet, ...","page":1,"position":6,"title":"Powder Metallurgy manufacturers & suppliers","type":"0","typedescription":"organic","url":"https://www.made-in-china.com/products-search/hot-china-products/Powder_Metallurgy.html","universal_position":6,"md5":"28a43adf2f846d9bf3ce35a5ca55f25e"},{"elementAttributes":"{\"class\":\"g Ww4FFb vt6azd tF2Cxc\",\"data-hveid\":\"CAgQAA\",\"data-ved\":\"2ahUKEwjFmMe7x6r6AhVyR2wGHRRnDwYQFSgAegQICBAA\",\"jsaction\":\"QyLbLe:OMITjf\",\"jscontroller\":\"SC7lYd\",\"lang\":\"en\",\"style\":\"width:600px\"}","description":"Dublin, Oct. 08, 2018 (GLOBE NEWSWIRE) -- The \"Powder Metallurgy - A ... Rio Tinto Metal Powders (Canada); Sandvik AB (Sweden); SMC Powder ...","page":1,"position":7,"title":"$7.8 Billion Powder Metallurgy Market - Global Overview","type":"0","typedescription":"organic","url":"https://www.globenewswire.com/news-release/2018/10/08/1617797/0/en/7-8-Billion-Powder-Metallurgy-Market-Global-Overview-Report-2018.html","universal_position":7,"md5":"0bc902fe790e8e3881e0f5172a9bf3a0"},{"elementAttributes":"{\"class\":\"g Ww4FFb vt6azd tF2Cxc\",\"data-hveid\":\"CFcQAA\",\"data-ved\":\"2ahUKEwjFmMe7x6r6AhVyR2wGHRRnDwYQFSgAegQIVxAA\",\"jsaction\":\"QyLbLe:OMITjf\",\"jscontroller\":\"SC7lYd\",\"lang\":\"en\",\"style\":\"width:600px\"}","description":"As a leading global supplier of sintered automotive components and systems PMG Group develops tailored powder metal solutions for its customers that set ...","page":1,"position":8,"title":"PMG - Passion drives us.","type":"0","typedescription":"organic","url":"https://www.pmgsinter.com/","universal_position":8,"md5":"3cbde8be469d07236fdc3714839be3f0"},{"elementAttributes":"{\"class\":\"g Ww4FFb vt6azd tF2Cxc\",\"data-hveid\":\"CGkQAA\",\"data-ved\":\"2ahUKEwjFmMe7x6r6AhVyR2wGHRRnDwYQFSgAegQIaRAA\",\"jsaction\":\"QyLbLe:OMITjf\",\"jscontroller\":\"SC7lYd\",\"lang\":\"en\",\"style\":\"width:600px\"}","description":"A soft magnetic composites (SMC) specialist, MPP supplies SMC components to ... growth opportunities in China,\u201d said Dennis McKeen, CEO.","page":1,"position":9,"title":"Blog - Metal Powder Products","type":"0","typedescription":"organic","url":"https://mppinnovation.com/blog","universal_position":9,"md5":"0fc36e64998279a1d8490a1da886faa1"},{"elementAttributes":"{\"class\":\"wQiwMc related-question-pair\",\"data-ved\":\"2ahUKEwjFmMe7x6r6AhVyR2wGHRRnDwYQq7kBKAB6BAhCEAA\",\"jsaction\":\"rcuQ6b:npT2md;\",\"jscontroller\":\"d2p3q\"}","description":"","page":1,"position":10,"title":"Which industries use powder metallurgy?","type":"15","typedescription":"related questions","url":"https://www.bccresearch.com/market-research/advanced-materials/top-ten-companies-powder-metallurgy.html","universal_position":10,"md5":"15a6bd8956c6460bf3614054a3b62997"},{"elementAttributes":"{\"class\":\"wQiwMc related-question-pair\",\"data-ved\":\"2ahUKEwjFmMe7x6r6AhVyR2wGHRRnDwYQq7kBKAB6BAhvEAA\",\"jsaction\":\"rcuQ6b:npT2md;\",\"jscontroller\":\"d2p3q\"}","description":"","page":1,"position":11,"title":"What are the four main steps in powder metallurgy?","type":"15","typedescription":"related questions","url":"https://www.mpif.org/IntrotoPM/MakingMetalPowder.aspx","universal_position":10,"md5":"78a0c25e4dc2749a8315a2fdc3bb30bf"},{"elementAttributes":"{\"class\":\"wQiwMc related-question-pair\",\"data-ved\":\"2ahUKEwjFmMe7x6r6AhVyR2wGHRRnDwYQq7kBKAB6BAheEAA\",\"jsaction\":\"rcuQ6b:npT2md;\",\"jscontroller\":\"d2p3q\"}","description":"","page":1,"position":12,"title":"What is powder metallurgy used for?","type":"15","typedescription":"related questions","url":"https://www.hoganas.com/en/powder-technologies/powder-metallurgy/","universal_position":10,"md5":"3b038eaefa619a488bb8f0345b39cbae"},{"elementAttributes":"{\"class\":\"wQiwMc related-question-pair\",\"data-ved\":\"2ahUKEwjFmMe7x6r6AhVyR2wGHRRnDwYQq7kBKAB6BAhVEAA\",\"jsaction\":\"rcuQ6b:npT2md;\",\"jscontroller\":\"d2p3q\"}","description":"","page":1,"position":13,"title":"What is sintering powder?","type":"15","typedescription":"related questions","url":"https://www.pm-review.com/introduction-to-powder-metallurgy/sintering-in-the-powder-metallurgy-process/","universal_position":10,"md5":"2673e9a88e325b937204aaa8d3b8038c"},{"elementAttributes":"{\"data-hveid\":\"CDIQAA\",\"data-ved\":\"2ahUKEwjFmMe7x6r6AhVyR2wGHRRnDwYQFSgAegQIMhAA\",\"jsaction\":\"QyLbLe:OMITjf\",\"jscontroller\":\"SC7lYd\",\"lang\":\"en\",\"style\":\"width:600px\"}","description":"Our metal powders are used in many different processes and thousands of applications. The metal powder products we offer are supported by a wide range of ...","page":1,"position":14,"title":"Metal powder technologies | Höganäs - Hoganas","type":"0","typedescription":"organic","url":"https://www.hoganas.com/en/powder-technologies/","universal_position":11,"md5":"2922d5830abd9ba19e7dc55b83b0ec41"},{"snippets":{"indented":"yes"},"elementAttributes":"{\"class\":\"MYVUIe\"}","description":"Powder metallurgy is a metal-forming process of ferrous-powdered materials performed by pressing and sintering metal powder compacts near to net shape of ...","page":2,"position":15,"title":"Powder Metallurgy | Höganäs - Hoganas","type":"0","typedescription":"organic","url":"https://www.hoganas.com/en/powder-technologies/powder-metallurgy/","universal_position":12,"md5":"c09b65942b557fb253737ebe7a636ae8"},{"snippets":{"missing-keywords":"smc,"},"elementAttributes":"{\"class\":\"g Ww4FFb vt6azd tF2Cxc\",\"data-hveid\":\"CHMQAA\",\"data-ved\":\"2ahUKEwjFmMe7x6r6AhVyR2wGHRRnDwYQFSgAegQIcxAA\",\"jsaction\":\"QyLbLe:OMITjf\",\"jscontroller\":\"SC7lYd\",\"lang\":\"en\",\"style\":\"width:600px\"}","description":"JN Sinter Metals Co., Ltd (Hangzhou Eastern Magnetic Industry Co., Ltd) is Chinese Powder Metals parts manufacturers and Custom Powder Metals parts ...","page":2,"position":16,"title":"Chinese Custom Powder Metals Parts Manufacturers, Suppliers","type":"0","typedescription":"organic","url":"https://www.powder-metallurgy.com/","universal_position":13,"md5":"47a92b816173126181f6775f00413dda"},{"elementAttributes":"{\"class\":\"g Ww4FFb vt6azd tF2Cxc\",\"data-hveid\":\"CHYQAA\",\"data-ved\":\"2ahUKEwjFmMe7x6r6AhVyR2wGHRRnDwYQFSgAegQIdhAA\",\"jsaction\":\"QyLbLe:OMITjf\",\"jscontroller\":\"SC7lYd\",\"lang\":\"en\",\"style\":\"width:600px\"}","description":"Since 1939, Catalus Corporation has been an innovative leader in advanced manufacturing and powder metallurgy technology. Our collaborative approach stands ...","page":2,"position":17,"title":"Catalus Corporation | Advanced Manufacturing & Powder ...","type":"0","typedescription":"organic","url":"https://cataluscorp.com/","universal_position":14,"md5":"062fdda87106eef88bfea3ca7f5e4304"},{"elementAttributes":"{\"class\":\"g Ww4FFb vt6azd tF2Cxc\",\"data-hveid\":\"CEcQAA\",\"data-ved\":\"2ahUKEwjFmMe7x6r6AhVyR2wGHRRnDwYQFSgAegQIRxAA\",\"jsaction\":\"QyLbLe:OMITjf\",\"jscontroller\":\"SC7lYd\",\"lang\":\"en\",\"style\":\"width:600px\"}","description":"Aug 9, 2018 - SMC Pneumatics EBES Sintered Metal Element Filters,Powder Metallurgy (PM) for Beginners - European Powder Metallurgy,Powder Metallurgy ...","page":2,"position":18,"title":"Powder metallurgy, Steel, Metal - Pinterest","type":"0","typedescription":"organic","url":"https://www.pinterest.com/pin/576108977328601609/","universal_position":15,"md5":"15386f0e3c7de667fc8c765adac0d1e7"},{"elementAttributes":"{\"class\":\"eA0Zlc WghbWd JX86yc ivg-i PZPZlf\",\"data-attrid\":\"images universal\",\"data-docid\":\"M9eyPOFTKoBLOM\",\"data-hveid\":\"CCIQAA\",\"data-lpage\":\"https://www.powder-metallurgy.com/\",\"data-ved\":\"2ahUKEwjFmMe7x6r6AhVyR2wGHRRnDwYQ9AF6BAgiEAA\",\"jsaction\":\"rcuQ6b:npT2md;tuz4af:RrAr1;nptbHe:XEuVS;h5M12e\",\"jscontroller\":\"E19wJb\",\"jsdata\":\"XZxcdf;M9eyPOFTKoBLOM;ANEX9M\",\"jsname\":\"dTDiAc\"}","description":"","page":2,"position":19,"title":"","type":"5","typedescription":"image","url":"https://www.powder-metallurgy.com/","universal_position":16,"md5":"68bfd8b2613089b2ada96b2a8adb0740"},{"elementAttributes":"{\"class\":\"eA0Zlc WghbWd JX86yc ivg-i PZPZlf\",\"data-attrid\":\"images universal\",\"data-docid\":\"qQoSQAEKsL4L_M\",\"data-hveid\":\"CIEBEAA\",\"data-lpage\":\"https://www.pm-review.com/pmg-acquires-chinas-yangzhou-leader-powder-metallurgy/\",\"data-ved\":\"2ahUKEwjFmMe7x6r6AhVyR2wGHRRnDwYQ9AF6BQiBARAA\",\"jsaction\":\"rcuQ6b:npT2md;tuz4af:RrAr1;nptbHe:XEuVS;h5M12e\",\"jscontroller\":\"E19wJb\",\"jsdata\":\"XZxcdf;qQoSQAEKsL4L_M;ANEYA4\",\"jsname\":\"dTDiAc\"}","description":"","page":2,"position":20,"title":"","type":"5","typedescription":"image","url":"https://www.pm-review.com/pmg-acquires-chinas-yangzhou-leader-powder-metallurgy/","universal_position":16,"md5":"73cc4414a035236634a11b0b8c5f5fd1"},{"elementAttributes":"{\"class\":\"eA0Zlc WghbWd JX86yc ivg-i PZPZlf\",\"data-attrid\":\"images universal\",\"data-docid\":\"r9PWwgQTzjuyOM\",\"data-hveid\":\"CHkQAA\",\"data-lpage\":\"https://www.pm-review.com/smc-powder-metallurgy-changes-name-to-catalus-corporation/\",\"data-ved\":\"2ahUKEwjFmMe7x6r6AhVyR2wGHRRnDwYQ9AF6BAh5EAA\",\"jsaction\":\"rcuQ6b:npT2md;tuz4af:RrAr1;nptbHe:XEuVS;h5M12e\",\"jscontroller\":\"E19wJb\",\"jsdata\":\"XZxcdf;r9PWwgQTzjuyOM;ANEYA0\",\"jsname\":\"dTDiAc\"}","description":"","page":2,"position":21,"title":"","type":"5","typedescription":"image","url":"https://www.pm-review.com/smc-powder-metallurgy-changes-name-to-catalus-corporation/","universal_position":16,"md5":"94391031d13d99a6eb6ffb6bd4a0af92"},{"elementAttributes":"{\"class\":\"eA0Zlc WghbWd JX86yc ivg-i PZPZlf\",\"data-attrid\":\"images universal\",\"data-docid\":\"gueORmlH-Red8M\",\"data-hveid\":\"CHAQAA\",\"data-lpage\":\"https://www.pm-review.com/chinas-powder-metallurgy-technology-and-business-forum-2021-set-to-take-place-in-september/\",\"data-ved\":\"2ahUKEwjFmMe7x6r6AhVyR2wGHRRnDwYQ9AF6BAhwEAA\",\"jsaction\":\"rcuQ6b:npT2md;tuz4af:RrAr1;nptbHe:XEuVS;h5M12e\",\"jscontroller\":\"E19wJb\",\"jsdata\":\"XZxcdf;gueORmlH-Red8M;ANEYAU\",\"jsname\":\"dTDiAc\"}","description":"","page":2,"position":22,"title":"","type":"5","typedescription":"image","url":"https://www.pm-review.com/chinas-powder-metallurgy-technology-and-business-forum-2021-set-to-take-place-in-september/","universal_position":16,"md5":"8436406ec1b3eaaf19c2a2ad78bbf5a7"},{"elementAttributes":"{\"class\":\"g Ww4FFb vt6azd tF2Cxc\",\"data-hveid\":\"CGAQAA\",\"data-ved\":\"2ahUKEwjFmMe7x6r6AhVyR2wGHRRnDwYQFSgAegQIYBAA\",\"jsaction\":\"QyLbLe:OMITjf\",\"jscontroller\":\"SC7lYd\",\"lang\":\"en\",\"style\":\"width:600px\"}","description":"Ferrous Metallurgy (Iron, Steel and Alloys) ... MCC - China Metallurgical Group Corporation (China) ... Ltd. (China). SMC Powder Metallurgy Inc. (USA).","page":2,"position":23,"title":"INFOMIMET-Information for the Mining, Mineral and ...","type":"0","typedescription":"organic","url":"http://w3.cetem.gov.br/infomimet/fr_industrias_procmin_metalurgiadopo_en.htm","universal_position":17,"md5":"86651e46caa6e14d822cfa8f9bfb87ca"},{"elementAttributes":"{\"class\":\"g Ww4FFb vt6azd tF2Cxc\",\"data-hveid\":\"CFYQAA\",\"data-ved\":\"2ahUKEwjFmMe7x6r6AhVyR2wGHRRnDwYQFSgAegQIVhAA\",\"jsaction\":\"QyLbLe:OMITjf\",\"jscontroller\":\"SC7lYd\",\"lang\":\"en\",\"style\":\"width:600px\"}","description":"Horizon Technology produces metal powder products that were previously thought impossible to produce with powdered metal technology. Learn more!","page":2,"position":24,"title":"Metal Powder Products | Horizon Technology Metal Parts ...","type":"0","typedescription":"organic","url":"https://www.horizontechnology.biz/","universal_position":18,"md5":"7c50e277c24f5182562f6a60070568c1"},{"elementAttributes":"{\"class\":\"g Ww4FFb vt6azd tF2Cxc\",\"data-hveid\":\"CHQQAA\",\"data-ved\":\"2ahUKEwjFmMe7x6r6AhVyR2wGHRRnDwYQFSgAegQIdBAA\",\"jsaction\":\"QyLbLe:OMITjf\",\"jscontroller\":\"SC7lYd\",\"lang\":\"en\",\"style\":\"width:600px\"}","description":"GKN Powder Metallurgy is your engineering solutions provider, ... properties based on soft magnetic composite materials (SMC) ⚡Unique 3D magnetic flux ...","page":2,"position":25,"title":"GKN Powder Metallurgy - LinkedIn","type":"0","typedescription":"organic","url":"https://www.linkedin.com/company/gknpowdermetallurgy/","universal_position":19,"md5":"e0ca39300094e577f5c17d04d9ae08fa"},{"elementAttributes":"{\"class\":\"g Ww4FFb vt6azd tF2Cxc\",\"data-hveid\":\"CCMQAA\",\"data-ved\":\"2ahUKEwjFmMe7x6r6AhVyR2wGHRRnDwYQFSgAegQIIxAA\",\"jsaction\":\"QyLbLe:OMITjf\",\"jscontroller\":\"SC7lYd\",\"lang\":\"en\",\"style\":\"width:600px\"}","description":"Metal Powder Core. We have a variety of production equipment and complete production lines of alloying smelting, pulverizing, heat treatment, etc., ...","page":2,"position":26,"title":"Metal Powder Core - 广州金南磁性材料有限公司","type":"0","typedescription":"organic","url":"http://www.goldensouth.com.cn/en/product-27379-117952.html","universal_position":20,"md5":"f81536a36dc28d3fc9c3af1ea4838eaa"},{"elementAttributes":"{\"class\":\"g Ww4FFb vt6azd tF2Cxc\",\"data-hveid\":\"CHgQAA\",\"data-ved\":\"2ahUKEwjFmMe7x6r6AhVyR2wGHRRnDwYQFSgAegQIeBAA\",\"jsaction\":\"QyLbLe:OMITjf\",\"jscontroller\":\"SC7lYd\",\"lang\":\"en\",\"style\":\"width:600px\"}","description":"the Chinese Society for Metals (CSM), China Powder Metallurgy Alliance (CPMA), ... SMC Materials in Electrical Machine Prototypes.","page":2,"position":27,"title":"WORLDPM2018 Congress Guide - medmeeting.org","type":"0","typedescription":"organic","url":"http://www.medmeeting.org/Upload/user/709437/file/20180911/20180911130312_0723.pdf","universal_position":21,"md5":"40065a49cb4dd2f6f6d9a1f19a505754"},{"elementAttributes":"{\"class\":\"g Ww4FFb vt6azd tF2Cxc\",\"data-hveid\":\"CHcQAA\",\"data-ved\":\"2ahUKEwjFmMe7x6r6AhVyR2wGHRRnDwYQFSgAegQIdxAA\",\"jsaction\":\"QyLbLe:OMITjf\",\"jscontroller\":\"SC7lYd\",\"lang\":\"en\",\"style\":\"width:600px\"}","description":"Positive economic growth trends in countries like China, India, and Japan have driven demand for powder metallurgy products and applications in recent years ...","page":2,"position":28,"title":"Powder Metallurgy Market | Size, Share | 2022 to 2027","type":"0","typedescription":"organic","url":"https://www.marketdataforecast.com/market-reports/powder-metallurgy-market","universal_position":22,"md5":"39515c541e6356470f4d12acad8bac52"},{"snippets":{"missing-keywords":"smc,"},"elementAttributes":"{\"class\":\"g Ww4FFb vt6azd tF2Cxc\",\"data-hveid\":\"CDcQAA\",\"data-ved\":\"2ahUKEwjFmMe7x6r6AhVyR2wGHRRnDwYQFSgAegQINxAA\",\"jsaction\":\"QyLbLe:OMITjf\",\"jscontroller\":\"SC7lYd\",\"lang\":\"en\",\"style\":\"width:600px\"}","description":"NBTM New Materials Group Co., Ltd. is the listed company (PS code: 600114) mainly for powder metal structural components manufacturing in China market.","page":3,"position":29,"title":"Group Presentation-NBTM NEW MATERIALS GROUP Co., Ltd.","type":"0","typedescription":"organic","url":"https://www.pm-china.com/En/about.html","universal_position":23,"md5":"71cc32a80b3368746be243b3e2f8f45e"},{"elementAttributes":"{\"class\":\"g Ww4FFb vt6azd tF2Cxc\",\"data-hveid\":\"CEgQAA\",\"data-ved\":\"2ahUKEwjFmMe7x6r6AhVyR2wGHRRnDwYQFSgAegQISBAA\",\"jsaction\":\"QyLbLe:OMITjf\",\"jscontroller\":\"SC7lYd\",\"lang\":\"en\",\"style\":\"width:600px\"}","description":"Soft Magnetic Composites (SMC) are insulation coated ferrous powder metal (PM) materials that are molded into a net\u2014or near net\u2014shape component. A high-pressure ...","page":3,"position":30,"title":"Powder Metal | Burgess-Norton","type":"0","typedescription":"organic","url":"https://www.burgessnorton.com/powder-metal/","universal_position":24,"md5":"90d094dc34bd2affa387ce8a5afc67ad"},{"snippets":{"missing-keywords":"smc,"},"elementAttributes":"{\"class\":\"g Ww4FFb vt6azd tF2Cxc\",\"data-hveid\":\"CEUQAA\",\"data-ved\":\"2ahUKEwjFmMe7x6r6AhVyR2wGHRRnDwYQFSgAegQIRRAA\",\"jsaction\":\"QyLbLe:OMITjf\",\"jscontroller\":\"SC7lYd\",\"lang\":\"en\",\"style\":\"width:600px\"}","description":"Hoeganaes, part of GKN Powder Metallurgy, is starting production of high quality automotive grade powders in China for the Asian market.","page":3,"position":31,"title":"GKN Powder Metallurgy begins production of metal powder in ...","type":"0","typedescription":"organic","url":"https://www.gknpm.com/en/news-and-media/news-releases/2016/gkn-powder-metallurgy-begins-production-of-metal-powder-in-china/","universal_position":25,"md5":"d6a9f1dd20c8d7ac8b1a77198d871c28"},{"elementAttributes":"{\"class\":\"g Ww4FFb vt6azd tF2Cxc\",\"data-hveid\":\"CFgQAA\",\"data-ved\":\"2ahUKEwjFmMe7x6r6AhVyR2wGHRRnDwYQFSgAegQIWBAA\",\"jsaction\":\"QyLbLe:OMITjf\",\"jscontroller\":\"SC7lYd\",\"lang\":\"en\",\"style\":\"width:600px\"}","description":"The powder metal TulAmmo 38 Special Ammo - 1000 Rounds of 130 Grain FMJ ... 0 Metal stock. , LTD is a China-based company principally ...","page":3,"position":32,"title":"Special metals stock. 63 - Hotelspreference.ge","type":"0","typedescription":"organic","url":"http://www.new.hotelspreference.ge/9fuo/special-metals-stock.html","universal_position":26,"md5":"c83a39c5fe14703bfc628055ade7f85b"},{"elementAttributes":"{\"class\":\"g Ww4FFb vt6azd tF2Cxc\",\"data-hveid\":\"CCUQAA\",\"data-ved\":\"2ahUKEwjFmMe7x6r6AhVyR2wGHRRnDwYQFSgAegQIJRAA\",\"jsaction\":\"QyLbLe:OMITjf\",\"jscontroller\":\"SC7lYd\",\"lang\":\"en\",\"style\":\"width:600px\"}","description":"SMC Powder Metallurgy was founded in 1949 in St. Marys, Pennsylvania, which is about 120 miles northeast of Pittsburgh. Powder metallurgy (P/M) is an ...","page":3,"position":33,"title":"SMC Powder Metallurgy : Quotes, Address, Contact - AZoM","type":"0","typedescription":"organic","url":"https://www.azom.com/suppliers.aspx?SupplierID=9966","universal_position":27,"md5":"0ec2df6b31795ff08836eded56bde346"},{"snippets":{"missing-keywords":"smc,"},"elementAttributes":"{\"class\":\"g Ww4FFb vt6azd tF2Cxc\",\"data-hveid\":\"CCQQAA\",\"data-ved\":\"2ahUKEwjFmMe7x6r6AhVyR2wGHRRnDwYQFSgAegQIJBAA\",\"jsaction\":\"QyLbLe:OMITjf\",\"jscontroller\":\"SC7lYd\",\"lang\":\"en\",\"style\":\"width:600px\"}","description":"As the pioneer of \"3D printing + Powder Metallurgy\" and the new productivity potential unicorn enterprise in China, UPRISE 3D was invited to ...","page":3,"position":34,"title":"Participated in the 2021 National Powder Metallurgy Conference","type":"0","typedescription":"organic","url":"https://www.uprise3d.com/cn_news/details-19.html","universal_position":28,"md5":"c242706f74f4d64279911d4b66ca5ef7"},{"elementAttributes":"{\"class\":\"g Ww4FFb vt6azd tF2Cxc\",\"data-hveid\":\"CCYQAA\",\"data-ved\":\"2ahUKEwjFmMe7x6r6AhVyR2wGHRRnDwYQFSgAegQIJhAA\",\"jsaction\":\"QyLbLe:OMITjf\",\"jscontroller\":\"SC7lYd\",\"lang\":\"en\",\"style\":\"width:600px\"}","description":"depth introduction to the technologies used in China's ... metalworking, die casting, powder metal processing.","page":3,"position":35,"title":"Improving Large Assembly Design","type":"0","typedescription":"organic","url":"https://m.tvdirect.tv/improving-large-assembly-design/view_all.cgi=RopFhELyo4UJ&sitesec=reviews&redir_esc=y","universal_position":29,"md5":"5ca22202a13e3a00896fc9445e609945"},{"elementAttributes":"{\"class\":\"g Ww4FFb vt6azd tF2Cxc\",\"data-hveid\":\"CCgQAA\",\"data-ved\":\"2ahUKEwjFmMe7x6r6AhVyR2wGHRRnDwYQFSgAegQIKBAA\",\"jsaction\":\"QyLbLe:OMITjf\",\"jscontroller\":\"SC7lYd\",\"lang\":\"en\",\"style\":\"width:600px\"}","description":"SMC Corporation is the world's largest pneumatics company dedicated to factory ... Sodium borohydride is a white to grayish crystalline powder.","page":3,"position":36,"title":"02m shifter - CasinoBuck Review 2021","type":"0","typedescription":"organic","url":"https://testbuck-559.de/02m-shifter.html","universal_position":30,"md5":"e1e58370cb444c8fc753ae24d4259bad"},{"elementAttributes":"{\"data-hveid\":\"CHEQAA\",\"data-ved\":\"2ahUKEwjFmMe7x6r6AhVyR2wGHRRnDwYQ5wEoAHoECHEQAA\",\"lang\":\"en\"}","description":"... refined ( for use in organic coatings ) Oil ; tung ( China -- wood ... table type Openers , envelope Openers , envelope , metal Openers , letter , hand ...","page":3,"position":37,"title":"Index of Specifications and Standards (used By) Department ...","type":"0","typedescription":"organic","url":"https://books.google.com/books?id=buFfTfNgISgC&pg=PA127&lpg=PA127&dq=china+smc+powder+metallurgy&source=bl&ots=DZqUl3qcSz&sig=ACfU3U2iKtzg7EBO3noY6Izf1ceUsd3w0A&hl=en&sa=X&ved=2ahUKEwjFmMe7x6r6AhVyR2wGHRRnDwYQ6AF6BAhxEAM","universal_position":31,"md5":"5e984285ecfe5a4fc74c35abd33453a0"},{"elementAttributes":"{\"data-hveid\":\"CHUQAA\",\"data-ved\":\"2ahUKEwjFmMe7x6r6AhVyR2wGHRRnDwYQ5wEoAHoECHUQAA\",\"lang\":\"en\"}","description":"\u201cDesign of a Shape Memory Composite(SMC) Using 4D Printing Technology\u201d. ... NiTi Alloy by Direct Metal Deposition of Mechanically Alloyed Powder Mixtures\u201d.","page":3,"position":38,"title":"Smart 3D Nanoprinting: Fundamentals, Materials, and Applications","type":"0","typedescription":"organic","url":"https://books.google.com/books?id=FSl3EAAAQBAJ&pg=PT213&lpg=PT213&dq=china+smc+powder+metallurgy&source=bl&ots=o0F7dX-mEb&sig=ACfU3U1_2m36Yd_To44uMW3ODEk7hxrrqg&hl=en&sa=X&ved=2ahUKEwjFmMe7x6r6AhVyR2wGHRRnDwYQ6AF6BAh1EAM","universal_position":32,"md5":"ea033c1d8136f88cc3e628e3ec96e1d5"}],"keyword":"china smc powder metallurgy"},"adwords_shop":[],"location":"US","rankdata":[{"elementAttributes":"{\"data-hveid\":\"CBQQAA\",\"data-ved\":\"2ahUKEwjFmMe7x6r6AhVyR2wGHRRnDwYQFSgAegQIFBAA\",\"jsaction\":\"QyLbLe:OMITjf\",\"jscontroller\":\"SC7lYd\",\"lang\":\"en\",\"style\":\"width:600px\"}","description":"China's Powder Metallurgy Technology and Business Forum 2021 set to take place in September. The 2021 edition of the Powder Metallurgy.","page":1,"position":1,"title":"China's Powder Metallurgy Technology and Business Forum ...","type":"0","typedescription":"organic","url":"https://www.pm-review.com/chinas-powder-metallurgy-technology-and-business-forum-2021-set-to-take-place-in-september/","universal_position":1,"md5":"f034fb90cb4f3556b2199da32ea26824"},{"snippets":{"indented":"yes"},"elementAttributes":"{\"class\":\"MYVUIe\"}","description":"SMC Powder Metallurgy, headquartered in St. Marys, Pennsylvania, USA, has changed its name, officially becoming Catalus Corporation on October 1 ...","page":1,"position":2,"title":"SMC Powder Metallurgy changes name to Catalus Corporation","type":"0","typedescription":"organic","url":"https://www.pm-review.com/smc-powder-metallurgy-changes-name-to-catalus-corporation/","universal_position":2,"md5":"50758ec8aabff37ed907bf96872ff657"},{"elementAttributes":"{\"class\":\"g Ww4FFb vt6azd tF2Cxc\",\"data-hveid\":\"CAoQAA\",\"data-ved\":\"2ahUKEwjFmMe7x6r6AhVyR2wGHRRnDwYQFSgAegQIChAA\",\"jsaction\":\"QyLbLe:OMITjf\",\"jscontroller\":\"SC7lYd\",\"lang\":\"en\",\"style\":\"width:600px\"}","description":"We take \"customer-friendly, quality-oriented, integrative, innovative\" as objectives. \"Truth and honesty\" is our management ideal for wholesale smc powder ...","page":1,"position":3,"title":"China Wholesale Smc Powder Metallurgy Manufacturers and ...","type":"0","typedescription":"organic","url":"https://www.zx-hydraulic.com/wholesale-smc-powder-metallurgy/","universal_position":3,"md5":"4885022ccf1b8438ce11f7fcdc48bd87"},{"elementAttributes":"{\"class\":\"g Ww4FFb vt6azd tF2Cxc\",\"data-hveid\":\"CAkQAA\",\"data-ved\":\"2ahUKEwjFmMe7x6r6AhVyR2wGHRRnDwYQFSgAegQICRAA\",\"jsaction\":\"QyLbLe:OMITjf\",\"jscontroller\":\"SC7lYd\",\"lang\":\"en\",\"style\":\"width:600px\"}","description":"SMC Powder Metallurgy, Inc. manufactures custom powdered metal parts. The Company offers stainless steel, ferrous, and self lubricating parts.","page":1,"position":4,"title":"SMC Powder Metallurgy Inc - Company Profile and News","type":"0","typedescription":"organic","url":"https://www.bloomberg.com/profile/company/0521965D:US","universal_position":4,"md5":"a57f91961b5ea42ecbbba7f477a8286f"},{"elementAttributes":"{\"data-hveid\":\"CBAQAA\",\"data-ved\":\"2ahUKEwjFmMe7x6r6AhVyR2wGHRRnDwYQFSgAegQIEBAA\",\"jsaction\":\"QyLbLe:OMITjf\",\"jscontroller\":\"SC7lYd\",\"lang\":\"en\",\"style\":\"width:600px\"}","description":"China Powder Metallurgy Press manufacturers - Select 2022 high quality Powder Metallurgy Press products in best price from certified Chinese ...","page":1,"position":5,"title":"Powder Metallurgy Press manufacturers & suppliers","type":"0","typedescription":"organic","url":"https://www.made-in-china.com/products-search/hot-china-products/Powder_Metallurgy_Press.html","universal_position":5,"md5":"e8b6f685cc6a56269e2d962e6ee0d613"},{"snippets":{"indented":"yes"},"elementAttributes":"{\"class\":\"MYVUIe\"}","description":"China Powder Metallurgy manufacturers - Select 2022 high quality Powder Metallurgy products in best price from certified Chinese Magnet, ...","page":1,"position":6,"title":"Powder Metallurgy manufacturers & suppliers","type":"0","typedescription":"organic","url":"https://www.made-in-china.com/products-search/hot-china-products/Powder_Metallurgy.html","universal_position":6,"md5":"28a43adf2f846d9bf3ce35a5ca55f25e"},{"elementAttributes":"{\"class\":\"g Ww4FFb vt6azd tF2Cxc\",\"data-hveid\":\"CAgQAA\",\"data-ved\":\"2ahUKEwjFmMe7x6r6AhVyR2wGHRRnDwYQFSgAegQICBAA\",\"jsaction\":\"QyLbLe:OMITjf\",\"jscontroller\":\"SC7lYd\",\"lang\":\"en\",\"style\":\"width:600px\"}","description":"Dublin, Oct. 08, 2018 (GLOBE NEWSWIRE) -- The \"Powder Metallurgy - A ... Rio Tinto Metal Powders (Canada); Sandvik AB (Sweden); SMC Powder ...","page":1,"position":7,"title":"$7.8 Billion Powder Metallurgy Market - Global Overview","type":"0","typedescription":"organic","url":"https://www.globenewswire.com/news-release/2018/10/08/1617797/0/en/7-8-Billion-Powder-Metallurgy-Market-Global-Overview-Report-2018.html","universal_position":7,"md5":"0bc902fe790e8e3881e0f5172a9bf3a0"},{"elementAttributes":"{\"class\":\"g Ww4FFb vt6azd tF2Cxc\",\"data-hveid\":\"CFcQAA\",\"data-ved\":\"2ahUKEwjFmMe7x6r6AhVyR2wGHRRnDwYQFSgAegQIVxAA\",\"jsaction\":\"QyLbLe:OMITjf\",\"jscontroller\":\"SC7lYd\",\"lang\":\"en\",\"style\":\"width:600px\"}","description":"As a leading global supplier of sintered automotive components and systems PMG Group develops tailored powder metal solutions for its customers that set ...","page":1,"position":8,"title":"PMG - Passion drives us.","type":"0","typedescription":"organic","url":"https://www.pmgsinter.com/","universal_position":8,"md5":"3cbde8be469d07236fdc3714839be3f0"},{"elementAttributes":"{\"class\":\"g Ww4FFb vt6azd tF2Cxc\",\"data-hveid\":\"CGkQAA\",\"data-ved\":\"2ahUKEwjFmMe7x6r6AhVyR2wGHRRnDwYQFSgAegQIaRAA\",\"jsaction\":\"QyLbLe:OMITjf\",\"jscontroller\":\"SC7lYd\",\"lang\":\"en\",\"style\":\"width:600px\"}","description":"A soft magnetic composites (SMC) specialist, MPP supplies SMC components to ... growth opportunities in China,\u201d said Dennis McKeen, CEO.","page":1,"position":9,"title":"Blog - Metal Powder Products","type":"0","typedescription":"organic","url":"https://mppinnovation.com/blog","universal_position":9,"md5":"0fc36e64998279a1d8490a1da886faa1"},{"elementAttributes":"{\"class\":\"wQiwMc related-question-pair\",\"data-ved\":\"2ahUKEwjFmMe7x6r6AhVyR2wGHRRnDwYQq7kBKAB6BAhCEAA\",\"jsaction\":\"rcuQ6b:npT2md;\",\"jscontroller\":\"d2p3q\"}","description":"","page":1,"position":10,"title":"Which industries use powder metallurgy?","type":"15","typedescription":"related questions","url":"https://www.bccresearch.com/market-research/advanced-materials/top-ten-companies-powder-metallurgy.html","universal_position":10,"md5":"15a6bd8956c6460bf3614054a3b62997"},{"elementAttributes":"{\"class\":\"wQiwMc related-question-pair\",\"data-ved\":\"2ahUKEwjFmMe7x6r6AhVyR2wGHRRnDwYQq7kBKAB6BAhvEAA\",\"jsaction\":\"rcuQ6b:npT2md;\",\"jscontroller\":\"d2p3q\"}","description":"","page":1,"position":11,"title":"What are the four main steps in powder metallurgy?","type":"15","typedescription":"related questions","url":"https://www.mpif.org/IntrotoPM/MakingMetalPowder.aspx","universal_position":10,"md5":"78a0c25e4dc2749a8315a2fdc3bb30bf"},{"elementAttributes":"{\"class\":\"wQiwMc related-question-pair\",\"data-ved\":\"2ahUKEwjFmMe7x6r6AhVyR2wGHRRnDwYQq7kBKAB6BAheEAA\",\"jsaction\":\"rcuQ6b:npT2md;\",\"jscontroller\":\"d2p3q\"}","description":"","page":1,"position":12,"title":"What is powder metallurgy used for?","type":"15","typedescription":"related questions","url":"https://www.hoganas.com/en/powder-technologies/powder-metallurgy/","universal_position":10,"md5":"3b038eaefa619a488bb8f0345b39cbae"},{"elementAttributes":"{\"class\":\"wQiwMc related-question-pair\",\"data-ved\":\"2ahUKEwjFmMe7x6r6AhVyR2wGHRRnDwYQq7kBKAB6BAhVEAA\",\"jsaction\":\"rcuQ6b:npT2md;\",\"jscontroller\":\"d2p3q\"}","description":"","page":1,"position":13,"title":"What is sintering powder?","type":"15","typedescription":"related questions","url":"https://www.pm-review.com/introduction-to-powder-metallurgy/sintering-in-the-powder-metallurgy-process/","universal_position":10,"md5":"2673e9a88e325b937204aaa8d3b8038c"},{"elementAttributes":"{\"data-hveid\":\"CDIQAA\",\"data-ved\":\"2ahUKEwjFmMe7x6r6AhVyR2wGHRRnDwYQFSgAegQIMhAA\",\"jsaction\":\"QyLbLe:OMITjf\",\"jscontroller\":\"SC7lYd\",\"lang\":\"en\",\"style\":\"width:600px\"}","description":"Our metal powders are used in many different processes and thousands of applications. The metal powder products we offer are supported by a wide range of ...","page":1,"position":14,"title":"Metal powder technologies | Höganäs - Hoganas","type":"0","typedescription":"organic","url":"https://www.hoganas.com/en/powder-technologies/","universal_position":11,"md5":"2922d5830abd9ba19e7dc55b83b0ec41"},{"snippets":{"indented":"yes"},"elementAttributes":"{\"class\":\"MYVUIe\"}","description":"Powder metallurgy is a metal-forming process of ferrous-powdered materials performed by pressing and sintering metal powder compacts near to net shape of ...","page":2,"position":15,"title":"Powder Metallurgy | Höganäs - Hoganas","type":"0","typedescription":"organic","url":"https://www.hoganas.com/en/powder-technologies/powder-metallurgy/","universal_position":12,"md5":"c09b65942b557fb253737ebe7a636ae8"},{"snippets":{"missing-keywords":"smc,"},"elementAttributes":"{\"class\":\"g Ww4FFb vt6azd tF2Cxc\",\"data-hveid\":\"CHMQAA\",\"data-ved\":\"2ahUKEwjFmMe7x6r6AhVyR2wGHRRnDwYQFSgAegQIcxAA\",\"jsaction\":\"QyLbLe:OMITjf\",\"jscontroller\":\"SC7lYd\",\"lang\":\"en\",\"style\":\"width:600px\"}","description":"JN Sinter Metals Co., Ltd (Hangzhou Eastern Magnetic Industry Co., Ltd) is Chinese Powder Metals parts manufacturers and Custom Powder Metals parts ...","page":2,"position":16,"title":"Chinese Custom Powder Metals Parts Manufacturers, Suppliers","type":"0","typedescription":"organic","url":"https://www.powder-metallurgy.com/","universal_position":13,"md5":"47a92b816173126181f6775f00413dda"},{"elementAttributes":"{\"class\":\"g Ww4FFb vt6azd tF2Cxc\",\"data-hveid\":\"CHYQAA\",\"data-ved\":\"2ahUKEwjFmMe7x6r6AhVyR2wGHRRnDwYQFSgAegQIdhAA\",\"jsaction\":\"QyLbLe:OMITjf\",\"jscontroller\":\"SC7lYd\",\"lang\":\"en\",\"style\":\"width:600px\"}","description":"Since 1939, Catalus Corporation has been an innovative leader in advanced manufacturing and powder metallurgy technology. Our collaborative approach stands ...","page":2,"position":17,"title":"Catalus Corporation | Advanced Manufacturing & Powder ...","type":"0","typedescription":"organic","url":"https://cataluscorp.com/","universal_position":14,"md5":"062fdda87106eef88bfea3ca7f5e4304"},{"elementAttributes":"{\"class\":\"g Ww4FFb vt6azd tF2Cxc\",\"data-hveid\":\"CEcQAA\",\"data-ved\":\"2ahUKEwjFmMe7x6r6AhVyR2wGHRRnDwYQFSgAegQIRxAA\",\"jsaction\":\"QyLbLe:OMITjf\",\"jscontroller\":\"SC7lYd\",\"lang\":\"en\",\"style\":\"width:600px\"}","description":"Aug 9, 2018 - SMC Pneumatics EBES Sintered Metal Element Filters,Powder Metallurgy (PM) for Beginners - European Powder Metallurgy,Powder Metallurgy ...","page":2,"position":18,"title":"Powder metallurgy, Steel, Metal - Pinterest","type":"0","typedescription":"organic","url":"https://www.pinterest.com/pin/576108977328601609/","universal_position":15,"md5":"15386f0e3c7de667fc8c765adac0d1e7"},{"elementAttributes":"{\"class\":\"eA0Zlc WghbWd JX86yc ivg-i PZPZlf\",\"data-attrid\":\"images universal\",\"data-docid\":\"M9eyPOFTKoBLOM\",\"data-hveid\":\"CCIQAA\",\"data-lpage\":\"https://www.powder-metallurgy.com/\",\"data-ved\":\"2ahUKEwjFmMe7x6r6AhVyR2wGHRRnDwYQ9AF6BAgiEAA\",\"jsaction\":\"rcuQ6b:npT2md;tuz4af:RrAr1;nptbHe:XEuVS;h5M12e\",\"jscontroller\":\"E19wJb\",\"jsdata\":\"XZxcdf;M9eyPOFTKoBLOM;ANEX9M\",\"jsname\":\"dTDiAc\"}","description":"","page":2,"position":19,"title":"","type":"5","typedescription":"image","url":"https://www.powder-metallurgy.com/","universal_position":16,"md5":"68bfd8b2613089b2ada96b2a8adb0740"},{"elementAttributes":"{\"class\":\"eA0Zlc WghbWd JX86yc ivg-i PZPZlf\",\"data-attrid\":\"images universal\",\"data-docid\":\"qQoSQAEKsL4L_M\",\"data-hveid\":\"CIEBEAA\",\"data-lpage\":\"https://www.pm-review.com/pmg-acquires-chinas-yangzhou-leader-powder-metallurgy/\",\"data-ved\":\"2ahUKEwjFmMe7x6r6AhVyR2wGHRRnDwYQ9AF6BQiBARAA\",\"jsaction\":\"rcuQ6b:npT2md;tuz4af:RrAr1;nptbHe:XEuVS;h5M12e\",\"jscontroller\":\"E19wJb\",\"jsdata\":\"XZxcdf;qQoSQAEKsL4L_M;ANEYA4\",\"jsname\":\"dTDiAc\"}","description":"","page":2,"position":20,"title":"","type":"5","typedescription":"image","url":"https://www.pm-review.com/pmg-acquires-chinas-yangzhou-leader-powder-metallurgy/","universal_position":16,"md5":"73cc4414a035236634a11b0b8c5f5fd1"},{"elementAttributes":"{\"class\":\"eA0Zlc WghbWd JX86yc ivg-i PZPZlf\",\"data-attrid\":\"images universal\",\"data-docid\":\"r9PWwgQTzjuyOM\",\"data-hveid\":\"CHkQAA\",\"data-lpage\":\"https://www.pm-review.com/smc-powder-metallurgy-changes-name-to-catalus-corporation/\",\"data-ved\":\"2ahUKEwjFmMe7x6r6AhVyR2wGHRRnDwYQ9AF6BAh5EAA\",\"jsaction\":\"rcuQ6b:npT2md;tuz4af:RrAr1;nptbHe:XEuVS;h5M12e\",\"jscontroller\":\"E19wJb\",\"jsdata\":\"XZxcdf;r9PWwgQTzjuyOM;ANEYA0\",\"jsname\":\"dTDiAc\"}","description":"","page":2,"position":21,"title":"","type":"5","typedescription":"image","url":"https://www.pm-review.com/smc-powder-metallurgy-changes-name-to-catalus-corporation/","universal_position":16,"md5":"94391031d13d99a6eb6ffb6bd4a0af92"},{"elementAttributes":"{\"class\":\"eA0Zlc WghbWd JX86yc ivg-i PZPZlf\",\"data-attrid\":\"images universal\",\"data-docid\":\"gueORmlH-Red8M\",\"data-hveid\":\"CHAQAA\",\"data-lpage\":\"https://www.pm-review.com/chinas-powder-metallurgy-technology-and-business-forum-2021-set-to-take-place-in-september/\",\"data-ved\":\"2ahUKEwjFmMe7x6r6AhVyR2wGHRRnDwYQ9AF6BAhwEAA\",\"jsaction\":\"rcuQ6b:npT2md;tuz4af:RrAr1;nptbHe:XEuVS;h5M12e\",\"jscontroller\":\"E19wJb\",\"jsdata\":\"XZxcdf;gueORmlH-Red8M;ANEYAU\",\"jsname\":\"dTDiAc\"}","description":"","page":2,"position":22,"title":"","type":"5","typedescription":"image","url":"https://www.pm-review.com/chinas-powder-metallurgy-technology-and-business-forum-2021-set-to-take-place-in-september/","universal_position":16,"md5":"8436406ec1b3eaaf19c2a2ad78bbf5a7"},{"elementAttributes":"{\"class\":\"g Ww4FFb vt6azd tF2Cxc\",\"data-hveid\":\"CGAQAA\",\"data-ved\":\"2ahUKEwjFmMe7x6r6AhVyR2wGHRRnDwYQFSgAegQIYBAA\",\"jsaction\":\"QyLbLe:OMITjf\",\"jscontroller\":\"SC7lYd\",\"lang\":\"en\",\"style\":\"width:600px\"}","description":"Ferrous Metallurgy (Iron, Steel and Alloys) ... MCC - China Metallurgical Group Corporation (China) ... Ltd. (China). SMC Powder Metallurgy Inc. (USA).","page":2,"position":23,"title":"INFOMIMET-Information for the Mining, Mineral and ...","type":"0","typedescription":"organic","url":"http://w3.cetem.gov.br/infomimet/fr_industrias_procmin_metalurgiadopo_en.htm","universal_position":17,"md5":"86651e46caa6e14d822cfa8f9bfb87ca"},{"elementAttributes":"{\"class\":\"g Ww4FFb vt6azd tF2Cxc\",\"data-hveid\":\"CFYQAA\",\"data-ved\":\"2ahUKEwjFmMe7x6r6AhVyR2wGHRRnDwYQFSgAegQIVhAA\",\"jsaction\":\"QyLbLe:OMITjf\",\"jscontroller\":\"SC7lYd\",\"lang\":\"en\",\"style\":\"width:600px\"}","description":"Horizon Technology produces metal powder products that were previously thought impossible to produce with powdered metal technology. Learn more!","page":2,"position":24,"title":"Metal Powder Products | Horizon Technology Metal Parts ...","type":"0","typedescription":"organic","url":"https://www.horizontechnology.biz/","universal_position":18,"md5":"7c50e277c24f5182562f6a60070568c1"},{"elementAttributes":"{\"class\":\"g Ww4FFb vt6azd tF2Cxc\",\"data-hveid\":\"CHQQAA\",\"data-ved\":\"2ahUKEwjFmMe7x6r6AhVyR2wGHRRnDwYQFSgAegQIdBAA\",\"jsaction\":\"QyLbLe:OMITjf\",\"jscontroller\":\"SC7lYd\",\"lang\":\"en\",\"style\":\"width:600px\"}","description":"GKN Powder Metallurgy is your engineering solutions provider, ... properties based on soft magnetic composite materials (SMC) ⚡Unique 3D magnetic flux ...","page":2,"position":25,"title":"GKN Powder Metallurgy - LinkedIn","type":"0","typedescription":"organic","url":"https://www.linkedin.com/company/gknpowdermetallurgy/","universal_position":19,"md5":"e0ca39300094e577f5c17d04d9ae08fa"},{"elementAttributes":"{\"class\":\"g Ww4FFb vt6azd tF2Cxc\",\"data-hveid\":\"CCMQAA\",\"data-ved\":\"2ahUKEwjFmMe7x6r6AhVyR2wGHRRnDwYQFSgAegQIIxAA\",\"jsaction\":\"QyLbLe:OMITjf\",\"jscontroller\":\"SC7lYd\",\"lang\":\"en\",\"style\":\"width:600px\"}","description":"Metal Powder Core. We have a variety of production equipment and complete production lines of alloying smelting, pulverizing, heat treatment, etc., ...","page":2,"position":26,"title":"Metal Powder Core - 广州金南磁性材料有限公司","type":"0","typedescription":"organic","url":"http://www.goldensouth.com.cn/en/product-27379-117952.html","universal_position":20,"md5":"f81536a36dc28d3fc9c3af1ea4838eaa"},{"elementAttributes":"{\"class\":\"g Ww4FFb vt6azd tF2Cxc\",\"data-hveid\":\"CHgQAA\",\"data-ved\":\"2ahUKEwjFmMe7x6r6AhVyR2wGHRRnDwYQFSgAegQIeBAA\",\"jsaction\":\"QyLbLe:OMITjf\",\"jscontroller\":\"SC7lYd\",\"lang\":\"en\",\"style\":\"width:600px\"}","description":"the Chinese Society for Metals (CSM), China Powder Metallurgy Alliance (CPMA), ... SMC Materials in Electrical Machine Prototypes.","page":2,"position":27,"title":"WORLDPM2018 Congress Guide - medmeeting.org","type":"0","typedescription":"organic","url":"http://www.medmeeting.org/Upload/user/709437/file/20180911/20180911130312_0723.pdf","universal_position":21,"md5":"40065a49cb4dd2f6f6d9a1f19a505754"},{"elementAttributes":"{\"class\":\"g Ww4FFb vt6azd tF2Cxc\",\"data-hveid\":\"CHcQAA\",\"data-ved\":\"2ahUKEwjFmMe7x6r6AhVyR2wGHRRnDwYQFSgAegQIdxAA\",\"jsaction\":\"QyLbLe:OMITjf\",\"jscontroller\":\"SC7lYd\",\"lang\":\"en\",\"style\":\"width:600px\"}","description":"Positive economic growth trends in countries like China, India, and Japan have driven demand for powder metallurgy products and applications in recent years ...","page":2,"position":28,"title":"Powder Metallurgy Market | Size, Share | 2022 to 2027","type":"0","typedescription":"organic","url":"https://www.marketdataforecast.com/market-reports/powder-metallurgy-market","universal_position":22,"md5":"39515c541e6356470f4d12acad8bac52"},{"snippets":{"missing-keywords":"smc,"},"elementAttributes":"{\"class\":\"g Ww4FFb vt6azd tF2Cxc\",\"data-hveid\":\"CDcQAA\",\"data-ved\":\"2ahUKEwjFmMe7x6r6AhVyR2wGHRRnDwYQFSgAegQINxAA\",\"jsaction\":\"QyLbLe:OMITjf\",\"jscontroller\":\"SC7lYd\",\"lang\":\"en\",\"style\":\"width:600px\"}","description":"NBTM New Materials Group Co., Ltd. is the listed company (PS code: 600114) mainly for powder metal structural components manufacturing in China market.","page":3,"position":29,"title":"Group Presentation-NBTM NEW MATERIALS GROUP Co., Ltd.","type":"0","typedescription":"organic","url":"https://www.pm-china.com/En/about.html","universal_position":23,"md5":"71cc32a80b3368746be243b3e2f8f45e"},{"elementAttributes":"{\"class\":\"g Ww4FFb vt6azd tF2Cxc\",\"data-hveid\":\"CEgQAA\",\"data-ved\":\"2ahUKEwjFmMe7x6r6AhVyR2wGHRRnDwYQFSgAegQISBAA\",\"jsaction\":\"QyLbLe:OMITjf\",\"jscontroller\":\"SC7lYd\",\"lang\":\"en\",\"style\":\"width:600px\"}","description":"Soft Magnetic Composites (SMC) are insulation coated ferrous powder metal (PM) materials that are molded into a net\u2014or near net\u2014shape component. A high-pressure ...","page":3,"position":30,"title":"Powder Metal | Burgess-Norton","type":"0","typedescription":"organic","url":"https://www.burgessnorton.com/powder-metal/","universal_position":24,"md5":"90d094dc34bd2affa387ce8a5afc67ad"},{"snippets":{"missing-keywords":"smc,"},"elementAttributes":"{\"class\":\"g Ww4FFb vt6azd tF2Cxc\",\"data-hveid\":\"CEUQAA\",\"data-ved\":\"2ahUKEwjFmMe7x6r6AhVyR2wGHRRnDwYQFSgAegQIRRAA\",\"jsaction\":\"QyLbLe:OMITjf\",\"jscontroller\":\"SC7lYd\",\"lang\":\"en\",\"style\":\"width:600px\"}","description":"Hoeganaes, part of GKN Powder Metallurgy, is starting production of high quality automotive grade powders in China for the Asian market.","page":3,"position":31,"title":"GKN Powder Metallurgy begins production of metal powder in ...","type":"0","typedescription":"organic","url":"https://www.gknpm.com/en/news-and-media/news-releases/2016/gkn-powder-metallurgy-begins-production-of-metal-powder-in-china/","universal_position":25,"md5":"d6a9f1dd20c8d7ac8b1a77198d871c28"},{"elementAttributes":"{\"class\":\"g Ww4FFb vt6azd tF2Cxc\",\"data-hveid\":\"CFgQAA\",\"data-ved\":\"2ahUKEwjFmMe7x6r6AhVyR2wGHRRnDwYQFSgAegQIWBAA\",\"jsaction\":\"QyLbLe:OMITjf\",\"jscontroller\":\"SC7lYd\",\"lang\":\"en\",\"style\":\"width:600px\"}","description":"The powder metal TulAmmo 38 Special Ammo - 1000 Rounds of 130 Grain FMJ ... 0 Metal stock. , LTD is a China-based company principally ...","page":3,"position":32,"title":"Special metals stock. 63 - Hotelspreference.ge","type":"0","typedescription":"organic","url":"http://www.new.hotelspreference.ge/9fuo/special-metals-stock.html","universal_position":26,"md5":"c83a39c5fe14703bfc628055ade7f85b"},{"elementAttributes":"{\"class\":\"g Ww4FFb vt6azd tF2Cxc\",\"data-hveid\":\"CCUQAA\",\"data-ved\":\"2ahUKEwjFmMe7x6r6AhVyR2wGHRRnDwYQFSgAegQIJRAA\",\"jsaction\":\"QyLbLe:OMITjf\",\"jscontroller\":\"SC7lYd\",\"lang\":\"en\",\"style\":\"width:600px\"}","description":"SMC Powder Metallurgy was founded in 1949 in St. Marys, Pennsylvania, which is about 120 miles northeast of Pittsburgh. Powder metallurgy (P/M) is an ...","page":3,"position":33,"title":"SMC Powder Metallurgy : Quotes, Address, Contact - AZoM","type":"0","typedescription":"organic","url":"https://www.azom.com/suppliers.aspx?SupplierID=9966","universal_position":27,"md5":"0ec2df6b31795ff08836eded56bde346"},{"snippets":{"missing-keywords":"smc,"},"elementAttributes":"{\"class\":\"g Ww4FFb vt6azd tF2Cxc\",\"data-hveid\":\"CCQQAA\",\"data-ved\":\"2ahUKEwjFmMe7x6r6AhVyR2wGHRRnDwYQFSgAegQIJBAA\",\"jsaction\":\"QyLbLe:OMITjf\",\"jscontroller\":\"SC7lYd\",\"lang\":\"en\",\"style\":\"width:600px\"}","description":"As the pioneer of \"3D printing + Powder Metallurgy\" and the new productivity potential unicorn enterprise in China, UPRISE 3D was invited to ...","page":3,"position":34,"title":"Participated in the 2021 National Powder Metallurgy Conference","type":"0","typedescription":"organic","url":"https://www.uprise3d.com/cn_news/details-19.html","universal_position":28,"md5":"c242706f74f4d64279911d4b66ca5ef7"},{"elementAttributes":"{\"class\":\"g Ww4FFb vt6azd tF2Cxc\",\"data-hveid\":\"CCYQAA\",\"data-ved\":\"2ahUKEwjFmMe7x6r6AhVyR2wGHRRnDwYQFSgAegQIJhAA\",\"jsaction\":\"QyLbLe:OMITjf\",\"jscontroller\":\"SC7lYd\",\"lang\":\"en\",\"style\":\"width:600px\"}","description":"depth introduction to the technologies used in China's ... metalworking, die casting, powder metal processing.","page":3,"position":35,"title":"Improving Large Assembly Design","type":"0","typedescription":"organic","url":"https://m.tvdirect.tv/improving-large-assembly-design/view_all.cgi=RopFhELyo4UJ&sitesec=reviews&redir_esc=y","universal_position":29,"md5":"5ca22202a13e3a00896fc9445e609945"},{"elementAttributes":"{\"class\":\"g Ww4FFb vt6azd tF2Cxc\",\"data-hveid\":\"CCgQAA\",\"data-ved\":\"2ahUKEwjFmMe7x6r6AhVyR2wGHRRnDwYQFSgAegQIKBAA\",\"jsaction\":\"QyLbLe:OMITjf\",\"jscontroller\":\"SC7lYd\",\"lang\":\"en\",\"style\":\"width:600px\"}","description":"SMC Corporation is the world's largest pneumatics company dedicated to factory ... Sodium borohydride is a white to grayish crystalline powder.","page":3,"position":36,"title":"02m shifter - CasinoBuck Review 2021","type":"0","typedescription":"organic","url":"https://testbuck-559.de/02m-shifter.html","universal_position":30,"md5":"e1e58370cb444c8fc753ae24d4259bad"},{"elementAttributes":"{\"data-hveid\":\"CHEQAA\",\"data-ved\":\"2ahUKEwjFmMe7x6r6AhVyR2wGHRRnDwYQ5wEoAHoECHEQAA\",\"lang\":\"en\"}","description":"... refined ( for use in organic coatings ) Oil ; tung ( China -- wood ... table type Openers , envelope Openers , envelope , metal Openers , letter , hand ...","page":3,"position":37,"title":"Index of Specifications and Standards (used By) Department ...","type":"0","typedescription":"organic","url":"https://books.google.com/books?id=buFfTfNgISgC&pg=PA127&lpg=PA127&dq=china+smc+powder+metallurgy&source=bl&ots=DZqUl3qcSz&sig=ACfU3U2iKtzg7EBO3noY6Izf1ceUsd3w0A&hl=en&sa=X&ved=2ahUKEwjFmMe7x6r6AhVyR2wGHRRnDwYQ6AF6BAhxEAM","universal_position":31,"md5":"5e984285ecfe5a4fc74c35abd33453a0"},{"elementAttributes":"{\"data-hveid\":\"CHUQAA\",\"data-ved\":\"2ahUKEwjFmMe7x6r6AhVyR2wGHRRnDwYQ5wEoAHoECHUQAA\",\"lang\":\"en\"}","description":"\u201cDesign of a Shape Memory Composite(SMC) Using 4D Printing Technology\u201d. ... NiTi Alloy by Direct Metal Deposition of Mechanically Alloyed Powder Mixtures\u201d.","page":3,"position":38,"title":"Smart 3D Nanoprinting: Fundamentals, Materials, and Applications","type":"0","typedescription":"organic","url":"https://books.google.com/books?id=FSl3EAAAQBAJ&pg=PT213&lpg=PT213&dq=china+smc+powder+metallurgy&source=bl&ots=o0F7dX-mEb&sig=ACfU3U1_2m36Yd_To44uMW3ODEk7hxrrqg&hl=en&sa=X&ved=2ahUKEwjFmMe7x6r6AhVyR2wGHRRnDwYQ6AF6BAh1EAM","universal_position":32,"md5":"ea033c1d8136f88cc3e628e3ec96e1d5"}],"keyword":"china smc powder metallurgy"}