{"searchengine":"google|US||en|universal|0|0|0","adwords":[],"adwords_east":[],"searchengine_awr":"google|US||en|universal|0|0|0","competition":"24","machine_id":"i-063acbdb550c147eb","rankdata_all":[{"snippets":{"image-thumbnails":"single image thumbnails"},"elementAttributes":"{\"data-hveid\":\"CCIQAA\",\"data-ved\":\"2ahUKEwiO9Ze7x6r6AhWSEGIAHRj0CREQFSgAegQIIhAA\",\"jsaction\":\"QyLbLe:OMITjf\",\"jscontroller\":\"SC7lYd\",\"lang\":\"en\",\"style\":\"width:652px\"}","description":"L-Type Timing Pulley, Timing Pulley, Drive Pulley, Film Reel Drive Pulley, Pulley, Carbon Steel Pulley, Sintered Steel Pulley. US $ 5.4/ Piece FOB.","page":1,"position":1,"title":"Pulley Sintered Metal - Made-in-China.com","type":"0","typedescription":"organic","url":"https://m.made-in-china.com/hot-china-products/Pulley_Sintered_Metal.html","universal_position":1,"md5":"a2e87a95c63d37df7ff8c6c40d2529c2"},{"snippets":{"indented":"yes","image-thumbnails":"single image thumbnails"},"elementAttributes":"{\"class\":\"MYVUIe\"}","description":"China Factory V Belt Pulley & Timing Pulley Sheaves Wheel Price V Groove Steel Plastic Nylon Drive Idler Bearing Sheaves Pulley. US$ 5-300 / Piece.","page":1,"position":2,"title":"Timing Belt Pulley manufacturers & suppliers","type":"0","typedescription":"organic","url":"https://www.made-in-china.com/products-search/hot-china-products/Timing_Belt_Pulley.html","universal_position":2,"md5":"9b30526cedce11b87a7aef7b64665eea"},{"elementAttributes":"{\"data-hveid\":\"CBYQAA\",\"data-ved\":\"2ahUKEwiO9Ze7x6r6AhWSEGIAHRj0CREQFSgAegQIFhAA\",\"jsaction\":\"QyLbLe:OMITjf\",\"jscontroller\":\"SC7lYd\",\"lang\":\"en\",\"style\":\"width:600px\"}","description":"Buy Steel Timing Belt Pulleys China Direct From Steel Timing Belt Pulleys Factories at Alibaba.com. Help Global Buyers Source China Easily.","page":1,"position":3,"title":"Steel Timing Belt Pulleys China Trade,Buy China Direct From Steel ...","type":"0","typedescription":"organic","url":"https://www.alibaba.com/countrysearch/CN/steel-timing-belt-pulleys.html","universal_position":3,"md5":"654cc3fca942a39cfcc77fd45cc0ea8c"},{"snippets":{"indented":"yes"},"elementAttributes":"{\"class\":\"MYVUIe\"}","description":"China OEM Iron Powder Sinter 34 Teeth Metal Steel Timing Belt Pulley For Knitting Machine. 1 - 999 Pieces. $5.82. 1000 - 4999 Pieces.","page":1,"position":4,"title":"China OEM Iron Powder Sinter 34 Teeth Metal Steel Timing Belt ...","type":"0","typedescription":"organic","url":"https://www.alibaba.com/pla/China-OEM-Iron-Powder-Sinter-34_60821722631.html?mark=google_shopping&biz=pla&pcy=US&searchText=pulleys&product_id=60821722631","universal_position":4,"md5":"5186ae121bee1e4f235ada5c1dc9d618"},{"elementAttributes":"{\"class\":\"eA0Zlc WghbWd JX86yc ivg-i PZPZlf\",\"data-attrid\":\"images universal\",\"data-docid\":\"7t3fT1a-3l-4cM\",\"data-hveid\":\"CAQQAA\",\"data-lpage\":\"https://m.made-in-china.com/product/Timing-Pulley-Film-Reel-Drive-Pulley-Pulley-Carbon-Steel-Pulley-Sintered-Steel-Pulley-794614552.html\",\"data-ved\":\"2ahUKEwiO9Ze7x6r6AhWSEGIAHRj0CREQ9AF6BAgEEAA\",\"jsaction\":\"rcuQ6b:npT2md;tuz4af:RrAr1;nptbHe:XEuVS;h5M12e\",\"jscontroller\":\"E19wJb\",\"jsdata\":\"XZxcdf;7t3fT1a-3l-4cM;ANB//A\",\"jsname\":\"dTDiAc\"}","description":"","page":1,"position":5,"title":"","type":"5","typedescription":"image","url":"https://m.made-in-china.com/product/Timing-Pulley-Film-Reel-Drive-Pulley-Pulley-Carbon-Steel-Pulley-Sintered-Steel-Pulley-794614552.html","universal_position":5,"md5":"3915eee6bf7aa14259748d5d2bfccb60"},{"elementAttributes":"{\"class\":\"eA0Zlc WghbWd JX86yc ivg-i PZPZlf\",\"data-attrid\":\"images universal\",\"data-docid\":\"ojYYLT1nn-IZnM\",\"data-hveid\":\"CBEQAA\",\"data-lpage\":\"https://m.made-in-china.com/product/Timing-Pulley-Drive-Pulley-Film-Reel-Drive-Pulley-Pulley-Carbon-Steel-Pulley-Sintered-Steel-Pulley-L-Type-Timing-Pulley-799782212.html\",\"data-ved\":\"2ahUKEwiO9Ze7x6r6AhWSEGIAHRj0CREQ9AF6BAgREAA\",\"jsaction\":\"rcuQ6b:npT2md;tuz4af:RrAr1;nptbHe:XEuVS;h5M12e\",\"jscontroller\":\"E19wJb\",\"jsdata\":\"XZxcdf;ojYYLT1nn-IZnM;ANCAAE\",\"jsname\":\"dTDiAc\"}","description":"","page":1,"position":6,"title":"","type":"5","typedescription":"image","url":"https://m.made-in-china.com/product/Timing-Pulley-Drive-Pulley-Film-Reel-Drive-Pulley-Pulley-Carbon-Steel-Pulley-Sintered-Steel-Pulley-L-Type-Timing-Pulley-799782212.html","universal_position":5,"md5":"4a6064d623d2ff117428f3fe9f167f5f"},{"elementAttributes":"{\"class\":\"eA0Zlc WghbWd JX86yc ivg-i PZPZlf\",\"data-attrid\":\"images universal\",\"data-docid\":\"eKtIcAcolamjWM\",\"data-hveid\":\"CCEQAA\",\"data-lpage\":\"https://www.alibaba.com/product-detail/China-Synchronous-Pulleys-Suppliers-Stainless-Steel_1600464100144.html\",\"data-ved\":\"2ahUKEwiO9Ze7x6r6AhWSEGIAHRj0CREQ9AF6BAghEAA\",\"jsaction\":\"rcuQ6b:npT2md;tuz4af:RrAr1;nptbHe:XEuVS;h5M12e\",\"jscontroller\":\"E19wJb\",\"jsdata\":\"XZxcdf;eKtIcAcolamjWM;ANCAAg\",\"jsname\":\"dTDiAc\"}","description":"","page":1,"position":7,"title":"","type":"5","typedescription":"image","url":"https://www.alibaba.com/product-detail/China-Synchronous-Pulleys-Suppliers-Stainless-Steel_1600464100144.html","universal_position":5,"md5":"f17ce84344950778d5a3257c75c42f86"},{"elementAttributes":"{\"class\":\"eA0Zlc WghbWd JX86yc ivg-i PZPZlf\",\"data-attrid\":\"images universal\",\"data-docid\":\"x7WPz0CG_9P2LM\",\"data-hveid\":\"CAsQAA\",\"data-lpage\":\"https://www.alibaba.com/product-detail/custom-made-powder-metal-sintered-parts_1600078371581.html\",\"data-ved\":\"2ahUKEwiO9Ze7x6r6AhWSEGIAHRj0CREQ9AF6BAgLEAA\",\"jsaction\":\"rcuQ6b:npT2md;tuz4af:RrAr1;nptbHe:XEuVS;h5M12e\",\"jscontroller\":\"E19wJb\",\"jsdata\":\"XZxcdf;x7WPz0CG_9P2LM;ANB//g\",\"jsname\":\"dTDiAc\"}","description":"","page":1,"position":8,"title":"","type":"5","typedescription":"image","url":"https://www.alibaba.com/product-detail/custom-made-powder-metal-sintered-parts_1600078371581.html","universal_position":5,"md5":"038737e048f1f2a5f32ca2560a3db7c1"},{"elementAttributes":"{\"class\":\"eA0Zlc WghbWd JX86yc ivg-i PZPZlf\",\"data-attrid\":\"images universal\",\"data-docid\":\"SRniVCt0B6iGkM\",\"data-hveid\":\"CBMQAA\",\"data-lpage\":\"https://m.made-in-china.com/hot-china-products/Pulley_Sintered_Metal.html\",\"data-ved\":\"2ahUKEwiO9Ze7x6r6AhWSEGIAHRj0CREQ9AF6BAgTEAA\",\"jsaction\":\"rcuQ6b:npT2md;tuz4af:RrAr1;nptbHe:XEuVS;h5M12e\",\"jscontroller\":\"E19wJb\",\"jsdata\":\"XZxcdf;SRniVCt0B6iGkM;ANCAAA\",\"jsname\":\"dTDiAc\"}","description":"","page":1,"position":9,"title":"","type":"5","typedescription":"image","url":"https://m.made-in-china.com/hot-china-products/Pulley_Sintered_Metal.html","universal_position":5,"md5":"ac39847973ea3e470d1792b660b2be7a"},{"snippets":{"image-thumbnails":"single image thumbnails"},"elementAttributes":"{\"class\":\"g Ww4FFb vt6azd tF2Cxc\",\"data-hveid\":\"CBcQAA\",\"data-ved\":\"2ahUKEwiO9Ze7x6r6AhWSEGIAHRj0CREQFSgAegQIFxAA\",\"jsaction\":\"QyLbLe:OMITjf\",\"jscontroller\":\"SC7lYd\",\"lang\":\"en\",\"style\":\"width:652px\"}","description":"Quality bushing & sintered gear on China Suppliers - Nantong Guanda Powder ... impeller for water pump sintered iron bronze technique · sintered timing belt ...","page":1,"position":10,"title":"Nantong Guanda Powder Metallurgy Co., Ltd.","type":"0","typedescription":"organic","url":"https://rfyj.en.china.cn/","universal_position":6,"md5":"3e0ecfcd7f864fda86a7f2c3754a1af6"},{"snippets":{"image-thumbnails":"single image thumbnails"},"elementAttributes":"{\"class\":\"g Ww4FFb vt6azd tF2Cxc\",\"data-hveid\":\"CBgQAA\",\"data-ved\":\"2ahUKEwiO9Ze7x6r6AhWSEGIAHRj0CREQFSgAegQIGBAA\",\"jsaction\":\"QyLbLe:OMITjf\",\"jscontroller\":\"SC7lYd\",\"lang\":\"en\",\"style\":\"width:652px\"}","description":"China OEM Custom Powder Metal Parts - Factory ... · OEM/ODM Supplier Precision Powder Metallurgy - ... · Wholesale Price China Sintered Engine Part - F... · China ...","page":1,"position":11,"title":"China Small Timing Belt Pulley Manufacturers and Factory ...","type":"0","typedescription":"organic","url":"https://m.jssintering.com/small-timing-belt-pulley","universal_position":7,"md5":"f9f5598e97aea053889af06f36a6625d"},{"snippets":{"image-thumbnails":"single image thumbnails"},"elementAttributes":"{\"class\":\"g Ww4FFb vt6azd tF2Cxc\",\"data-hveid\":\"CHAQAA\",\"data-ved\":\"2ahUKEwiO9Ze7x6r6AhWSEGIAHRj0CREQFSgAegQIcBAA\",\"jsaction\":\"QyLbLe:OMITjf\",\"jscontroller\":\"SC7lYd\",\"lang\":\"en\",\"style\":\"width:652px\"}","description":"Synchronous Pulley S (sintered metal) · Synchronous Pulley D (aluminum, zinc die cast) · Synchronous Pulley MT (resin injection) ...","page":1,"position":12,"title":"Synchronous Pulleys (molded) | Industrial | Products","type":"0","typedescription":"organic","url":"https://www.bandogrp.com/eng/product/industrial/cogging_12.html","universal_position":8,"md5":"29dfb2ff4b21c598cd1830f7a594d0c6"},{"elementAttributes":"{\"class\":\"g Ww4FFb vt6azd tF2Cxc\",\"data-hveid\":\"CGQQAA\",\"data-ved\":\"2ahUKEwiO9Ze7x6r6AhWSEGIAHRj0CREQFSgAegQIZBAA\",\"jsaction\":\"QyLbLe:OMITjf\",\"jscontroller\":\"SC7lYd\",\"lang\":\"en\",\"style\":\"width:600px\"}","description":"Gates TL16H150 PowerGrip Sintered Steel Timing Pulley, 1/2\" Pitch, 16 Groove, 2.546\" Pitch Diameter, 1/2\" to 1\" Bore Range, For 1-1/2\" Width Belt ...","page":1,"position":13,"title":"Gates TL16H150 PowerGrip Sintered Steel Timing Pulley, 1/2 ...","type":"0","typedescription":"organic","url":"https://www.amazon.sg/Gates-TL16H150-PowerGrip-Sintered-Diameter/dp/B00CKWSC4W","universal_position":9,"md5":"ec0caecb5b7b47d0e3296ee4188eb49e"},{"elementAttributes":"{\"class\":\"g Ww4FFb vt6azd tF2Cxc\",\"data-hveid\":\"CD4QAA\",\"data-ved\":\"2ahUKEwiO9Ze7x6r6AhWSEGIAHRj0CREQFSgAegQIPhAA\",\"jsaction\":\"QyLbLe:OMITjf\",\"jscontroller\":\"SC7lYd\",\"lang\":\"en\",\"style\":\"width:600px\"}","description":"Find professional powder metallurgy 23-teeth timing pulley manufacturers and suppliers in China here. Our factory provides bulk high quality powder ...","page":1,"position":14,"title":"Powder Metallurgy 23-teeth Timing Pulley","type":"0","typedescription":"organic","url":"https://www.chinafmyj.net/powder-metallurgy-pulley/powder-metallurgy-23-teeth-timing-pulley.html","universal_position":10,"md5":"45d796f69fb6971f1bfb506f536a9edd"},{"elementAttributes":"{\"class\":\"g Ww4FFb vt6azd tF2Cxc\",\"data-hveid\":\"CE0QAA\",\"data-ved\":\"2ahUKEwiO9Ze7x6r6AhWSEGIAHRj0CREQFSgAegQITRAA\",\"jsaction\":\"QyLbLe:OMITjf\",\"jscontroller\":\"SC7lYd\",\"lang\":\"en\",\"style\":\"width:600px\"}","description":"Sintered metal pulleys are prone to cracking, fracturing, and are harder to machine. Residual porosity lowers a sintered metal pulley's final mechanical and ...","page":1,"position":15,"title":"Powerhouse® MX Pulleys - B&B Manufacturing","type":"0","typedescription":"organic","url":"https://www.bbman.com/powerhouse-mx-pulleys/","universal_position":11,"md5":"630ed73ae8ab6e03338b4d4c1a73944f"},{"elementAttributes":"{\"class\":\"g Ww4FFb vt6azd tF2Cxc\",\"data-hveid\":\"CF8QAA\",\"data-ved\":\"2ahUKEwiO9Ze7x6r6AhWSEGIAHRj0CREQFSgAegQIXxAA\",\"jsaction\":\"QyLbLe:OMITjf\",\"jscontroller\":\"SC7lYd\",\"lang\":\"en\",\"style\":\"width:600px\"}","description":"A new mechanical model for warm powder compaction was presented. Warm compaction process of iron-based powder was investigated to deal with the existence of ...","page":2,"position":16,"title":"Numerical simulation of warm compacted synchronous pulley","type":"0","typedescription":"organic","url":"https://www.sciencedirect.com/science/article/pii/S1003632606600125","universal_position":12,"md5":"ad045411b2fbb836585528b58290fe4f"},{"elementAttributes":"{\"class\":\"g Ww4FFb vt6azd tF2Cxc\",\"data-hveid\":\"CGAQAA\",\"data-ved\":\"2ahUKEwiO9Ze7x6r6AhWSEGIAHRj0CREQFSgAegQIYBAA\",\"jsaction\":\"QyLbLe:OMITjf\",\"jscontroller\":\"SC7lYd\",\"lang\":\"en\",\"style\":\"width:600px\"}","description":"BRECOflex CO., L.L.C. manufacturers timing belts, pulleys and drive components for linear drives, conveying and power transmission applications.","page":2,"position":17,"title":"Timing Belt Manufacturer | Pulley Manufacturer | BRECOflex ...","type":"0","typedescription":"organic","url":"https://www.brecoflex.com/","universal_position":13,"md5":"5e5f2dc86a5dfd85dc3ef16df57b8394"},{"elementAttributes":"{\"class\":\"g Ww4FFb vt6azd tF2Cxc\",\"data-hveid\":\"CDsQAA\",\"data-ved\":\"2ahUKEwiO9Ze7x6r6AhWSEGIAHRj0CREQFSgAegQIOxAA\",\"jsaction\":\"QyLbLe:OMITjf\",\"jscontroller\":\"SC7lYd\",\"lang\":\"en\",\"style\":\"width:600px\"}","description":"Baldor and Chinese Respondents assert that MTDCs made from sintered steel powder and direct-machined steel bars are commercially identical ...","page":2,"position":18,"title":"Certain Iron Mechanical Transfer Drive Components ... - USITC","type":"0","typedescription":"organic","url":"https://www.usitc.gov/publications/701_731/pub4587.pdf","universal_position":14,"md5":"954b22f2ce9d59c27f9a508f242cc713"},{"elementAttributes":"{\"class\":\"g Ww4FFb vt6azd tF2Cxc\",\"data-hveid\":\"CEIQAA\",\"data-ved\":\"2ahUKEwiO9Ze7x6r6AhWSEGIAHRj0CREQFSgAegQIQhAA\",\"jsaction\":\"QyLbLe:OMITjf\",\"jscontroller\":\"SC7lYd\",\"lang\":\"en\",\"style\":\"width:600px\"}","description":"Gates TL14H100 PowerGrip Sintered Steel Timing Pulley 2.228 Pitch Diameter 14 ... Date first listed on : September 5, US Small=China Medium:Length:25, ...","page":2,"position":19,"title":"Gates TL14H100 PowerGrip Sintered Steel Timing Pulley ...","type":"0","typedescription":"organic","url":"https://originsofwhiskey.com/corq/?_nkw=and-1-Width-Belt-12-to-1-Bore-Range-12-Pitch-690089","universal_position":15,"md5":"49482184cca639c53644b2b463a9750c"},{"elementAttributes":"{\"class\":\"g Ww4FFb vt6azd tF2Cxc\",\"data-hveid\":\"CFUQAA\",\"data-ved\":\"2ahUKEwiO9Ze7x6r6AhWSEGIAHRj0CREQFSgAegQIVRAA\",\"jsaction\":\"QyLbLe:OMITjf\",\"jscontroller\":\"SC7lYd\",\"lang\":\"en\",\"style\":\"width:600px\"}","description":"Choose from our selection of L timing-belt pulleys, including over 110 products in a wide range of styles and sizes. In stock and ready to ship.","page":2,"position":20,"title":"L Series Timing Belt Pulleys - McMaster-Carr","type":"0","typedescription":"organic","url":"https://www.mcmaster.com/pulleys/for-belt-trade-size~l/","universal_position":16,"md5":"c86b93a8a5ef2559760ce3f8398d238d"},{"elementAttributes":"{\"class\":\"g Ww4FFb vt6azd tF2Cxc\",\"data-hveid\":\"CF4QAA\",\"data-ved\":\"2ahUKEwiO9Ze7x6r6AhWSEGIAHRj0CREQFSgAegQIXhAA\",\"jsaction\":\"QyLbLe:OMITjf\",\"jscontroller\":\"SC7lYd\",\"lang\":\"en\",\"style\":\"width:600px\"}","description":"Please be informed: - There may be potential delay of shipment from supplier in China due to Shanghai lockdown. We seek your kind understanding, should there be ...","page":2,"position":21,"title":"Timing Pulley T5 Type (PT5-10-15C-H-13) - MiSUMi","type":"0","typedescription":"organic","url":"https://sg.misumi-ec.com/vona2/detail/221000021738/?HissuCode=PT5-10-15C-H-13","universal_position":17,"md5":"fb98e30ce6f33299fdbf7beea06682d0"},{"elementAttributes":"{\"class\":\"g Ww4FFb vt6azd tF2Cxc\",\"data-hveid\":\"CGMQAA\",\"data-ved\":\"2ahUKEwiO9Ze7x6r6AhWSEGIAHRj0CREQFSgAegQIYxAA\",\"jsaction\":\"QyLbLe:OMITjf\",\"jscontroller\":\"SC7lYd\",\"lang\":\"en\",\"style\":\"width:600px\"}","description":"10/15/20/25/30/40mm HTD5M Timing Belt Open End Loop Cogged Gear PU Steel Cord Synchronous Pulley Belt. Belt Type: 5M HTD5M. Belt Width: 10mm, 15mm, 20mm, ...","page":2,"position":22,"title":"10mm-40mm HTD5M Timing Belt Open Cogged Gear ... - eBay","type":"0","typedescription":"organic","url":"https://www.ebay.com/itm/232486950947","universal_position":18,"md5":"744f7f739f73792e4ac38a89c6a2a3bf"},{"elementAttributes":"{\"class\":\"g Ww4FFb vt6azd tF2Cxc\",\"data-hveid\":\"CDwQAA\",\"data-ved\":\"2ahUKEwiO9Ze7x6r6AhWSEGIAHRj0CREQFSgAegQIPBAA\",\"jsaction\":\"QyLbLe:OMITjf\",\"jscontroller\":\"SC7lYd\",\"lang\":\"en\",\"style\":\"width:600px\"}","description":"Timing belt pulley (drive pulley) Material sintered metal powder : FC-0205 / Sint C11 with or without heat treatment Applications Automobile ...","page":2,"position":23,"title":"Sintered Timing Pulley - Rainbow Ming Industrial","type":"0","typedescription":"organic","url":"https://www.ppm.com.tw/sintered-timing-pulley","universal_position":19,"md5":"816519a08d19ed67e8a7264182bc8d0d"},{"snippets":{"rating":"4.9","review-stars":"yes"},"elementAttributes":"{\"class\":\"g Ww4FFb vt6azd tF2Cxc\",\"data-hveid\":\"CGEQAA\",\"data-ved\":\"2ahUKEwiO9Ze7x6r6AhWSEGIAHRj0CREQFSgAegQIYRAA\",\"jsaction\":\"QyLbLe:OMITjf\",\"jscontroller\":\"SC7lYd\",\"lang\":\"en\",\"style\":\"width:600px\"}","description":"From China to Canada via AliExpress Standard Shipping ... Works perfectly: the polyurethane steel synchronous belt is designed to work perfectly with any ...","page":2,"position":24,"title":"Powge 2gt Open Synchronous Belt 2gt-6 Width 4/6/9/10 ...","type":"0","typedescription":"organic","url":"https://www.aliexpress.com/i/32608096392.html","universal_position":20,"md5":"849abebce853694716d2083938d6b95f"},{"elementAttributes":"{\"class\":\"g Ww4FFb vt6azd tF2Cxc\",\"data-hveid\":\"CHMQAA\",\"data-ved\":\"2ahUKEwiO9Ze7x6r6AhWSEGIAHRj0CREQFSgAegQIcxAA\",\"jsaction\":\"QyLbLe:OMITjf\",\"jscontroller\":\"SC7lYd\",\"lang\":\"en\",\"style\":\"width:600px\"}","description":"At the heart of an EPAS system is typically a pair of pulleys that work in ... Net shape, optimized tooth profile \u2013 matched to belt geometry; PM steel is ...","page":2,"position":25,"title":"Sintered electric steering motor pulleys","type":"0","typedescription":"organic","url":"https://www.gknpm.com/en/solutions/automotive/body-chassis/electric-steering-motor-pulley/","universal_position":21,"md5":"c067d60c74f5a738ff0f800b38fdf08b"},{"elementAttributes":"{\"data-hveid\":\"CF0QAA\",\"data-ved\":\"2ahUKEwiO9Ze7x6r6AhWSEGIAHRj0CREQ5wEoAHoECF0QAA\",\"lang\":\"en\"}","description":"Product catalog - China National Standard: GB; GB/T; ... on effective width) Belt drive -- Synchronous belt drives -- Automotive pulleys Synchronous belt ...","page":3,"position":26,"title":"GB, GB/T, GBT - Product Catalog. Translated English of ...","type":"0","typedescription":"organic","url":"https://books.google.com/books?id=rRzVAwAAQBAJ&pg=PA524&lpg=PA524&dq=china+sintered+steel+synchronous+pulley&source=bl&ots=Xchm0GVzsQ&sig=ACfU3U0U07KEpb3o57OPXHNfyj6c6RCU2A&hl=en&sa=X&ved=2ahUKEwiO9Ze7x6r6AhWSEGIAHRj0CREQ6AF6BAhdEAM","universal_position":22,"md5":"58ff475c580be1d0fc59273c6fd042a1"},{"elementAttributes":"{\"data-hveid\":\"CHcQAA\",\"data-ved\":\"2ahUKEwiO9Ze7x6r6AhWSEGIAHRj0CREQ5wEoAHoECHcQAA\",\"lang\":\"en\"}","description":"Product catalog - China National Standards & Industry Standards ... Belt drive -- Synchronous belt drives -- Automotive pulleys Synchronous belt drives for ...","page":3,"position":27,"title":"Chinese Standard. GB; GB/T; GBT; JB; JB/T; YY; HJ; NB; HG; ...","type":"0","typedescription":"organic","url":"https://books.google.com/books?id=j1UEBAAAQBAJ&pg=PA1948&lpg=PA1948&dq=china+sintered+steel+synchronous+pulley&source=bl&ots=9WIsCYmCT3&sig=ACfU3U1k28Fl2vhgdYoZphykjNkQcPoPQQ&hl=en&sa=X&ved=2ahUKEwiO9Ze7x6r6AhWSEGIAHRj0CREQ6AF6BAh3EAM","universal_position":23,"md5":"688170493bfc60f6c3ecd1114beb3441"},{"elementAttributes":"{\"class\":\"g Ww4FFb vt6azd tF2Cxc\",\"data-hveid\":\"CDkQAA\",\"data-ved\":\"2ahUKEwiO9Ze7x6r6AhWSEGIAHRj0CREQFSgAegQIORAA\",\"jsaction\":\"QyLbLe:OMITjf\",\"jscontroller\":\"SC7lYd\",\"lang\":\"en\",\"style\":\"width:600px\"}","description":"Standard or custom China manufacturer of Timing Belt Pulleys from aluminum, steel, stainless steel or plastic. Available in metric or imperial pitches.","page":3,"position":28,"title":"Timing Belt Pulleys China Manufacturer & Supplier","type":"0","typedescription":"organic","url":"https://www.reccamachinery.com/products/timing-belt-pulleys/","universal_position":24,"md5":"514a9c334fa9cb192a8e01e7aa2dc5f5"},{"elementAttributes":"{\"data-hveid\":\"CHYQAA\",\"data-ved\":\"2ahUKEwiO9Ze7x6r6AhWSEGIAHRj0CREQ5wEoAHoECHYQAA\",\"lang\":\"en\"}","description":"Product catalog - Chinese National Standard: GB/T; ... effective width) Belt drive -- Synchronous belt drives -- Automotive pulleys Synchronous belt drives ...","page":3,"position":29,"title":"GB/T; GBT - Product Catalog. Translated English of Chinese ...","type":"0","typedescription":"organic","url":"https://books.google.com/books?id=ghrVAwAAQBAJ&pg=PA25&lpg=PA25&dq=china+sintered+steel+synchronous+pulley&source=bl&ots=9RFMStQVaV&sig=ACfU3U39VDyWYLSJ5fhNiulKqvg6Me0rEw&hl=en&sa=X&ved=2ahUKEwiO9Ze7x6r6AhWSEGIAHRj0CREQ6AF6BAh2EAM","universal_position":25,"md5":"bf41f16b139293b2afcc12e72989c317"},{"elementAttributes":"{\"data-hveid\":\"CHkQAA\",\"data-ved\":\"2ahUKEwiO9Ze7x6r6AhWSEGIAHRj0CREQ5wEoAHoECHkQAA\",\"lang\":\"en\"}","description":"... English Title Grooved pulleys for narrow V-belts (system based on effective width) Belt drive -- Synchronous belt drives -- Automotive pulleys Steel ...","page":3,"position":30,"title":"GB/T-2002, GB-2002 -- Chinese National Standard PDF-English, ...","type":"0","typedescription":"organic","url":"https://books.google.com/books?id=hBTRDAAAQBAJ&pg=PA5&lpg=PA5&dq=china+sintered+steel+synchronous+pulley&source=bl&ots=difLhZLxDL&sig=ACfU3U1ojLbdEHCd8fux4yNLNSkKUYPLjA&hl=en&sa=X&ved=2ahUKEwiO9Ze7x6r6AhWSEGIAHRj0CREQ6AF6BAh5EAM","universal_position":26,"md5":"9b2acbeb05cf9da2835af3682e7373ca"},{"elementAttributes":"{\"data-hveid\":\"CHgQAA\",\"data-ved\":\"2ahUKEwiO9Ze7x6r6AhWSEGIAHRj0CREQ5wEoAHoECHgQAA\",\"lang\":\"en\"}","description":"Chinese Standard(English version) CODEOFCHINA - Dr. Meng Yongye ... English In 1~X business day Chinese Standard//Sintered translated version metal friction ...","page":3,"position":31,"title":"GB, GB/T, GBT Chinese Standard(English-translated version) - ...","type":"0","typedescription":"organic","url":"https://books.google.com/books?id=GpVZDwAAQBAJ&pg=PA3644&lpg=PA3644&dq=china+sintered+steel+synchronous+pulley&source=bl&ots=WnoT0Y3F5N&sig=ACfU3U0wHgUGU_Z0fkbyEzJdaTx5qrjwvw&hl=en&sa=X&ved=2ahUKEwiO9Ze7x6r6AhWSEGIAHRj0CREQ6AF6BAh4EAM","universal_position":27,"md5":"22cd69f232d2313402ef7391c06ed505"},{"elementAttributes":"{\"class\":\"g Ww4FFb vt6azd tF2Cxc\",\"data-hveid\":\"CDoQAA\",\"data-ved\":\"2ahUKEwiO9Ze7x6r6AhWSEGIAHRj0CREQFSgAegQIOhAA\",\"jsaction\":\"QyLbLe:OMITjf\",\"jscontroller\":\"SC7lYd\",\"lang\":\"en\",\"style\":\"width:600px\"}","description":"Sintered metal pulleys have lower mechanical and physical capabilities because of residual porosity and are harder to machine since they are more prone to ...","page":3,"position":32,"title":"Powerhouse® MX Pulleys - Toronto Gear Works","type":"0","typedescription":"organic","url":"https://www.torontogear.com/powerhouse-mx-pulleys/","universal_position":28,"md5":"967611be640bfb84edccda0f349f873d"},{"elementAttributes":"{\"class\":\"g Ww4FFb vt6azd tF2Cxc\",\"data-hveid\":\"CEEQAA\",\"data-ved\":\"2ahUKEwiO9Ze7x6r6AhWSEGIAHRj0CREQFSgAegQIQRAA\",\"jsaction\":\"QyLbLe:OMITjf\",\"jscontroller\":\"SC7lYd\",\"lang\":\"en\",\"style\":\"width:600px\"}","description":"This entry was posted in Uncategorized and tagged chain, china ... and Cast Iron Material Htd 3m 5m 8m 14m Timing Belt Pulleys with Best ...","page":3,"position":33,"title":"China best Heavy duty straight sidebar chain with Great quality","type":"0","typedescription":"organic","url":"https://timing-pulley.org/china-best-heavy-duty-straight-sidebar-chain-with-great-quality/","universal_position":29,"md5":"5df82799dee34922e8f6da7d15f739aa"},{"elementAttributes":"{\"class\":\"g Ww4FFb vt6azd tF2Cxc\",\"data-hveid\":\"CD0QAA\",\"data-ved\":\"2ahUKEwiO9Ze7x6r6AhWSEGIAHRj0CREQFSgAegQIPRAA\",\"jsaction\":\"QyLbLe:OMITjf\",\"jscontroller\":\"SC7lYd\",\"lang\":\"ja\",\"style\":\"width:600px\"}","description":"Yd25 camshaft timing. Sprocket quality OEM and aftermarket sprockets are sintered. yd25 . 95 postage Genuine Nissan Navara D22 D40 YD25 Single Row Timing ...","page":3,"position":34,"title":"Yd25 camshaft timing. Sprocket quality OEM and aftermarket ...","type":"0","typedescription":"organic","url":"http://onnoyfashion.000webhostapp.com/bb4g7g/yd25-camshaft-timing.html","universal_position":30,"md5":"d740c27fd20c3969853bbafe0f3d9226"}],"server_id":61715,"adwords_bottom":[],"depth":5,"parser_v2":{"searchengine":"google|US||en|universal|0|0|0","adwords":[],"adwords_east":[],"searchengine_awr":"google|US||en|universal|0|0|0","competition":"24","machine_id":"i-063acbdb550c147eb","rankdata_all":[{"snippets":{"image-thumbnails":"single image thumbnails"},"elementAttributes":"{\"data-hveid\":\"CCIQAA\",\"data-ved\":\"2ahUKEwiO9Ze7x6r6AhWSEGIAHRj0CREQFSgAegQIIhAA\",\"jsaction\":\"QyLbLe:OMITjf\",\"jscontroller\":\"SC7lYd\",\"lang\":\"en\",\"style\":\"width:652px\"}","description":"L-Type Timing Pulley, Timing Pulley, Drive Pulley, Film Reel Drive Pulley, Pulley, Carbon Steel Pulley, Sintered Steel Pulley. US $ 5.4/ Piece FOB.","page":1,"position":1,"title":"Pulley Sintered Metal - Made-in-China.com","type":"0","typedescription":"organic","url":"https://m.made-in-china.com/hot-china-products/Pulley_Sintered_Metal.html","universal_position":1,"md5":"a2e87a95c63d37df7ff8c6c40d2529c2"},{"snippets":{"indented":"yes","image-thumbnails":"single image thumbnails"},"elementAttributes":"{\"class\":\"MYVUIe\"}","description":"China Factory V Belt Pulley & Timing Pulley Sheaves Wheel Price V Groove Steel Plastic Nylon Drive Idler Bearing Sheaves Pulley. US$ 5-300 / Piece.","page":1,"position":2,"title":"Timing Belt Pulley manufacturers & suppliers","type":"0","typedescription":"organic","url":"https://www.made-in-china.com/products-search/hot-china-products/Timing_Belt_Pulley.html","universal_position":2,"md5":"9b30526cedce11b87a7aef7b64665eea"},{"elementAttributes":"{\"data-hveid\":\"CBYQAA\",\"data-ved\":\"2ahUKEwiO9Ze7x6r6AhWSEGIAHRj0CREQFSgAegQIFhAA\",\"jsaction\":\"QyLbLe:OMITjf\",\"jscontroller\":\"SC7lYd\",\"lang\":\"en\",\"style\":\"width:600px\"}","description":"Buy Steel Timing Belt Pulleys China Direct From Steel Timing Belt Pulleys Factories at Alibaba.com. Help Global Buyers Source China Easily.","page":1,"position":3,"title":"Steel Timing Belt Pulleys China Trade,Buy China Direct From Steel ...","type":"0","typedescription":"organic","url":"https://www.alibaba.com/countrysearch/CN/steel-timing-belt-pulleys.html","universal_position":3,"md5":"654cc3fca942a39cfcc77fd45cc0ea8c"},{"snippets":{"indented":"yes"},"elementAttributes":"{\"class\":\"MYVUIe\"}","description":"China OEM Iron Powder Sinter 34 Teeth Metal Steel Timing Belt Pulley For Knitting Machine. 1 - 999 Pieces. $5.82. 1000 - 4999 Pieces.","page":1,"position":4,"title":"China OEM Iron Powder Sinter 34 Teeth Metal Steel Timing Belt ...","type":"0","typedescription":"organic","url":"https://www.alibaba.com/pla/China-OEM-Iron-Powder-Sinter-34_60821722631.html?mark=google_shopping&biz=pla&pcy=US&searchText=pulleys&product_id=60821722631","universal_position":4,"md5":"5186ae121bee1e4f235ada5c1dc9d618"},{"elementAttributes":"{\"class\":\"eA0Zlc WghbWd JX86yc ivg-i PZPZlf\",\"data-attrid\":\"images universal\",\"data-docid\":\"7t3fT1a-3l-4cM\",\"data-hveid\":\"CAQQAA\",\"data-lpage\":\"https://m.made-in-china.com/product/Timing-Pulley-Film-Reel-Drive-Pulley-Pulley-Carbon-Steel-Pulley-Sintered-Steel-Pulley-794614552.html\",\"data-ved\":\"2ahUKEwiO9Ze7x6r6AhWSEGIAHRj0CREQ9AF6BAgEEAA\",\"jsaction\":\"rcuQ6b:npT2md;tuz4af:RrAr1;nptbHe:XEuVS;h5M12e\",\"jscontroller\":\"E19wJb\",\"jsdata\":\"XZxcdf;7t3fT1a-3l-4cM;ANB//A\",\"jsname\":\"dTDiAc\"}","description":"","page":1,"position":5,"title":"","type":"5","typedescription":"image","url":"https://m.made-in-china.com/product/Timing-Pulley-Film-Reel-Drive-Pulley-Pulley-Carbon-Steel-Pulley-Sintered-Steel-Pulley-794614552.html","universal_position":5,"md5":"3915eee6bf7aa14259748d5d2bfccb60"},{"elementAttributes":"{\"class\":\"eA0Zlc WghbWd JX86yc ivg-i PZPZlf\",\"data-attrid\":\"images universal\",\"data-docid\":\"ojYYLT1nn-IZnM\",\"data-hveid\":\"CBEQAA\",\"data-lpage\":\"https://m.made-in-china.com/product/Timing-Pulley-Drive-Pulley-Film-Reel-Drive-Pulley-Pulley-Carbon-Steel-Pulley-Sintered-Steel-Pulley-L-Type-Timing-Pulley-799782212.html\",\"data-ved\":\"2ahUKEwiO9Ze7x6r6AhWSEGIAHRj0CREQ9AF6BAgREAA\",\"jsaction\":\"rcuQ6b:npT2md;tuz4af:RrAr1;nptbHe:XEuVS;h5M12e\",\"jscontroller\":\"E19wJb\",\"jsdata\":\"XZxcdf;ojYYLT1nn-IZnM;ANCAAE\",\"jsname\":\"dTDiAc\"}","description":"","page":1,"position":6,"title":"","type":"5","typedescription":"image","url":"https://m.made-in-china.com/product/Timing-Pulley-Drive-Pulley-Film-Reel-Drive-Pulley-Pulley-Carbon-Steel-Pulley-Sintered-Steel-Pulley-L-Type-Timing-Pulley-799782212.html","universal_position":5,"md5":"4a6064d623d2ff117428f3fe9f167f5f"},{"elementAttributes":"{\"class\":\"eA0Zlc WghbWd JX86yc ivg-i PZPZlf\",\"data-attrid\":\"images universal\",\"data-docid\":\"eKtIcAcolamjWM\",\"data-hveid\":\"CCEQAA\",\"data-lpage\":\"https://www.alibaba.com/product-detail/China-Synchronous-Pulleys-Suppliers-Stainless-Steel_1600464100144.html\",\"data-ved\":\"2ahUKEwiO9Ze7x6r6AhWSEGIAHRj0CREQ9AF6BAghEAA\",\"jsaction\":\"rcuQ6b:npT2md;tuz4af:RrAr1;nptbHe:XEuVS;h5M12e\",\"jscontroller\":\"E19wJb\",\"jsdata\":\"XZxcdf;eKtIcAcolamjWM;ANCAAg\",\"jsname\":\"dTDiAc\"}","description":"","page":1,"position":7,"title":"","type":"5","typedescription":"image","url":"https://www.alibaba.com/product-detail/China-Synchronous-Pulleys-Suppliers-Stainless-Steel_1600464100144.html","universal_position":5,"md5":"f17ce84344950778d5a3257c75c42f86"},{"elementAttributes":"{\"class\":\"eA0Zlc WghbWd JX86yc ivg-i PZPZlf\",\"data-attrid\":\"images universal\",\"data-docid\":\"x7WPz0CG_9P2LM\",\"data-hveid\":\"CAsQAA\",\"data-lpage\":\"https://www.alibaba.com/product-detail/custom-made-powder-metal-sintered-parts_1600078371581.html\",\"data-ved\":\"2ahUKEwiO9Ze7x6r6AhWSEGIAHRj0CREQ9AF6BAgLEAA\",\"jsaction\":\"rcuQ6b:npT2md;tuz4af:RrAr1;nptbHe:XEuVS;h5M12e\",\"jscontroller\":\"E19wJb\",\"jsdata\":\"XZxcdf;x7WPz0CG_9P2LM;ANB//g\",\"jsname\":\"dTDiAc\"}","description":"","page":1,"position":8,"title":"","type":"5","typedescription":"image","url":"https://www.alibaba.com/product-detail/custom-made-powder-metal-sintered-parts_1600078371581.html","universal_position":5,"md5":"038737e048f1f2a5f32ca2560a3db7c1"},{"elementAttributes":"{\"class\":\"eA0Zlc WghbWd JX86yc ivg-i PZPZlf\",\"data-attrid\":\"images universal\",\"data-docid\":\"SRniVCt0B6iGkM\",\"data-hveid\":\"CBMQAA\",\"data-lpage\":\"https://m.made-in-china.com/hot-china-products/Pulley_Sintered_Metal.html\",\"data-ved\":\"2ahUKEwiO9Ze7x6r6AhWSEGIAHRj0CREQ9AF6BAgTEAA\",\"jsaction\":\"rcuQ6b:npT2md;tuz4af:RrAr1;nptbHe:XEuVS;h5M12e\",\"jscontroller\":\"E19wJb\",\"jsdata\":\"XZxcdf;SRniVCt0B6iGkM;ANCAAA\",\"jsname\":\"dTDiAc\"}","description":"","page":1,"position":9,"title":"","type":"5","typedescription":"image","url":"https://m.made-in-china.com/hot-china-products/Pulley_Sintered_Metal.html","universal_position":5,"md5":"ac39847973ea3e470d1792b660b2be7a"},{"snippets":{"image-thumbnails":"single image thumbnails"},"elementAttributes":"{\"class\":\"g Ww4FFb vt6azd tF2Cxc\",\"data-hveid\":\"CBcQAA\",\"data-ved\":\"2ahUKEwiO9Ze7x6r6AhWSEGIAHRj0CREQFSgAegQIFxAA\",\"jsaction\":\"QyLbLe:OMITjf\",\"jscontroller\":\"SC7lYd\",\"lang\":\"en\",\"style\":\"width:652px\"}","description":"Quality bushing & sintered gear on China Suppliers - Nantong Guanda Powder ... impeller for water pump sintered iron bronze technique · sintered timing belt ...","page":1,"position":10,"title":"Nantong Guanda Powder Metallurgy Co., Ltd.","type":"0","typedescription":"organic","url":"https://rfyj.en.china.cn/","universal_position":6,"md5":"3e0ecfcd7f864fda86a7f2c3754a1af6"},{"snippets":{"image-thumbnails":"single image thumbnails"},"elementAttributes":"{\"class\":\"g Ww4FFb vt6azd tF2Cxc\",\"data-hveid\":\"CBgQAA\",\"data-ved\":\"2ahUKEwiO9Ze7x6r6AhWSEGIAHRj0CREQFSgAegQIGBAA\",\"jsaction\":\"QyLbLe:OMITjf\",\"jscontroller\":\"SC7lYd\",\"lang\":\"en\",\"style\":\"width:652px\"}","description":"China OEM Custom Powder Metal Parts - Factory ... · OEM/ODM Supplier Precision Powder Metallurgy - ... · Wholesale Price China Sintered Engine Part - F... · China ...","page":1,"position":11,"title":"China Small Timing Belt Pulley Manufacturers and Factory ...","type":"0","typedescription":"organic","url":"https://m.jssintering.com/small-timing-belt-pulley","universal_position":7,"md5":"f9f5598e97aea053889af06f36a6625d"},{"snippets":{"image-thumbnails":"single image thumbnails"},"elementAttributes":"{\"class\":\"g Ww4FFb vt6azd tF2Cxc\",\"data-hveid\":\"CHAQAA\",\"data-ved\":\"2ahUKEwiO9Ze7x6r6AhWSEGIAHRj0CREQFSgAegQIcBAA\",\"jsaction\":\"QyLbLe:OMITjf\",\"jscontroller\":\"SC7lYd\",\"lang\":\"en\",\"style\":\"width:652px\"}","description":"Synchronous Pulley S (sintered metal) · Synchronous Pulley D (aluminum, zinc die cast) · Synchronous Pulley MT (resin injection) ...","page":1,"position":12,"title":"Synchronous Pulleys (molded) | Industrial | Products","type":"0","typedescription":"organic","url":"https://www.bandogrp.com/eng/product/industrial/cogging_12.html","universal_position":8,"md5":"29dfb2ff4b21c598cd1830f7a594d0c6"},{"elementAttributes":"{\"class\":\"g Ww4FFb vt6azd tF2Cxc\",\"data-hveid\":\"CGQQAA\",\"data-ved\":\"2ahUKEwiO9Ze7x6r6AhWSEGIAHRj0CREQFSgAegQIZBAA\",\"jsaction\":\"QyLbLe:OMITjf\",\"jscontroller\":\"SC7lYd\",\"lang\":\"en\",\"style\":\"width:600px\"}","description":"Gates TL16H150 PowerGrip Sintered Steel Timing Pulley, 1/2\" Pitch, 16 Groove, 2.546\" Pitch Diameter, 1/2\" to 1\" Bore Range, For 1-1/2\" Width Belt ...","page":1,"position":13,"title":"Gates TL16H150 PowerGrip Sintered Steel Timing Pulley, 1/2 ...","type":"0","typedescription":"organic","url":"https://www.amazon.sg/Gates-TL16H150-PowerGrip-Sintered-Diameter/dp/B00CKWSC4W","universal_position":9,"md5":"ec0caecb5b7b47d0e3296ee4188eb49e"},{"elementAttributes":"{\"class\":\"g Ww4FFb vt6azd tF2Cxc\",\"data-hveid\":\"CD4QAA\",\"data-ved\":\"2ahUKEwiO9Ze7x6r6AhWSEGIAHRj0CREQFSgAegQIPhAA\",\"jsaction\":\"QyLbLe:OMITjf\",\"jscontroller\":\"SC7lYd\",\"lang\":\"en\",\"style\":\"width:600px\"}","description":"Find professional powder metallurgy 23-teeth timing pulley manufacturers and suppliers in China here. Our factory provides bulk high quality powder ...","page":1,"position":14,"title":"Powder Metallurgy 23-teeth Timing Pulley","type":"0","typedescription":"organic","url":"https://www.chinafmyj.net/powder-metallurgy-pulley/powder-metallurgy-23-teeth-timing-pulley.html","universal_position":10,"md5":"45d796f69fb6971f1bfb506f536a9edd"},{"elementAttributes":"{\"class\":\"g Ww4FFb vt6azd tF2Cxc\",\"data-hveid\":\"CE0QAA\",\"data-ved\":\"2ahUKEwiO9Ze7x6r6AhWSEGIAHRj0CREQFSgAegQITRAA\",\"jsaction\":\"QyLbLe:OMITjf\",\"jscontroller\":\"SC7lYd\",\"lang\":\"en\",\"style\":\"width:600px\"}","description":"Sintered metal pulleys are prone to cracking, fracturing, and are harder to machine. Residual porosity lowers a sintered metal pulley's final mechanical and ...","page":1,"position":15,"title":"Powerhouse® MX Pulleys - B&B Manufacturing","type":"0","typedescription":"organic","url":"https://www.bbman.com/powerhouse-mx-pulleys/","universal_position":11,"md5":"630ed73ae8ab6e03338b4d4c1a73944f"},{"elementAttributes":"{\"class\":\"g Ww4FFb vt6azd tF2Cxc\",\"data-hveid\":\"CF8QAA\",\"data-ved\":\"2ahUKEwiO9Ze7x6r6AhWSEGIAHRj0CREQFSgAegQIXxAA\",\"jsaction\":\"QyLbLe:OMITjf\",\"jscontroller\":\"SC7lYd\",\"lang\":\"en\",\"style\":\"width:600px\"}","description":"A new mechanical model for warm powder compaction was presented. Warm compaction process of iron-based powder was investigated to deal with the existence of ...","page":2,"position":16,"title":"Numerical simulation of warm compacted synchronous pulley","type":"0","typedescription":"organic","url":"https://www.sciencedirect.com/science/article/pii/S1003632606600125","universal_position":12,"md5":"ad045411b2fbb836585528b58290fe4f"},{"elementAttributes":"{\"class\":\"g Ww4FFb vt6azd tF2Cxc\",\"data-hveid\":\"CGAQAA\",\"data-ved\":\"2ahUKEwiO9Ze7x6r6AhWSEGIAHRj0CREQFSgAegQIYBAA\",\"jsaction\":\"QyLbLe:OMITjf\",\"jscontroller\":\"SC7lYd\",\"lang\":\"en\",\"style\":\"width:600px\"}","description":"BRECOflex CO., L.L.C. manufacturers timing belts, pulleys and drive components for linear drives, conveying and power transmission applications.","page":2,"position":17,"title":"Timing Belt Manufacturer | Pulley Manufacturer | BRECOflex ...","type":"0","typedescription":"organic","url":"https://www.brecoflex.com/","universal_position":13,"md5":"5e5f2dc86a5dfd85dc3ef16df57b8394"},{"elementAttributes":"{\"class\":\"g Ww4FFb vt6azd tF2Cxc\",\"data-hveid\":\"CDsQAA\",\"data-ved\":\"2ahUKEwiO9Ze7x6r6AhWSEGIAHRj0CREQFSgAegQIOxAA\",\"jsaction\":\"QyLbLe:OMITjf\",\"jscontroller\":\"SC7lYd\",\"lang\":\"en\",\"style\":\"width:600px\"}","description":"Baldor and Chinese Respondents assert that MTDCs made from sintered steel powder and direct-machined steel bars are commercially identical ...","page":2,"position":18,"title":"Certain Iron Mechanical Transfer Drive Components ... - USITC","type":"0","typedescription":"organic","url":"https://www.usitc.gov/publications/701_731/pub4587.pdf","universal_position":14,"md5":"954b22f2ce9d59c27f9a508f242cc713"},{"elementAttributes":"{\"class\":\"g Ww4FFb vt6azd tF2Cxc\",\"data-hveid\":\"CEIQAA\",\"data-ved\":\"2ahUKEwiO9Ze7x6r6AhWSEGIAHRj0CREQFSgAegQIQhAA\",\"jsaction\":\"QyLbLe:OMITjf\",\"jscontroller\":\"SC7lYd\",\"lang\":\"en\",\"style\":\"width:600px\"}","description":"Gates TL14H100 PowerGrip Sintered Steel Timing Pulley 2.228 Pitch Diameter 14 ... Date first listed on : September 5, US Small=China Medium:Length:25, ...","page":2,"position":19,"title":"Gates TL14H100 PowerGrip Sintered Steel Timing Pulley ...","type":"0","typedescription":"organic","url":"https://originsofwhiskey.com/corq/?_nkw=and-1-Width-Belt-12-to-1-Bore-Range-12-Pitch-690089","universal_position":15,"md5":"49482184cca639c53644b2b463a9750c"},{"elementAttributes":"{\"class\":\"g Ww4FFb vt6azd tF2Cxc\",\"data-hveid\":\"CFUQAA\",\"data-ved\":\"2ahUKEwiO9Ze7x6r6AhWSEGIAHRj0CREQFSgAegQIVRAA\",\"jsaction\":\"QyLbLe:OMITjf\",\"jscontroller\":\"SC7lYd\",\"lang\":\"en\",\"style\":\"width:600px\"}","description":"Choose from our selection of L timing-belt pulleys, including over 110 products in a wide range of styles and sizes. In stock and ready to ship.","page":2,"position":20,"title":"L Series Timing Belt Pulleys - McMaster-Carr","type":"0","typedescription":"organic","url":"https://www.mcmaster.com/pulleys/for-belt-trade-size~l/","universal_position":16,"md5":"c86b93a8a5ef2559760ce3f8398d238d"},{"elementAttributes":"{\"class\":\"g Ww4FFb vt6azd tF2Cxc\",\"data-hveid\":\"CF4QAA\",\"data-ved\":\"2ahUKEwiO9Ze7x6r6AhWSEGIAHRj0CREQFSgAegQIXhAA\",\"jsaction\":\"QyLbLe:OMITjf\",\"jscontroller\":\"SC7lYd\",\"lang\":\"en\",\"style\":\"width:600px\"}","description":"Please be informed: - There may be potential delay of shipment from supplier in China due to Shanghai lockdown. We seek your kind understanding, should there be ...","page":2,"position":21,"title":"Timing Pulley T5 Type (PT5-10-15C-H-13) - MiSUMi","type":"0","typedescription":"organic","url":"https://sg.misumi-ec.com/vona2/detail/221000021738/?HissuCode=PT5-10-15C-H-13","universal_position":17,"md5":"fb98e30ce6f33299fdbf7beea06682d0"},{"elementAttributes":"{\"class\":\"g Ww4FFb vt6azd tF2Cxc\",\"data-hveid\":\"CGMQAA\",\"data-ved\":\"2ahUKEwiO9Ze7x6r6AhWSEGIAHRj0CREQFSgAegQIYxAA\",\"jsaction\":\"QyLbLe:OMITjf\",\"jscontroller\":\"SC7lYd\",\"lang\":\"en\",\"style\":\"width:600px\"}","description":"10/15/20/25/30/40mm HTD5M Timing Belt Open End Loop Cogged Gear PU Steel Cord Synchronous Pulley Belt. Belt Type: 5M HTD5M. Belt Width: 10mm, 15mm, 20mm, ...","page":2,"position":22,"title":"10mm-40mm HTD5M Timing Belt Open Cogged Gear ... - eBay","type":"0","typedescription":"organic","url":"https://www.ebay.com/itm/232486950947","universal_position":18,"md5":"744f7f739f73792e4ac38a89c6a2a3bf"},{"elementAttributes":"{\"class\":\"g Ww4FFb vt6azd tF2Cxc\",\"data-hveid\":\"CDwQAA\",\"data-ved\":\"2ahUKEwiO9Ze7x6r6AhWSEGIAHRj0CREQFSgAegQIPBAA\",\"jsaction\":\"QyLbLe:OMITjf\",\"jscontroller\":\"SC7lYd\",\"lang\":\"en\",\"style\":\"width:600px\"}","description":"Timing belt pulley (drive pulley) Material sintered metal powder : FC-0205 / Sint C11 with or without heat treatment Applications Automobile ...","page":2,"position":23,"title":"Sintered Timing Pulley - Rainbow Ming Industrial","type":"0","typedescription":"organic","url":"https://www.ppm.com.tw/sintered-timing-pulley","universal_position":19,"md5":"816519a08d19ed67e8a7264182bc8d0d"},{"snippets":{"rating":"4.9","review-stars":"yes"},"elementAttributes":"{\"class\":\"g Ww4FFb vt6azd tF2Cxc\",\"data-hveid\":\"CGEQAA\",\"data-ved\":\"2ahUKEwiO9Ze7x6r6AhWSEGIAHRj0CREQFSgAegQIYRAA\",\"jsaction\":\"QyLbLe:OMITjf\",\"jscontroller\":\"SC7lYd\",\"lang\":\"en\",\"style\":\"width:600px\"}","description":"From China to Canada via AliExpress Standard Shipping ... Works perfectly: the polyurethane steel synchronous belt is designed to work perfectly with any ...","page":2,"position":24,"title":"Powge 2gt Open Synchronous Belt 2gt-6 Width 4/6/9/10 ...","type":"0","typedescription":"organic","url":"https://www.aliexpress.com/i/32608096392.html","universal_position":20,"md5":"849abebce853694716d2083938d6b95f"},{"elementAttributes":"{\"class\":\"g Ww4FFb vt6azd tF2Cxc\",\"data-hveid\":\"CHMQAA\",\"data-ved\":\"2ahUKEwiO9Ze7x6r6AhWSEGIAHRj0CREQFSgAegQIcxAA\",\"jsaction\":\"QyLbLe:OMITjf\",\"jscontroller\":\"SC7lYd\",\"lang\":\"en\",\"style\":\"width:600px\"}","description":"At the heart of an EPAS system is typically a pair of pulleys that work in ... Net shape, optimized tooth profile \u2013 matched to belt geometry; PM steel is ...","page":2,"position":25,"title":"Sintered electric steering motor pulleys","type":"0","typedescription":"organic","url":"https://www.gknpm.com/en/solutions/automotive/body-chassis/electric-steering-motor-pulley/","universal_position":21,"md5":"c067d60c74f5a738ff0f800b38fdf08b"},{"elementAttributes":"{\"data-hveid\":\"CF0QAA\",\"data-ved\":\"2ahUKEwiO9Ze7x6r6AhWSEGIAHRj0CREQ5wEoAHoECF0QAA\",\"lang\":\"en\"}","description":"Product catalog - China National Standard: GB; GB/T; ... on effective width) Belt drive -- Synchronous belt drives -- Automotive pulleys Synchronous belt ...","page":3,"position":26,"title":"GB, GB/T, GBT - Product Catalog. Translated English of ...","type":"0","typedescription":"organic","url":"https://books.google.com/books?id=rRzVAwAAQBAJ&pg=PA524&lpg=PA524&dq=china+sintered+steel+synchronous+pulley&source=bl&ots=Xchm0GVzsQ&sig=ACfU3U0U07KEpb3o57OPXHNfyj6c6RCU2A&hl=en&sa=X&ved=2ahUKEwiO9Ze7x6r6AhWSEGIAHRj0CREQ6AF6BAhdEAM","universal_position":22,"md5":"58ff475c580be1d0fc59273c6fd042a1"},{"elementAttributes":"{\"data-hveid\":\"CHcQAA\",\"data-ved\":\"2ahUKEwiO9Ze7x6r6AhWSEGIAHRj0CREQ5wEoAHoECHcQAA\",\"lang\":\"en\"}","description":"Product catalog - China National Standards & Industry Standards ... Belt drive -- Synchronous belt drives -- Automotive pulleys Synchronous belt drives for ...","page":3,"position":27,"title":"Chinese Standard. GB; GB/T; GBT; JB; JB/T; YY; HJ; NB; HG; ...","type":"0","typedescription":"organic","url":"https://books.google.com/books?id=j1UEBAAAQBAJ&pg=PA1948&lpg=PA1948&dq=china+sintered+steel+synchronous+pulley&source=bl&ots=9WIsCYmCT3&sig=ACfU3U1k28Fl2vhgdYoZphykjNkQcPoPQQ&hl=en&sa=X&ved=2ahUKEwiO9Ze7x6r6AhWSEGIAHRj0CREQ6AF6BAh3EAM","universal_position":23,"md5":"688170493bfc60f6c3ecd1114beb3441"},{"elementAttributes":"{\"class\":\"g Ww4FFb vt6azd tF2Cxc\",\"data-hveid\":\"CDkQAA\",\"data-ved\":\"2ahUKEwiO9Ze7x6r6AhWSEGIAHRj0CREQFSgAegQIORAA\",\"jsaction\":\"QyLbLe:OMITjf\",\"jscontroller\":\"SC7lYd\",\"lang\":\"en\",\"style\":\"width:600px\"}","description":"Standard or custom China manufacturer of Timing Belt Pulleys from aluminum, steel, stainless steel or plastic. Available in metric or imperial pitches.","page":3,"position":28,"title":"Timing Belt Pulleys China Manufacturer & Supplier","type":"0","typedescription":"organic","url":"https://www.reccamachinery.com/products/timing-belt-pulleys/","universal_position":24,"md5":"514a9c334fa9cb192a8e01e7aa2dc5f5"},{"elementAttributes":"{\"data-hveid\":\"CHYQAA\",\"data-ved\":\"2ahUKEwiO9Ze7x6r6AhWSEGIAHRj0CREQ5wEoAHoECHYQAA\",\"lang\":\"en\"}","description":"Product catalog - Chinese National Standard: GB/T; ... effective width) Belt drive -- Synchronous belt drives -- Automotive pulleys Synchronous belt drives ...","page":3,"position":29,"title":"GB/T; GBT - Product Catalog. Translated English of Chinese ...","type":"0","typedescription":"organic","url":"https://books.google.com/books?id=ghrVAwAAQBAJ&pg=PA25&lpg=PA25&dq=china+sintered+steel+synchronous+pulley&source=bl&ots=9RFMStQVaV&sig=ACfU3U39VDyWYLSJ5fhNiulKqvg6Me0rEw&hl=en&sa=X&ved=2ahUKEwiO9Ze7x6r6AhWSEGIAHRj0CREQ6AF6BAh2EAM","universal_position":25,"md5":"bf41f16b139293b2afcc12e72989c317"},{"elementAttributes":"{\"data-hveid\":\"CHkQAA\",\"data-ved\":\"2ahUKEwiO9Ze7x6r6AhWSEGIAHRj0CREQ5wEoAHoECHkQAA\",\"lang\":\"en\"}","description":"... English Title Grooved pulleys for narrow V-belts (system based on effective width) Belt drive -- Synchronous belt drives -- Automotive pulleys Steel ...","page":3,"position":30,"title":"GB/T-2002, GB-2002 -- Chinese National Standard PDF-English, ...","type":"0","typedescription":"organic","url":"https://books.google.com/books?id=hBTRDAAAQBAJ&pg=PA5&lpg=PA5&dq=china+sintered+steel+synchronous+pulley&source=bl&ots=difLhZLxDL&sig=ACfU3U1ojLbdEHCd8fux4yNLNSkKUYPLjA&hl=en&sa=X&ved=2ahUKEwiO9Ze7x6r6AhWSEGIAHRj0CREQ6AF6BAh5EAM","universal_position":26,"md5":"9b2acbeb05cf9da2835af3682e7373ca"},{"elementAttributes":"{\"data-hveid\":\"CHgQAA\",\"data-ved\":\"2ahUKEwiO9Ze7x6r6AhWSEGIAHRj0CREQ5wEoAHoECHgQAA\",\"lang\":\"en\"}","description":"Chinese Standard(English version) CODEOFCHINA - Dr. Meng Yongye ... English In 1~X business day Chinese Standard//Sintered translated version metal friction ...","page":3,"position":31,"title":"GB, GB/T, GBT Chinese Standard(English-translated version) - ...","type":"0","typedescription":"organic","url":"https://books.google.com/books?id=GpVZDwAAQBAJ&pg=PA3644&lpg=PA3644&dq=china+sintered+steel+synchronous+pulley&source=bl&ots=WnoT0Y3F5N&sig=ACfU3U0wHgUGU_Z0fkbyEzJdaTx5qrjwvw&hl=en&sa=X&ved=2ahUKEwiO9Ze7x6r6AhWSEGIAHRj0CREQ6AF6BAh4EAM","universal_position":27,"md5":"22cd69f232d2313402ef7391c06ed505"},{"elementAttributes":"{\"class\":\"g Ww4FFb vt6azd tF2Cxc\",\"data-hveid\":\"CDoQAA\",\"data-ved\":\"2ahUKEwiO9Ze7x6r6AhWSEGIAHRj0CREQFSgAegQIOhAA\",\"jsaction\":\"QyLbLe:OMITjf\",\"jscontroller\":\"SC7lYd\",\"lang\":\"en\",\"style\":\"width:600px\"}","description":"Sintered metal pulleys have lower mechanical and physical capabilities because of residual porosity and are harder to machine since they are more prone to ...","page":3,"position":32,"title":"Powerhouse® MX Pulleys - Toronto Gear Works","type":"0","typedescription":"organic","url":"https://www.torontogear.com/powerhouse-mx-pulleys/","universal_position":28,"md5":"967611be640bfb84edccda0f349f873d"},{"elementAttributes":"{\"class\":\"g Ww4FFb vt6azd tF2Cxc\",\"data-hveid\":\"CEEQAA\",\"data-ved\":\"2ahUKEwiO9Ze7x6r6AhWSEGIAHRj0CREQFSgAegQIQRAA\",\"jsaction\":\"QyLbLe:OMITjf\",\"jscontroller\":\"SC7lYd\",\"lang\":\"en\",\"style\":\"width:600px\"}","description":"This entry was posted in Uncategorized and tagged chain, china ... and Cast Iron Material Htd 3m 5m 8m 14m Timing Belt Pulleys with Best ...","page":3,"position":33,"title":"China best Heavy duty straight sidebar chain with Great quality","type":"0","typedescription":"organic","url":"https://timing-pulley.org/china-best-heavy-duty-straight-sidebar-chain-with-great-quality/","universal_position":29,"md5":"5df82799dee34922e8f6da7d15f739aa"},{"elementAttributes":"{\"class\":\"g Ww4FFb vt6azd tF2Cxc\",\"data-hveid\":\"CD0QAA\",\"data-ved\":\"2ahUKEwiO9Ze7x6r6AhWSEGIAHRj0CREQFSgAegQIPRAA\",\"jsaction\":\"QyLbLe:OMITjf\",\"jscontroller\":\"SC7lYd\",\"lang\":\"ja\",\"style\":\"width:600px\"}","description":"Yd25 camshaft timing. Sprocket quality OEM and aftermarket sprockets are sintered. yd25 . 95 postage Genuine Nissan Navara D22 D40 YD25 Single Row Timing ...","page":3,"position":34,"title":"Yd25 camshaft timing. Sprocket quality OEM and aftermarket ...","type":"0","typedescription":"organic","url":"http://onnoyfashion.000webhostapp.com/bb4g7g/yd25-camshaft-timing.html","universal_position":30,"md5":"d740c27fd20c3969853bbafe0f3d9226"}],"server_id":61715,"adwords_bottom":[],"depth":5,"adwords_shop":[],"location":"US","rankdata":[{"snippets":{"image-thumbnails":"single image thumbnails"},"elementAttributes":"{\"data-hveid\":\"CCIQAA\",\"data-ved\":\"2ahUKEwiO9Ze7x6r6AhWSEGIAHRj0CREQFSgAegQIIhAA\",\"jsaction\":\"QyLbLe:OMITjf\",\"jscontroller\":\"SC7lYd\",\"lang\":\"en\",\"style\":\"width:652px\"}","description":"L-Type Timing Pulley, Timing Pulley, Drive Pulley, Film Reel Drive Pulley, Pulley, Carbon Steel Pulley, Sintered Steel Pulley. US $ 5.4/ Piece FOB.","page":1,"position":1,"title":"Pulley Sintered Metal - Made-in-China.com","type":"0","typedescription":"organic","url":"https://m.made-in-china.com/hot-china-products/Pulley_Sintered_Metal.html","universal_position":1,"md5":"a2e87a95c63d37df7ff8c6c40d2529c2"},{"snippets":{"indented":"yes","image-thumbnails":"single image thumbnails"},"elementAttributes":"{\"class\":\"MYVUIe\"}","description":"China Factory V Belt Pulley & Timing Pulley Sheaves Wheel Price V Groove Steel Plastic Nylon Drive Idler Bearing Sheaves Pulley. US$ 5-300 / Piece.","page":1,"position":2,"title":"Timing Belt Pulley manufacturers & suppliers","type":"0","typedescription":"organic","url":"https://www.made-in-china.com/products-search/hot-china-products/Timing_Belt_Pulley.html","universal_position":2,"md5":"9b30526cedce11b87a7aef7b64665eea"},{"elementAttributes":"{\"data-hveid\":\"CBYQAA\",\"data-ved\":\"2ahUKEwiO9Ze7x6r6AhWSEGIAHRj0CREQFSgAegQIFhAA\",\"jsaction\":\"QyLbLe:OMITjf\",\"jscontroller\":\"SC7lYd\",\"lang\":\"en\",\"style\":\"width:600px\"}","description":"Buy Steel Timing Belt Pulleys China Direct From Steel Timing Belt Pulleys Factories at Alibaba.com. Help Global Buyers Source China Easily.","page":1,"position":3,"title":"Steel Timing Belt Pulleys China Trade,Buy China Direct From Steel ...","type":"0","typedescription":"organic","url":"https://www.alibaba.com/countrysearch/CN/steel-timing-belt-pulleys.html","universal_position":3,"md5":"654cc3fca942a39cfcc77fd45cc0ea8c"},{"snippets":{"indented":"yes"},"elementAttributes":"{\"class\":\"MYVUIe\"}","description":"China OEM Iron Powder Sinter 34 Teeth Metal Steel Timing Belt Pulley For Knitting Machine. 1 - 999 Pieces. $5.82. 1000 - 4999 Pieces.","page":1,"position":4,"title":"China OEM Iron Powder Sinter 34 Teeth Metal Steel Timing Belt ...","type":"0","typedescription":"organic","url":"https://www.alibaba.com/pla/China-OEM-Iron-Powder-Sinter-34_60821722631.html?mark=google_shopping&biz=pla&pcy=US&searchText=pulleys&product_id=60821722631","universal_position":4,"md5":"5186ae121bee1e4f235ada5c1dc9d618"},{"elementAttributes":"{\"class\":\"eA0Zlc WghbWd JX86yc ivg-i PZPZlf\",\"data-attrid\":\"images universal\",\"data-docid\":\"7t3fT1a-3l-4cM\",\"data-hveid\":\"CAQQAA\",\"data-lpage\":\"https://m.made-in-china.com/product/Timing-Pulley-Film-Reel-Drive-Pulley-Pulley-Carbon-Steel-Pulley-Sintered-Steel-Pulley-794614552.html\",\"data-ved\":\"2ahUKEwiO9Ze7x6r6AhWSEGIAHRj0CREQ9AF6BAgEEAA\",\"jsaction\":\"rcuQ6b:npT2md;tuz4af:RrAr1;nptbHe:XEuVS;h5M12e\",\"jscontroller\":\"E19wJb\",\"jsdata\":\"XZxcdf;7t3fT1a-3l-4cM;ANB//A\",\"jsname\":\"dTDiAc\"}","description":"","page":1,"position":5,"title":"","type":"5","typedescription":"image","url":"https://m.made-in-china.com/product/Timing-Pulley-Film-Reel-Drive-Pulley-Pulley-Carbon-Steel-Pulley-Sintered-Steel-Pulley-794614552.html","universal_position":5,"md5":"3915eee6bf7aa14259748d5d2bfccb60"},{"elementAttributes":"{\"class\":\"eA0Zlc WghbWd JX86yc ivg-i PZPZlf\",\"data-attrid\":\"images universal\",\"data-docid\":\"ojYYLT1nn-IZnM\",\"data-hveid\":\"CBEQAA\",\"data-lpage\":\"https://m.made-in-china.com/product/Timing-Pulley-Drive-Pulley-Film-Reel-Drive-Pulley-Pulley-Carbon-Steel-Pulley-Sintered-Steel-Pulley-L-Type-Timing-Pulley-799782212.html\",\"data-ved\":\"2ahUKEwiO9Ze7x6r6AhWSEGIAHRj0CREQ9AF6BAgREAA\",\"jsaction\":\"rcuQ6b:npT2md;tuz4af:RrAr1;nptbHe:XEuVS;h5M12e\",\"jscontroller\":\"E19wJb\",\"jsdata\":\"XZxcdf;ojYYLT1nn-IZnM;ANCAAE\",\"jsname\":\"dTDiAc\"}","description":"","page":1,"position":6,"title":"","type":"5","typedescription":"image","url":"https://m.made-in-china.com/product/Timing-Pulley-Drive-Pulley-Film-Reel-Drive-Pulley-Pulley-Carbon-Steel-Pulley-Sintered-Steel-Pulley-L-Type-Timing-Pulley-799782212.html","universal_position":5,"md5":"4a6064d623d2ff117428f3fe9f167f5f"},{"elementAttributes":"{\"class\":\"eA0Zlc WghbWd JX86yc ivg-i PZPZlf\",\"data-attrid\":\"images universal\",\"data-docid\":\"eKtIcAcolamjWM\",\"data-hveid\":\"CCEQAA\",\"data-lpage\":\"https://www.alibaba.com/product-detail/China-Synchronous-Pulleys-Suppliers-Stainless-Steel_1600464100144.html\",\"data-ved\":\"2ahUKEwiO9Ze7x6r6AhWSEGIAHRj0CREQ9AF6BAghEAA\",\"jsaction\":\"rcuQ6b:npT2md;tuz4af:RrAr1;nptbHe:XEuVS;h5M12e\",\"jscontroller\":\"E19wJb\",\"jsdata\":\"XZxcdf;eKtIcAcolamjWM;ANCAAg\",\"jsname\":\"dTDiAc\"}","description":"","page":1,"position":7,"title":"","type":"5","typedescription":"image","url":"https://www.alibaba.com/product-detail/China-Synchronous-Pulleys-Suppliers-Stainless-Steel_1600464100144.html","universal_position":5,"md5":"f17ce84344950778d5a3257c75c42f86"},{"elementAttributes":"{\"class\":\"eA0Zlc WghbWd JX86yc ivg-i PZPZlf\",\"data-attrid\":\"images universal\",\"data-docid\":\"x7WPz0CG_9P2LM\",\"data-hveid\":\"CAsQAA\",\"data-lpage\":\"https://www.alibaba.com/product-detail/custom-made-powder-metal-sintered-parts_1600078371581.html\",\"data-ved\":\"2ahUKEwiO9Ze7x6r6AhWSEGIAHRj0CREQ9AF6BAgLEAA\",\"jsaction\":\"rcuQ6b:npT2md;tuz4af:RrAr1;nptbHe:XEuVS;h5M12e\",\"jscontroller\":\"E19wJb\",\"jsdata\":\"XZxcdf;x7WPz0CG_9P2LM;ANB//g\",\"jsname\":\"dTDiAc\"}","description":"","page":1,"position":8,"title":"","type":"5","typedescription":"image","url":"https://www.alibaba.com/product-detail/custom-made-powder-metal-sintered-parts_1600078371581.html","universal_position":5,"md5":"038737e048f1f2a5f32ca2560a3db7c1"},{"elementAttributes":"{\"class\":\"eA0Zlc WghbWd JX86yc ivg-i PZPZlf\",\"data-attrid\":\"images universal\",\"data-docid\":\"SRniVCt0B6iGkM\",\"data-hveid\":\"CBMQAA\",\"data-lpage\":\"https://m.made-in-china.com/hot-china-products/Pulley_Sintered_Metal.html\",\"data-ved\":\"2ahUKEwiO9Ze7x6r6AhWSEGIAHRj0CREQ9AF6BAgTEAA\",\"jsaction\":\"rcuQ6b:npT2md;tuz4af:RrAr1;nptbHe:XEuVS;h5M12e\",\"jscontroller\":\"E19wJb\",\"jsdata\":\"XZxcdf;SRniVCt0B6iGkM;ANCAAA\",\"jsname\":\"dTDiAc\"}","description":"","page":1,"position":9,"title":"","type":"5","typedescription":"image","url":"https://m.made-in-china.com/hot-china-products/Pulley_Sintered_Metal.html","universal_position":5,"md5":"ac39847973ea3e470d1792b660b2be7a"},{"snippets":{"image-thumbnails":"single image thumbnails"},"elementAttributes":"{\"class\":\"g Ww4FFb vt6azd tF2Cxc\",\"data-hveid\":\"CBcQAA\",\"data-ved\":\"2ahUKEwiO9Ze7x6r6AhWSEGIAHRj0CREQFSgAegQIFxAA\",\"jsaction\":\"QyLbLe:OMITjf\",\"jscontroller\":\"SC7lYd\",\"lang\":\"en\",\"style\":\"width:652px\"}","description":"Quality bushing & sintered gear on China Suppliers - Nantong Guanda Powder ... impeller for water pump sintered iron bronze technique · sintered timing belt ...","page":1,"position":10,"title":"Nantong Guanda Powder Metallurgy Co., Ltd.","type":"0","typedescription":"organic","url":"https://rfyj.en.china.cn/","universal_position":6,"md5":"3e0ecfcd7f864fda86a7f2c3754a1af6"},{"snippets":{"image-thumbnails":"single image thumbnails"},"elementAttributes":"{\"class\":\"g Ww4FFb vt6azd tF2Cxc\",\"data-hveid\":\"CBgQAA\",\"data-ved\":\"2ahUKEwiO9Ze7x6r6AhWSEGIAHRj0CREQFSgAegQIGBAA\",\"jsaction\":\"QyLbLe:OMITjf\",\"jscontroller\":\"SC7lYd\",\"lang\":\"en\",\"style\":\"width:652px\"}","description":"China OEM Custom Powder Metal Parts - Factory ... · OEM/ODM Supplier Precision Powder Metallurgy - ... · Wholesale Price China Sintered Engine Part - F... · China ...","page":1,"position":11,"title":"China Small Timing Belt Pulley Manufacturers and Factory ...","type":"0","typedescription":"organic","url":"https://m.jssintering.com/small-timing-belt-pulley","universal_position":7,"md5":"f9f5598e97aea053889af06f36a6625d"},{"snippets":{"image-thumbnails":"single image thumbnails"},"elementAttributes":"{\"class\":\"g Ww4FFb vt6azd tF2Cxc\",\"data-hveid\":\"CHAQAA\",\"data-ved\":\"2ahUKEwiO9Ze7x6r6AhWSEGIAHRj0CREQFSgAegQIcBAA\",\"jsaction\":\"QyLbLe:OMITjf\",\"jscontroller\":\"SC7lYd\",\"lang\":\"en\",\"style\":\"width:652px\"}","description":"Synchronous Pulley S (sintered metal) · Synchronous Pulley D (aluminum, zinc die cast) · Synchronous Pulley MT (resin injection) ...","page":1,"position":12,"title":"Synchronous Pulleys (molded) | Industrial | Products","type":"0","typedescription":"organic","url":"https://www.bandogrp.com/eng/product/industrial/cogging_12.html","universal_position":8,"md5":"29dfb2ff4b21c598cd1830f7a594d0c6"},{"elementAttributes":"{\"class\":\"g Ww4FFb vt6azd tF2Cxc\",\"data-hveid\":\"CGQQAA\",\"data-ved\":\"2ahUKEwiO9Ze7x6r6AhWSEGIAHRj0CREQFSgAegQIZBAA\",\"jsaction\":\"QyLbLe:OMITjf\",\"jscontroller\":\"SC7lYd\",\"lang\":\"en\",\"style\":\"width:600px\"}","description":"Gates TL16H150 PowerGrip Sintered Steel Timing Pulley, 1/2\" Pitch, 16 Groove, 2.546\" Pitch Diameter, 1/2\" to 1\" Bore Range, For 1-1/2\" Width Belt ...","page":1,"position":13,"title":"Gates TL16H150 PowerGrip Sintered Steel Timing Pulley, 1/2 ...","type":"0","typedescription":"organic","url":"https://www.amazon.sg/Gates-TL16H150-PowerGrip-Sintered-Diameter/dp/B00CKWSC4W","universal_position":9,"md5":"ec0caecb5b7b47d0e3296ee4188eb49e"},{"elementAttributes":"{\"class\":\"g Ww4FFb vt6azd tF2Cxc\",\"data-hveid\":\"CD4QAA\",\"data-ved\":\"2ahUKEwiO9Ze7x6r6AhWSEGIAHRj0CREQFSgAegQIPhAA\",\"jsaction\":\"QyLbLe:OMITjf\",\"jscontroller\":\"SC7lYd\",\"lang\":\"en\",\"style\":\"width:600px\"}","description":"Find professional powder metallurgy 23-teeth timing pulley manufacturers and suppliers in China here. Our factory provides bulk high quality powder ...","page":1,"position":14,"title":"Powder Metallurgy 23-teeth Timing Pulley","type":"0","typedescription":"organic","url":"https://www.chinafmyj.net/powder-metallurgy-pulley/powder-metallurgy-23-teeth-timing-pulley.html","universal_position":10,"md5":"45d796f69fb6971f1bfb506f536a9edd"},{"elementAttributes":"{\"class\":\"g Ww4FFb vt6azd tF2Cxc\",\"data-hveid\":\"CE0QAA\",\"data-ved\":\"2ahUKEwiO9Ze7x6r6AhWSEGIAHRj0CREQFSgAegQITRAA\",\"jsaction\":\"QyLbLe:OMITjf\",\"jscontroller\":\"SC7lYd\",\"lang\":\"en\",\"style\":\"width:600px\"}","description":"Sintered metal pulleys are prone to cracking, fracturing, and are harder to machine. Residual porosity lowers a sintered metal pulley's final mechanical and ...","page":1,"position":15,"title":"Powerhouse® MX Pulleys - B&B Manufacturing","type":"0","typedescription":"organic","url":"https://www.bbman.com/powerhouse-mx-pulleys/","universal_position":11,"md5":"630ed73ae8ab6e03338b4d4c1a73944f"},{"elementAttributes":"{\"class\":\"g Ww4FFb vt6azd tF2Cxc\",\"data-hveid\":\"CF8QAA\",\"data-ved\":\"2ahUKEwiO9Ze7x6r6AhWSEGIAHRj0CREQFSgAegQIXxAA\",\"jsaction\":\"QyLbLe:OMITjf\",\"jscontroller\":\"SC7lYd\",\"lang\":\"en\",\"style\":\"width:600px\"}","description":"A new mechanical model for warm powder compaction was presented. Warm compaction process of iron-based powder was investigated to deal with the existence of ...","page":2,"position":16,"title":"Numerical simulation of warm compacted synchronous pulley","type":"0","typedescription":"organic","url":"https://www.sciencedirect.com/science/article/pii/S1003632606600125","universal_position":12,"md5":"ad045411b2fbb836585528b58290fe4f"},{"elementAttributes":"{\"class\":\"g Ww4FFb vt6azd tF2Cxc\",\"data-hveid\":\"CGAQAA\",\"data-ved\":\"2ahUKEwiO9Ze7x6r6AhWSEGIAHRj0CREQFSgAegQIYBAA\",\"jsaction\":\"QyLbLe:OMITjf\",\"jscontroller\":\"SC7lYd\",\"lang\":\"en\",\"style\":\"width:600px\"}","description":"BRECOflex CO., L.L.C. manufacturers timing belts, pulleys and drive components for linear drives, conveying and power transmission applications.","page":2,"position":17,"title":"Timing Belt Manufacturer | Pulley Manufacturer | BRECOflex ...","type":"0","typedescription":"organic","url":"https://www.brecoflex.com/","universal_position":13,"md5":"5e5f2dc86a5dfd85dc3ef16df57b8394"},{"elementAttributes":"{\"class\":\"g Ww4FFb vt6azd tF2Cxc\",\"data-hveid\":\"CDsQAA\",\"data-ved\":\"2ahUKEwiO9Ze7x6r6AhWSEGIAHRj0CREQFSgAegQIOxAA\",\"jsaction\":\"QyLbLe:OMITjf\",\"jscontroller\":\"SC7lYd\",\"lang\":\"en\",\"style\":\"width:600px\"}","description":"Baldor and Chinese Respondents assert that MTDCs made from sintered steel powder and direct-machined steel bars are commercially identical ...","page":2,"position":18,"title":"Certain Iron Mechanical Transfer Drive Components ... - USITC","type":"0","typedescription":"organic","url":"https://www.usitc.gov/publications/701_731/pub4587.pdf","universal_position":14,"md5":"954b22f2ce9d59c27f9a508f242cc713"},{"elementAttributes":"{\"class\":\"g Ww4FFb vt6azd tF2Cxc\",\"data-hveid\":\"CEIQAA\",\"data-ved\":\"2ahUKEwiO9Ze7x6r6AhWSEGIAHRj0CREQFSgAegQIQhAA\",\"jsaction\":\"QyLbLe:OMITjf\",\"jscontroller\":\"SC7lYd\",\"lang\":\"en\",\"style\":\"width:600px\"}","description":"Gates TL14H100 PowerGrip Sintered Steel Timing Pulley 2.228 Pitch Diameter 14 ... Date first listed on : September 5, US Small=China Medium:Length:25, ...","page":2,"position":19,"title":"Gates TL14H100 PowerGrip Sintered Steel Timing Pulley ...","type":"0","typedescription":"organic","url":"https://originsofwhiskey.com/corq/?_nkw=and-1-Width-Belt-12-to-1-Bore-Range-12-Pitch-690089","universal_position":15,"md5":"49482184cca639c53644b2b463a9750c"},{"elementAttributes":"{\"class\":\"g Ww4FFb vt6azd tF2Cxc\",\"data-hveid\":\"CFUQAA\",\"data-ved\":\"2ahUKEwiO9Ze7x6r6AhWSEGIAHRj0CREQFSgAegQIVRAA\",\"jsaction\":\"QyLbLe:OMITjf\",\"jscontroller\":\"SC7lYd\",\"lang\":\"en\",\"style\":\"width:600px\"}","description":"Choose from our selection of L timing-belt pulleys, including over 110 products in a wide range of styles and sizes. In stock and ready to ship.","page":2,"position":20,"title":"L Series Timing Belt Pulleys - McMaster-Carr","type":"0","typedescription":"organic","url":"https://www.mcmaster.com/pulleys/for-belt-trade-size~l/","universal_position":16,"md5":"c86b93a8a5ef2559760ce3f8398d238d"},{"elementAttributes":"{\"class\":\"g Ww4FFb vt6azd tF2Cxc\",\"data-hveid\":\"CF4QAA\",\"data-ved\":\"2ahUKEwiO9Ze7x6r6AhWSEGIAHRj0CREQFSgAegQIXhAA\",\"jsaction\":\"QyLbLe:OMITjf\",\"jscontroller\":\"SC7lYd\",\"lang\":\"en\",\"style\":\"width:600px\"}","description":"Please be informed: - There may be potential delay of shipment from supplier in China due to Shanghai lockdown. We seek your kind understanding, should there be ...","page":2,"position":21,"title":"Timing Pulley T5 Type (PT5-10-15C-H-13) - MiSUMi","type":"0","typedescription":"organic","url":"https://sg.misumi-ec.com/vona2/detail/221000021738/?HissuCode=PT5-10-15C-H-13","universal_position":17,"md5":"fb98e30ce6f33299fdbf7beea06682d0"},{"elementAttributes":"{\"class\":\"g Ww4FFb vt6azd tF2Cxc\",\"data-hveid\":\"CGMQAA\",\"data-ved\":\"2ahUKEwiO9Ze7x6r6AhWSEGIAHRj0CREQFSgAegQIYxAA\",\"jsaction\":\"QyLbLe:OMITjf\",\"jscontroller\":\"SC7lYd\",\"lang\":\"en\",\"style\":\"width:600px\"}","description":"10/15/20/25/30/40mm HTD5M Timing Belt Open End Loop Cogged Gear PU Steel Cord Synchronous Pulley Belt. Belt Type: 5M HTD5M. Belt Width: 10mm, 15mm, 20mm, ...","page":2,"position":22,"title":"10mm-40mm HTD5M Timing Belt Open Cogged Gear ... - eBay","type":"0","typedescription":"organic","url":"https://www.ebay.com/itm/232486950947","universal_position":18,"md5":"744f7f739f73792e4ac38a89c6a2a3bf"},{"elementAttributes":"{\"class\":\"g Ww4FFb vt6azd tF2Cxc\",\"data-hveid\":\"CDwQAA\",\"data-ved\":\"2ahUKEwiO9Ze7x6r6AhWSEGIAHRj0CREQFSgAegQIPBAA\",\"jsaction\":\"QyLbLe:OMITjf\",\"jscontroller\":\"SC7lYd\",\"lang\":\"en\",\"style\":\"width:600px\"}","description":"Timing belt pulley (drive pulley) Material sintered metal powder : FC-0205 / Sint C11 with or without heat treatment Applications Automobile ...","page":2,"position":23,"title":"Sintered Timing Pulley - Rainbow Ming Industrial","type":"0","typedescription":"organic","url":"https://www.ppm.com.tw/sintered-timing-pulley","universal_position":19,"md5":"816519a08d19ed67e8a7264182bc8d0d"},{"snippets":{"rating":"4.9","review-stars":"yes"},"elementAttributes":"{\"class\":\"g Ww4FFb vt6azd tF2Cxc\",\"data-hveid\":\"CGEQAA\",\"data-ved\":\"2ahUKEwiO9Ze7x6r6AhWSEGIAHRj0CREQFSgAegQIYRAA\",\"jsaction\":\"QyLbLe:OMITjf\",\"jscontroller\":\"SC7lYd\",\"lang\":\"en\",\"style\":\"width:600px\"}","description":"From China to Canada via AliExpress Standard Shipping ... Works perfectly: the polyurethane steel synchronous belt is designed to work perfectly with any ...","page":2,"position":24,"title":"Powge 2gt Open Synchronous Belt 2gt-6 Width 4/6/9/10 ...","type":"0","typedescription":"organic","url":"https://www.aliexpress.com/i/32608096392.html","universal_position":20,"md5":"849abebce853694716d2083938d6b95f"},{"elementAttributes":"{\"class\":\"g Ww4FFb vt6azd tF2Cxc\",\"data-hveid\":\"CHMQAA\",\"data-ved\":\"2ahUKEwiO9Ze7x6r6AhWSEGIAHRj0CREQFSgAegQIcxAA\",\"jsaction\":\"QyLbLe:OMITjf\",\"jscontroller\":\"SC7lYd\",\"lang\":\"en\",\"style\":\"width:600px\"}","description":"At the heart of an EPAS system is typically a pair of pulleys that work in ... Net shape, optimized tooth profile \u2013 matched to belt geometry; PM steel is ...","page":2,"position":25,"title":"Sintered electric steering motor pulleys","type":"0","typedescription":"organic","url":"https://www.gknpm.com/en/solutions/automotive/body-chassis/electric-steering-motor-pulley/","universal_position":21,"md5":"c067d60c74f5a738ff0f800b38fdf08b"},{"elementAttributes":"{\"data-hveid\":\"CF0QAA\",\"data-ved\":\"2ahUKEwiO9Ze7x6r6AhWSEGIAHRj0CREQ5wEoAHoECF0QAA\",\"lang\":\"en\"}","description":"Product catalog - China National Standard: GB; GB/T; ... on effective width) Belt drive -- Synchronous belt drives -- Automotive pulleys Synchronous belt ...","page":3,"position":26,"title":"GB, GB/T, GBT - Product Catalog. Translated English of ...","type":"0","typedescription":"organic","url":"https://books.google.com/books?id=rRzVAwAAQBAJ&pg=PA524&lpg=PA524&dq=china+sintered+steel+synchronous+pulley&source=bl&ots=Xchm0GVzsQ&sig=ACfU3U0U07KEpb3o57OPXHNfyj6c6RCU2A&hl=en&sa=X&ved=2ahUKEwiO9Ze7x6r6AhWSEGIAHRj0CREQ6AF6BAhdEAM","universal_position":22,"md5":"58ff475c580be1d0fc59273c6fd042a1"},{"elementAttributes":"{\"data-hveid\":\"CHcQAA\",\"data-ved\":\"2ahUKEwiO9Ze7x6r6AhWSEGIAHRj0CREQ5wEoAHoECHcQAA\",\"lang\":\"en\"}","description":"Product catalog - China National Standards & Industry Standards ... Belt drive -- Synchronous belt drives -- Automotive pulleys Synchronous belt drives for ...","page":3,"position":27,"title":"Chinese Standard. GB; GB/T; GBT; JB; JB/T; YY; HJ; NB; HG; ...","type":"0","typedescription":"organic","url":"https://books.google.com/books?id=j1UEBAAAQBAJ&pg=PA1948&lpg=PA1948&dq=china+sintered+steel+synchronous+pulley&source=bl&ots=9WIsCYmCT3&sig=ACfU3U1k28Fl2vhgdYoZphykjNkQcPoPQQ&hl=en&sa=X&ved=2ahUKEwiO9Ze7x6r6AhWSEGIAHRj0CREQ6AF6BAh3EAM","universal_position":23,"md5":"688170493bfc60f6c3ecd1114beb3441"},{"elementAttributes":"{\"class\":\"g Ww4FFb vt6azd tF2Cxc\",\"data-hveid\":\"CDkQAA\",\"data-ved\":\"2ahUKEwiO9Ze7x6r6AhWSEGIAHRj0CREQFSgAegQIORAA\",\"jsaction\":\"QyLbLe:OMITjf\",\"jscontroller\":\"SC7lYd\",\"lang\":\"en\",\"style\":\"width:600px\"}","description":"Standard or custom China manufacturer of Timing Belt Pulleys from aluminum, steel, stainless steel or plastic. Available in metric or imperial pitches.","page":3,"position":28,"title":"Timing Belt Pulleys China Manufacturer & Supplier","type":"0","typedescription":"organic","url":"https://www.reccamachinery.com/products/timing-belt-pulleys/","universal_position":24,"md5":"514a9c334fa9cb192a8e01e7aa2dc5f5"},{"elementAttributes":"{\"data-hveid\":\"CHYQAA\",\"data-ved\":\"2ahUKEwiO9Ze7x6r6AhWSEGIAHRj0CREQ5wEoAHoECHYQAA\",\"lang\":\"en\"}","description":"Product catalog - Chinese National Standard: GB/T; ... effective width) Belt drive -- Synchronous belt drives -- Automotive pulleys Synchronous belt drives ...","page":3,"position":29,"title":"GB/T; GBT - Product Catalog. Translated English of Chinese ...","type":"0","typedescription":"organic","url":"https://books.google.com/books?id=ghrVAwAAQBAJ&pg=PA25&lpg=PA25&dq=china+sintered+steel+synchronous+pulley&source=bl&ots=9RFMStQVaV&sig=ACfU3U39VDyWYLSJ5fhNiulKqvg6Me0rEw&hl=en&sa=X&ved=2ahUKEwiO9Ze7x6r6AhWSEGIAHRj0CREQ6AF6BAh2EAM","universal_position":25,"md5":"bf41f16b139293b2afcc12e72989c317"},{"elementAttributes":"{\"data-hveid\":\"CHkQAA\",\"data-ved\":\"2ahUKEwiO9Ze7x6r6AhWSEGIAHRj0CREQ5wEoAHoECHkQAA\",\"lang\":\"en\"}","description":"... English Title Grooved pulleys for narrow V-belts (system based on effective width) Belt drive -- Synchronous belt drives -- Automotive pulleys Steel ...","page":3,"position":30,"title":"GB/T-2002, GB-2002 -- Chinese National Standard PDF-English, ...","type":"0","typedescription":"organic","url":"https://books.google.com/books?id=hBTRDAAAQBAJ&pg=PA5&lpg=PA5&dq=china+sintered+steel+synchronous+pulley&source=bl&ots=difLhZLxDL&sig=ACfU3U1ojLbdEHCd8fux4yNLNSkKUYPLjA&hl=en&sa=X&ved=2ahUKEwiO9Ze7x6r6AhWSEGIAHRj0CREQ6AF6BAh5EAM","universal_position":26,"md5":"9b2acbeb05cf9da2835af3682e7373ca"},{"elementAttributes":"{\"data-hveid\":\"CHgQAA\",\"data-ved\":\"2ahUKEwiO9Ze7x6r6AhWSEGIAHRj0CREQ5wEoAHoECHgQAA\",\"lang\":\"en\"}","description":"Chinese Standard(English version) CODEOFCHINA - Dr. Meng Yongye ... English In 1~X business day Chinese Standard//Sintered translated version metal friction ...","page":3,"position":31,"title":"GB, GB/T, GBT Chinese Standard(English-translated version) - ...","type":"0","typedescription":"organic","url":"https://books.google.com/books?id=GpVZDwAAQBAJ&pg=PA3644&lpg=PA3644&dq=china+sintered+steel+synchronous+pulley&source=bl&ots=WnoT0Y3F5N&sig=ACfU3U0wHgUGU_Z0fkbyEzJdaTx5qrjwvw&hl=en&sa=X&ved=2ahUKEwiO9Ze7x6r6AhWSEGIAHRj0CREQ6AF6BAh4EAM","universal_position":27,"md5":"22cd69f232d2313402ef7391c06ed505"},{"elementAttributes":"{\"class\":\"g Ww4FFb vt6azd tF2Cxc\",\"data-hveid\":\"CDoQAA\",\"data-ved\":\"2ahUKEwiO9Ze7x6r6AhWSEGIAHRj0CREQFSgAegQIOhAA\",\"jsaction\":\"QyLbLe:OMITjf\",\"jscontroller\":\"SC7lYd\",\"lang\":\"en\",\"style\":\"width:600px\"}","description":"Sintered metal pulleys have lower mechanical and physical capabilities because of residual porosity and are harder to machine since they are more prone to ...","page":3,"position":32,"title":"Powerhouse® MX Pulleys - Toronto Gear Works","type":"0","typedescription":"organic","url":"https://www.torontogear.com/powerhouse-mx-pulleys/","universal_position":28,"md5":"967611be640bfb84edccda0f349f873d"},{"elementAttributes":"{\"class\":\"g Ww4FFb vt6azd tF2Cxc\",\"data-hveid\":\"CEEQAA\",\"data-ved\":\"2ahUKEwiO9Ze7x6r6AhWSEGIAHRj0CREQFSgAegQIQRAA\",\"jsaction\":\"QyLbLe:OMITjf\",\"jscontroller\":\"SC7lYd\",\"lang\":\"en\",\"style\":\"width:600px\"}","description":"This entry was posted in Uncategorized and tagged chain, china ... and Cast Iron Material Htd 3m 5m 8m 14m Timing Belt Pulleys with Best ...","page":3,"position":33,"title":"China best Heavy duty straight sidebar chain with Great quality","type":"0","typedescription":"organic","url":"https://timing-pulley.org/china-best-heavy-duty-straight-sidebar-chain-with-great-quality/","universal_position":29,"md5":"5df82799dee34922e8f6da7d15f739aa"},{"elementAttributes":"{\"class\":\"g Ww4FFb vt6azd tF2Cxc\",\"data-hveid\":\"CD0QAA\",\"data-ved\":\"2ahUKEwiO9Ze7x6r6AhWSEGIAHRj0CREQFSgAegQIPRAA\",\"jsaction\":\"QyLbLe:OMITjf\",\"jscontroller\":\"SC7lYd\",\"lang\":\"ja\",\"style\":\"width:600px\"}","description":"Yd25 camshaft timing. Sprocket quality OEM and aftermarket sprockets are sintered. yd25 . 95 postage Genuine Nissan Navara D22 D40 YD25 Single Row Timing ...","page":3,"position":34,"title":"Yd25 camshaft timing. Sprocket quality OEM and aftermarket ...","type":"0","typedescription":"organic","url":"http://onnoyfashion.000webhostapp.com/bb4g7g/yd25-camshaft-timing.html","universal_position":30,"md5":"d740c27fd20c3969853bbafe0f3d9226"}],"keyword":"china sintered steel synchronous pulley"},"adwords_shop":[],"location":"US","rankdata":[{"snippets":{"image-thumbnails":"single image thumbnails"},"elementAttributes":"{\"data-hveid\":\"CCIQAA\",\"data-ved\":\"2ahUKEwiO9Ze7x6r6AhWSEGIAHRj0CREQFSgAegQIIhAA\",\"jsaction\":\"QyLbLe:OMITjf\",\"jscontroller\":\"SC7lYd\",\"lang\":\"en\",\"style\":\"width:652px\"}","description":"L-Type Timing Pulley, Timing Pulley, Drive Pulley, Film Reel Drive Pulley, Pulley, Carbon Steel Pulley, Sintered Steel Pulley. US $ 5.4/ Piece FOB.","page":1,"position":1,"title":"Pulley Sintered Metal - Made-in-China.com","type":"0","typedescription":"organic","url":"https://m.made-in-china.com/hot-china-products/Pulley_Sintered_Metal.html","universal_position":1,"md5":"a2e87a95c63d37df7ff8c6c40d2529c2"},{"snippets":{"indented":"yes","image-thumbnails":"single image thumbnails"},"elementAttributes":"{\"class\":\"MYVUIe\"}","description":"China Factory V Belt Pulley & Timing Pulley Sheaves Wheel Price V Groove Steel Plastic Nylon Drive Idler Bearing Sheaves Pulley. US$ 5-300 / Piece.","page":1,"position":2,"title":"Timing Belt Pulley manufacturers & suppliers","type":"0","typedescription":"organic","url":"https://www.made-in-china.com/products-search/hot-china-products/Timing_Belt_Pulley.html","universal_position":2,"md5":"9b30526cedce11b87a7aef7b64665eea"},{"elementAttributes":"{\"data-hveid\":\"CBYQAA\",\"data-ved\":\"2ahUKEwiO9Ze7x6r6AhWSEGIAHRj0CREQFSgAegQIFhAA\",\"jsaction\":\"QyLbLe:OMITjf\",\"jscontroller\":\"SC7lYd\",\"lang\":\"en\",\"style\":\"width:600px\"}","description":"Buy Steel Timing Belt Pulleys China Direct From Steel Timing Belt Pulleys Factories at Alibaba.com. Help Global Buyers Source China Easily.","page":1,"position":3,"title":"Steel Timing Belt Pulleys China Trade,Buy China Direct From Steel ...","type":"0","typedescription":"organic","url":"https://www.alibaba.com/countrysearch/CN/steel-timing-belt-pulleys.html","universal_position":3,"md5":"654cc3fca942a39cfcc77fd45cc0ea8c"},{"snippets":{"indented":"yes"},"elementAttributes":"{\"class\":\"MYVUIe\"}","description":"China OEM Iron Powder Sinter 34 Teeth Metal Steel Timing Belt Pulley For Knitting Machine. 1 - 999 Pieces. $5.82. 1000 - 4999 Pieces.","page":1,"position":4,"title":"China OEM Iron Powder Sinter 34 Teeth Metal Steel Timing Belt ...","type":"0","typedescription":"organic","url":"https://www.alibaba.com/pla/China-OEM-Iron-Powder-Sinter-34_60821722631.html?mark=google_shopping&biz=pla&pcy=US&searchText=pulleys&product_id=60821722631","universal_position":4,"md5":"5186ae121bee1e4f235ada5c1dc9d618"},{"elementAttributes":"{\"class\":\"eA0Zlc WghbWd JX86yc ivg-i PZPZlf\",\"data-attrid\":\"images universal\",\"data-docid\":\"7t3fT1a-3l-4cM\",\"data-hveid\":\"CAQQAA\",\"data-lpage\":\"https://m.made-in-china.com/product/Timing-Pulley-Film-Reel-Drive-Pulley-Pulley-Carbon-Steel-Pulley-Sintered-Steel-Pulley-794614552.html\",\"data-ved\":\"2ahUKEwiO9Ze7x6r6AhWSEGIAHRj0CREQ9AF6BAgEEAA\",\"jsaction\":\"rcuQ6b:npT2md;tuz4af:RrAr1;nptbHe:XEuVS;h5M12e\",\"jscontroller\":\"E19wJb\",\"jsdata\":\"XZxcdf;7t3fT1a-3l-4cM;ANB//A\",\"jsname\":\"dTDiAc\"}","description":"","page":1,"position":5,"title":"","type":"5","typedescription":"image","url":"https://m.made-in-china.com/product/Timing-Pulley-Film-Reel-Drive-Pulley-Pulley-Carbon-Steel-Pulley-Sintered-Steel-Pulley-794614552.html","universal_position":5,"md5":"3915eee6bf7aa14259748d5d2bfccb60"},{"elementAttributes":"{\"class\":\"eA0Zlc WghbWd JX86yc ivg-i PZPZlf\",\"data-attrid\":\"images universal\",\"data-docid\":\"ojYYLT1nn-IZnM\",\"data-hveid\":\"CBEQAA\",\"data-lpage\":\"https://m.made-in-china.com/product/Timing-Pulley-Drive-Pulley-Film-Reel-Drive-Pulley-Pulley-Carbon-Steel-Pulley-Sintered-Steel-Pulley-L-Type-Timing-Pulley-799782212.html\",\"data-ved\":\"2ahUKEwiO9Ze7x6r6AhWSEGIAHRj0CREQ9AF6BAgREAA\",\"jsaction\":\"rcuQ6b:npT2md;tuz4af:RrAr1;nptbHe:XEuVS;h5M12e\",\"jscontroller\":\"E19wJb\",\"jsdata\":\"XZxcdf;ojYYLT1nn-IZnM;ANCAAE\",\"jsname\":\"dTDiAc\"}","description":"","page":1,"position":6,"title":"","type":"5","typedescription":"image","url":"https://m.made-in-china.com/product/Timing-Pulley-Drive-Pulley-Film-Reel-Drive-Pulley-Pulley-Carbon-Steel-Pulley-Sintered-Steel-Pulley-L-Type-Timing-Pulley-799782212.html","universal_position":5,"md5":"4a6064d623d2ff117428f3fe9f167f5f"},{"elementAttributes":"{\"class\":\"eA0Zlc WghbWd JX86yc ivg-i PZPZlf\",\"data-attrid\":\"images universal\",\"data-docid\":\"eKtIcAcolamjWM\",\"data-hveid\":\"CCEQAA\",\"data-lpage\":\"https://www.alibaba.com/product-detail/China-Synchronous-Pulleys-Suppliers-Stainless-Steel_1600464100144.html\",\"data-ved\":\"2ahUKEwiO9Ze7x6r6AhWSEGIAHRj0CREQ9AF6BAghEAA\",\"jsaction\":\"rcuQ6b:npT2md;tuz4af:RrAr1;nptbHe:XEuVS;h5M12e\",\"jscontroller\":\"E19wJb\",\"jsdata\":\"XZxcdf;eKtIcAcolamjWM;ANCAAg\",\"jsname\":\"dTDiAc\"}","description":"","page":1,"position":7,"title":"","type":"5","typedescription":"image","url":"https://www.alibaba.com/product-detail/China-Synchronous-Pulleys-Suppliers-Stainless-Steel_1600464100144.html","universal_position":5,"md5":"f17ce84344950778d5a3257c75c42f86"},{"elementAttributes":"{\"class\":\"eA0Zlc WghbWd JX86yc ivg-i PZPZlf\",\"data-attrid\":\"images universal\",\"data-docid\":\"x7WPz0CG_9P2LM\",\"data-hveid\":\"CAsQAA\",\"data-lpage\":\"https://www.alibaba.com/product-detail/custom-made-powder-metal-sintered-parts_1600078371581.html\",\"data-ved\":\"2ahUKEwiO9Ze7x6r6AhWSEGIAHRj0CREQ9AF6BAgLEAA\",\"jsaction\":\"rcuQ6b:npT2md;tuz4af:RrAr1;nptbHe:XEuVS;h5M12e\",\"jscontroller\":\"E19wJb\",\"jsdata\":\"XZxcdf;x7WPz0CG_9P2LM;ANB//g\",\"jsname\":\"dTDiAc\"}","description":"","page":1,"position":8,"title":"","type":"5","typedescription":"image","url":"https://www.alibaba.com/product-detail/custom-made-powder-metal-sintered-parts_1600078371581.html","universal_position":5,"md5":"038737e048f1f2a5f32ca2560a3db7c1"},{"elementAttributes":"{\"class\":\"eA0Zlc WghbWd JX86yc ivg-i PZPZlf\",\"data-attrid\":\"images universal\",\"data-docid\":\"SRniVCt0B6iGkM\",\"data-hveid\":\"CBMQAA\",\"data-lpage\":\"https://m.made-in-china.com/hot-china-products/Pulley_Sintered_Metal.html\",\"data-ved\":\"2ahUKEwiO9Ze7x6r6AhWSEGIAHRj0CREQ9AF6BAgTEAA\",\"jsaction\":\"rcuQ6b:npT2md;tuz4af:RrAr1;nptbHe:XEuVS;h5M12e\",\"jscontroller\":\"E19wJb\",\"jsdata\":\"XZxcdf;SRniVCt0B6iGkM;ANCAAA\",\"jsname\":\"dTDiAc\"}","description":"","page":1,"position":9,"title":"","type":"5","typedescription":"image","url":"https://m.made-in-china.com/hot-china-products/Pulley_Sintered_Metal.html","universal_position":5,"md5":"ac39847973ea3e470d1792b660b2be7a"},{"snippets":{"image-thumbnails":"single image thumbnails"},"elementAttributes":"{\"class\":\"g Ww4FFb vt6azd tF2Cxc\",\"data-hveid\":\"CBcQAA\",\"data-ved\":\"2ahUKEwiO9Ze7x6r6AhWSEGIAHRj0CREQFSgAegQIFxAA\",\"jsaction\":\"QyLbLe:OMITjf\",\"jscontroller\":\"SC7lYd\",\"lang\":\"en\",\"style\":\"width:652px\"}","description":"Quality bushing & sintered gear on China Suppliers - Nantong Guanda Powder ... impeller for water pump sintered iron bronze technique · sintered timing belt ...","page":1,"position":10,"title":"Nantong Guanda Powder Metallurgy Co., Ltd.","type":"0","typedescription":"organic","url":"https://rfyj.en.china.cn/","universal_position":6,"md5":"3e0ecfcd7f864fda86a7f2c3754a1af6"},{"snippets":{"image-thumbnails":"single image thumbnails"},"elementAttributes":"{\"class\":\"g Ww4FFb vt6azd tF2Cxc\",\"data-hveid\":\"CBgQAA\",\"data-ved\":\"2ahUKEwiO9Ze7x6r6AhWSEGIAHRj0CREQFSgAegQIGBAA\",\"jsaction\":\"QyLbLe:OMITjf\",\"jscontroller\":\"SC7lYd\",\"lang\":\"en\",\"style\":\"width:652px\"}","description":"China OEM Custom Powder Metal Parts - Factory ... · OEM/ODM Supplier Precision Powder Metallurgy - ... · Wholesale Price China Sintered Engine Part - F... · China ...","page":1,"position":11,"title":"China Small Timing Belt Pulley Manufacturers and Factory ...","type":"0","typedescription":"organic","url":"https://m.jssintering.com/small-timing-belt-pulley","universal_position":7,"md5":"f9f5598e97aea053889af06f36a6625d"},{"snippets":{"image-thumbnails":"single image thumbnails"},"elementAttributes":"{\"class\":\"g Ww4FFb vt6azd tF2Cxc\",\"data-hveid\":\"CHAQAA\",\"data-ved\":\"2ahUKEwiO9Ze7x6r6AhWSEGIAHRj0CREQFSgAegQIcBAA\",\"jsaction\":\"QyLbLe:OMITjf\",\"jscontroller\":\"SC7lYd\",\"lang\":\"en\",\"style\":\"width:652px\"}","description":"Synchronous Pulley S (sintered metal) · Synchronous Pulley D (aluminum, zinc die cast) · Synchronous Pulley MT (resin injection) ...","page":1,"position":12,"title":"Synchronous Pulleys (molded) | Industrial | Products","type":"0","typedescription":"organic","url":"https://www.bandogrp.com/eng/product/industrial/cogging_12.html","universal_position":8,"md5":"29dfb2ff4b21c598cd1830f7a594d0c6"},{"elementAttributes":"{\"class\":\"g Ww4FFb vt6azd tF2Cxc\",\"data-hveid\":\"CGQQAA\",\"data-ved\":\"2ahUKEwiO9Ze7x6r6AhWSEGIAHRj0CREQFSgAegQIZBAA\",\"jsaction\":\"QyLbLe:OMITjf\",\"jscontroller\":\"SC7lYd\",\"lang\":\"en\",\"style\":\"width:600px\"}","description":"Gates TL16H150 PowerGrip Sintered Steel Timing Pulley, 1/2\" Pitch, 16 Groove, 2.546\" Pitch Diameter, 1/2\" to 1\" Bore Range, For 1-1/2\" Width Belt ...","page":1,"position":13,"title":"Gates TL16H150 PowerGrip Sintered Steel Timing Pulley, 1/2 ...","type":"0","typedescription":"organic","url":"https://www.amazon.sg/Gates-TL16H150-PowerGrip-Sintered-Diameter/dp/B00CKWSC4W","universal_position":9,"md5":"ec0caecb5b7b47d0e3296ee4188eb49e"},{"elementAttributes":"{\"class\":\"g Ww4FFb vt6azd tF2Cxc\",\"data-hveid\":\"CD4QAA\",\"data-ved\":\"2ahUKEwiO9Ze7x6r6AhWSEGIAHRj0CREQFSgAegQIPhAA\",\"jsaction\":\"QyLbLe:OMITjf\",\"jscontroller\":\"SC7lYd\",\"lang\":\"en\",\"style\":\"width:600px\"}","description":"Find professional powder metallurgy 23-teeth timing pulley manufacturers and suppliers in China here. Our factory provides bulk high quality powder ...","page":1,"position":14,"title":"Powder Metallurgy 23-teeth Timing Pulley","type":"0","typedescription":"organic","url":"https://www.chinafmyj.net/powder-metallurgy-pulley/powder-metallurgy-23-teeth-timing-pulley.html","universal_position":10,"md5":"45d796f69fb6971f1bfb506f536a9edd"},{"elementAttributes":"{\"class\":\"g Ww4FFb vt6azd tF2Cxc\",\"data-hveid\":\"CE0QAA\",\"data-ved\":\"2ahUKEwiO9Ze7x6r6AhWSEGIAHRj0CREQFSgAegQITRAA\",\"jsaction\":\"QyLbLe:OMITjf\",\"jscontroller\":\"SC7lYd\",\"lang\":\"en\",\"style\":\"width:600px\"}","description":"Sintered metal pulleys are prone to cracking, fracturing, and are harder to machine. Residual porosity lowers a sintered metal pulley's final mechanical and ...","page":1,"position":15,"title":"Powerhouse® MX Pulleys - B&B Manufacturing","type":"0","typedescription":"organic","url":"https://www.bbman.com/powerhouse-mx-pulleys/","universal_position":11,"md5":"630ed73ae8ab6e03338b4d4c1a73944f"},{"elementAttributes":"{\"class\":\"g Ww4FFb vt6azd tF2Cxc\",\"data-hveid\":\"CF8QAA\",\"data-ved\":\"2ahUKEwiO9Ze7x6r6AhWSEGIAHRj0CREQFSgAegQIXxAA\",\"jsaction\":\"QyLbLe:OMITjf\",\"jscontroller\":\"SC7lYd\",\"lang\":\"en\",\"style\":\"width:600px\"}","description":"A new mechanical model for warm powder compaction was presented. Warm compaction process of iron-based powder was investigated to deal with the existence of ...","page":2,"position":16,"title":"Numerical simulation of warm compacted synchronous pulley","type":"0","typedescription":"organic","url":"https://www.sciencedirect.com/science/article/pii/S1003632606600125","universal_position":12,"md5":"ad045411b2fbb836585528b58290fe4f"},{"elementAttributes":"{\"class\":\"g Ww4FFb vt6azd tF2Cxc\",\"data-hveid\":\"CGAQAA\",\"data-ved\":\"2ahUKEwiO9Ze7x6r6AhWSEGIAHRj0CREQFSgAegQIYBAA\",\"jsaction\":\"QyLbLe:OMITjf\",\"jscontroller\":\"SC7lYd\",\"lang\":\"en\",\"style\":\"width:600px\"}","description":"BRECOflex CO., L.L.C. manufacturers timing belts, pulleys and drive components for linear drives, conveying and power transmission applications.","page":2,"position":17,"title":"Timing Belt Manufacturer | Pulley Manufacturer | BRECOflex ...","type":"0","typedescription":"organic","url":"https://www.brecoflex.com/","universal_position":13,"md5":"5e5f2dc86a5dfd85dc3ef16df57b8394"},{"elementAttributes":"{\"class\":\"g Ww4FFb vt6azd tF2Cxc\",\"data-hveid\":\"CDsQAA\",\"data-ved\":\"2ahUKEwiO9Ze7x6r6AhWSEGIAHRj0CREQFSgAegQIOxAA\",\"jsaction\":\"QyLbLe:OMITjf\",\"jscontroller\":\"SC7lYd\",\"lang\":\"en\",\"style\":\"width:600px\"}","description":"Baldor and Chinese Respondents assert that MTDCs made from sintered steel powder and direct-machined steel bars are commercially identical ...","page":2,"position":18,"title":"Certain Iron Mechanical Transfer Drive Components ... - USITC","type":"0","typedescription":"organic","url":"https://www.usitc.gov/publications/701_731/pub4587.pdf","universal_position":14,"md5":"954b22f2ce9d59c27f9a508f242cc713"},{"elementAttributes":"{\"class\":\"g Ww4FFb vt6azd tF2Cxc\",\"data-hveid\":\"CEIQAA\",\"data-ved\":\"2ahUKEwiO9Ze7x6r6AhWSEGIAHRj0CREQFSgAegQIQhAA\",\"jsaction\":\"QyLbLe:OMITjf\",\"jscontroller\":\"SC7lYd\",\"lang\":\"en\",\"style\":\"width:600px\"}","description":"Gates TL14H100 PowerGrip Sintered Steel Timing Pulley 2.228 Pitch Diameter 14 ... Date first listed on : September 5, US Small=China Medium:Length:25, ...","page":2,"position":19,"title":"Gates TL14H100 PowerGrip Sintered Steel Timing Pulley ...","type":"0","typedescription":"organic","url":"https://originsofwhiskey.com/corq/?_nkw=and-1-Width-Belt-12-to-1-Bore-Range-12-Pitch-690089","universal_position":15,"md5":"49482184cca639c53644b2b463a9750c"},{"elementAttributes":"{\"class\":\"g Ww4FFb vt6azd tF2Cxc\",\"data-hveid\":\"CFUQAA\",\"data-ved\":\"2ahUKEwiO9Ze7x6r6AhWSEGIAHRj0CREQFSgAegQIVRAA\",\"jsaction\":\"QyLbLe:OMITjf\",\"jscontroller\":\"SC7lYd\",\"lang\":\"en\",\"style\":\"width:600px\"}","description":"Choose from our selection of L timing-belt pulleys, including over 110 products in a wide range of styles and sizes. In stock and ready to ship.","page":2,"position":20,"title":"L Series Timing Belt Pulleys - McMaster-Carr","type":"0","typedescription":"organic","url":"https://www.mcmaster.com/pulleys/for-belt-trade-size~l/","universal_position":16,"md5":"c86b93a8a5ef2559760ce3f8398d238d"},{"elementAttributes":"{\"class\":\"g Ww4FFb vt6azd tF2Cxc\",\"data-hveid\":\"CF4QAA\",\"data-ved\":\"2ahUKEwiO9Ze7x6r6AhWSEGIAHRj0CREQFSgAegQIXhAA\",\"jsaction\":\"QyLbLe:OMITjf\",\"jscontroller\":\"SC7lYd\",\"lang\":\"en\",\"style\":\"width:600px\"}","description":"Please be informed: - There may be potential delay of shipment from supplier in China due to Shanghai lockdown. We seek your kind understanding, should there be ...","page":2,"position":21,"title":"Timing Pulley T5 Type (PT5-10-15C-H-13) - MiSUMi","type":"0","typedescription":"organic","url":"https://sg.misumi-ec.com/vona2/detail/221000021738/?HissuCode=PT5-10-15C-H-13","universal_position":17,"md5":"fb98e30ce6f33299fdbf7beea06682d0"},{"elementAttributes":"{\"class\":\"g Ww4FFb vt6azd tF2Cxc\",\"data-hveid\":\"CGMQAA\",\"data-ved\":\"2ahUKEwiO9Ze7x6r6AhWSEGIAHRj0CREQFSgAegQIYxAA\",\"jsaction\":\"QyLbLe:OMITjf\",\"jscontroller\":\"SC7lYd\",\"lang\":\"en\",\"style\":\"width:600px\"}","description":"10/15/20/25/30/40mm HTD5M Timing Belt Open End Loop Cogged Gear PU Steel Cord Synchronous Pulley Belt. Belt Type: 5M HTD5M. Belt Width: 10mm, 15mm, 20mm, ...","page":2,"position":22,"title":"10mm-40mm HTD5M Timing Belt Open Cogged Gear ... - eBay","type":"0","typedescription":"organic","url":"https://www.ebay.com/itm/232486950947","universal_position":18,"md5":"744f7f739f73792e4ac38a89c6a2a3bf"},{"elementAttributes":"{\"class\":\"g Ww4FFb vt6azd tF2Cxc\",\"data-hveid\":\"CDwQAA\",\"data-ved\":\"2ahUKEwiO9Ze7x6r6AhWSEGIAHRj0CREQFSgAegQIPBAA\",\"jsaction\":\"QyLbLe:OMITjf\",\"jscontroller\":\"SC7lYd\",\"lang\":\"en\",\"style\":\"width:600px\"}","description":"Timing belt pulley (drive pulley) Material sintered metal powder : FC-0205 / Sint C11 with or without heat treatment Applications Automobile ...","page":2,"position":23,"title":"Sintered Timing Pulley - Rainbow Ming Industrial","type":"0","typedescription":"organic","url":"https://www.ppm.com.tw/sintered-timing-pulley","universal_position":19,"md5":"816519a08d19ed67e8a7264182bc8d0d"},{"snippets":{"rating":"4.9","review-stars":"yes"},"elementAttributes":"{\"class\":\"g Ww4FFb vt6azd tF2Cxc\",\"data-hveid\":\"CGEQAA\",\"data-ved\":\"2ahUKEwiO9Ze7x6r6AhWSEGIAHRj0CREQFSgAegQIYRAA\",\"jsaction\":\"QyLbLe:OMITjf\",\"jscontroller\":\"SC7lYd\",\"lang\":\"en\",\"style\":\"width:600px\"}","description":"From China to Canada via AliExpress Standard Shipping ... Works perfectly: the polyurethane steel synchronous belt is designed to work perfectly with any ...","page":2,"position":24,"title":"Powge 2gt Open Synchronous Belt 2gt-6 Width 4/6/9/10 ...","type":"0","typedescription":"organic","url":"https://www.aliexpress.com/i/32608096392.html","universal_position":20,"md5":"849abebce853694716d2083938d6b95f"},{"elementAttributes":"{\"class\":\"g Ww4FFb vt6azd tF2Cxc\",\"data-hveid\":\"CHMQAA\",\"data-ved\":\"2ahUKEwiO9Ze7x6r6AhWSEGIAHRj0CREQFSgAegQIcxAA\",\"jsaction\":\"QyLbLe:OMITjf\",\"jscontroller\":\"SC7lYd\",\"lang\":\"en\",\"style\":\"width:600px\"}","description":"At the heart of an EPAS system is typically a pair of pulleys that work in ... Net shape, optimized tooth profile \u2013 matched to belt geometry; PM steel is ...","page":2,"position":25,"title":"Sintered electric steering motor pulleys","type":"0","typedescription":"organic","url":"https://www.gknpm.com/en/solutions/automotive/body-chassis/electric-steering-motor-pulley/","universal_position":21,"md5":"c067d60c74f5a738ff0f800b38fdf08b"},{"elementAttributes":"{\"data-hveid\":\"CF0QAA\",\"data-ved\":\"2ahUKEwiO9Ze7x6r6AhWSEGIAHRj0CREQ5wEoAHoECF0QAA\",\"lang\":\"en\"}","description":"Product catalog - China National Standard: GB; GB/T; ... on effective width) Belt drive -- Synchronous belt drives -- Automotive pulleys Synchronous belt ...","page":3,"position":26,"title":"GB, GB/T, GBT - Product Catalog. Translated English of ...","type":"0","typedescription":"organic","url":"https://books.google.com/books?id=rRzVAwAAQBAJ&pg=PA524&lpg=PA524&dq=china+sintered+steel+synchronous+pulley&source=bl&ots=Xchm0GVzsQ&sig=ACfU3U0U07KEpb3o57OPXHNfyj6c6RCU2A&hl=en&sa=X&ved=2ahUKEwiO9Ze7x6r6AhWSEGIAHRj0CREQ6AF6BAhdEAM","universal_position":22,"md5":"58ff475c580be1d0fc59273c6fd042a1"},{"elementAttributes":"{\"data-hveid\":\"CHcQAA\",\"data-ved\":\"2ahUKEwiO9Ze7x6r6AhWSEGIAHRj0CREQ5wEoAHoECHcQAA\",\"lang\":\"en\"}","description":"Product catalog - China National Standards & Industry Standards ... Belt drive -- Synchronous belt drives -- Automotive pulleys Synchronous belt drives for ...","page":3,"position":27,"title":"Chinese Standard. GB; GB/T; GBT; JB; JB/T; YY; HJ; NB; HG; ...","type":"0","typedescription":"organic","url":"https://books.google.com/books?id=j1UEBAAAQBAJ&pg=PA1948&lpg=PA1948&dq=china+sintered+steel+synchronous+pulley&source=bl&ots=9WIsCYmCT3&sig=ACfU3U1k28Fl2vhgdYoZphykjNkQcPoPQQ&hl=en&sa=X&ved=2ahUKEwiO9Ze7x6r6AhWSEGIAHRj0CREQ6AF6BAh3EAM","universal_position":23,"md5":"688170493bfc60f6c3ecd1114beb3441"},{"elementAttributes":"{\"class\":\"g Ww4FFb vt6azd tF2Cxc\",\"data-hveid\":\"CDkQAA\",\"data-ved\":\"2ahUKEwiO9Ze7x6r6AhWSEGIAHRj0CREQFSgAegQIORAA\",\"jsaction\":\"QyLbLe:OMITjf\",\"jscontroller\":\"SC7lYd\",\"lang\":\"en\",\"style\":\"width:600px\"}","description":"Standard or custom China manufacturer of Timing Belt Pulleys from aluminum, steel, stainless steel or plastic. Available in metric or imperial pitches.","page":3,"position":28,"title":"Timing Belt Pulleys China Manufacturer & Supplier","type":"0","typedescription":"organic","url":"https://www.reccamachinery.com/products/timing-belt-pulleys/","universal_position":24,"md5":"514a9c334fa9cb192a8e01e7aa2dc5f5"},{"elementAttributes":"{\"data-hveid\":\"CHYQAA\",\"data-ved\":\"2ahUKEwiO9Ze7x6r6AhWSEGIAHRj0CREQ5wEoAHoECHYQAA\",\"lang\":\"en\"}","description":"Product catalog - Chinese National Standard: GB/T; ... effective width) Belt drive -- Synchronous belt drives -- Automotive pulleys Synchronous belt drives ...","page":3,"position":29,"title":"GB/T; GBT - Product Catalog. Translated English of Chinese ...","type":"0","typedescription":"organic","url":"https://books.google.com/books?id=ghrVAwAAQBAJ&pg=PA25&lpg=PA25&dq=china+sintered+steel+synchronous+pulley&source=bl&ots=9RFMStQVaV&sig=ACfU3U39VDyWYLSJ5fhNiulKqvg6Me0rEw&hl=en&sa=X&ved=2ahUKEwiO9Ze7x6r6AhWSEGIAHRj0CREQ6AF6BAh2EAM","universal_position":25,"md5":"bf41f16b139293b2afcc12e72989c317"},{"elementAttributes":"{\"data-hveid\":\"CHkQAA\",\"data-ved\":\"2ahUKEwiO9Ze7x6r6AhWSEGIAHRj0CREQ5wEoAHoECHkQAA\",\"lang\":\"en\"}","description":"... English Title Grooved pulleys for narrow V-belts (system based on effective width) Belt drive -- Synchronous belt drives -- Automotive pulleys Steel ...","page":3,"position":30,"title":"GB/T-2002, GB-2002 -- Chinese National Standard PDF-English, ...","type":"0","typedescription":"organic","url":"https://books.google.com/books?id=hBTRDAAAQBAJ&pg=PA5&lpg=PA5&dq=china+sintered+steel+synchronous+pulley&source=bl&ots=difLhZLxDL&sig=ACfU3U1ojLbdEHCd8fux4yNLNSkKUYPLjA&hl=en&sa=X&ved=2ahUKEwiO9Ze7x6r6AhWSEGIAHRj0CREQ6AF6BAh5EAM","universal_position":26,"md5":"9b2acbeb05cf9da2835af3682e7373ca"},{"elementAttributes":"{\"data-hveid\":\"CHgQAA\",\"data-ved\":\"2ahUKEwiO9Ze7x6r6AhWSEGIAHRj0CREQ5wEoAHoECHgQAA\",\"lang\":\"en\"}","description":"Chinese Standard(English version) CODEOFCHINA - Dr. Meng Yongye ... English In 1~X business day Chinese Standard//Sintered translated version metal friction ...","page":3,"position":31,"title":"GB, GB/T, GBT Chinese Standard(English-translated version) - ...","type":"0","typedescription":"organic","url":"https://books.google.com/books?id=GpVZDwAAQBAJ&pg=PA3644&lpg=PA3644&dq=china+sintered+steel+synchronous+pulley&source=bl&ots=WnoT0Y3F5N&sig=ACfU3U0wHgUGU_Z0fkbyEzJdaTx5qrjwvw&hl=en&sa=X&ved=2ahUKEwiO9Ze7x6r6AhWSEGIAHRj0CREQ6AF6BAh4EAM","universal_position":27,"md5":"22cd69f232d2313402ef7391c06ed505"},{"elementAttributes":"{\"class\":\"g Ww4FFb vt6azd tF2Cxc\",\"data-hveid\":\"CDoQAA\",\"data-ved\":\"2ahUKEwiO9Ze7x6r6AhWSEGIAHRj0CREQFSgAegQIOhAA\",\"jsaction\":\"QyLbLe:OMITjf\",\"jscontroller\":\"SC7lYd\",\"lang\":\"en\",\"style\":\"width:600px\"}","description":"Sintered metal pulleys have lower mechanical and physical capabilities because of residual porosity and are harder to machine since they are more prone to ...","page":3,"position":32,"title":"Powerhouse® MX Pulleys - Toronto Gear Works","type":"0","typedescription":"organic","url":"https://www.torontogear.com/powerhouse-mx-pulleys/","universal_position":28,"md5":"967611be640bfb84edccda0f349f873d"},{"elementAttributes":"{\"class\":\"g Ww4FFb vt6azd tF2Cxc\",\"data-hveid\":\"CEEQAA\",\"data-ved\":\"2ahUKEwiO9Ze7x6r6AhWSEGIAHRj0CREQFSgAegQIQRAA\",\"jsaction\":\"QyLbLe:OMITjf\",\"jscontroller\":\"SC7lYd\",\"lang\":\"en\",\"style\":\"width:600px\"}","description":"This entry was posted in Uncategorized and tagged chain, china ... and Cast Iron Material Htd 3m 5m 8m 14m Timing Belt Pulleys with Best ...","page":3,"position":33,"title":"China best Heavy duty straight sidebar chain with Great quality","type":"0","typedescription":"organic","url":"https://timing-pulley.org/china-best-heavy-duty-straight-sidebar-chain-with-great-quality/","universal_position":29,"md5":"5df82799dee34922e8f6da7d15f739aa"},{"elementAttributes":"{\"class\":\"g Ww4FFb vt6azd tF2Cxc\",\"data-hveid\":\"CD0QAA\",\"data-ved\":\"2ahUKEwiO9Ze7x6r6AhWSEGIAHRj0CREQFSgAegQIPRAA\",\"jsaction\":\"QyLbLe:OMITjf\",\"jscontroller\":\"SC7lYd\",\"lang\":\"ja\",\"style\":\"width:600px\"}","description":"Yd25 camshaft timing. Sprocket quality OEM and aftermarket sprockets are sintered. yd25 . 95 postage Genuine Nissan Navara D22 D40 YD25 Single Row Timing ...","page":3,"position":34,"title":"Yd25 camshaft timing. Sprocket quality OEM and aftermarket ...","type":"0","typedescription":"organic","url":"http://onnoyfashion.000webhostapp.com/bb4g7g/yd25-camshaft-timing.html","universal_position":30,"md5":"d740c27fd20c3969853bbafe0f3d9226"}],"keyword":"china sintered steel synchronous pulley"}