{"searchengine":"google|US||en|universal|0|0|0","adwords":[],"adwords_east":[],"searchengine_awr":"google|US||en|universal|0|0|0","competition":"27","machine_id":"i-02f4755cf387a9a2f","rankdata_all":[{"snippets":{"missing-keywords":"pricelist,"},"elementAttributes":"{\"class\":\"g Ww4FFb vt6azd tF2Cxc\",\"data-hveid\":\"CBQQAA\",\"data-ved\":\"2ahUKEwi0o5CMx6r6AhXNQN4KHetOAsQQFSgAegQIFBAA\",\"jsaction\":\"QyLbLe:OMITjf\",\"jscontroller\":\"SC7lYd\",\"lang\":\"en\",\"style\":\"width:600px\"}","description":"Company profile page for SMC Powder Metallurgy Inc including stock price, company news, press releases, executives, board members, and contact information.","page":1,"position":1,"title":"SMC Powder Metallurgy Inc - Company Profile and News","type":"0","typedescription":"organic","url":"https://www.bloomberg.com/profile/company/0521965D:US","universal_position":1,"md5":"3dcf8e9c3ff064ba59fe6375c03917d5"},{"snippets":{"missing-keywords":"smc,pricelist"},"elementAttributes":"{\"class\":\"g Ww4FFb vt6azd tF2Cxc\",\"data-hveid\":\"CBsQAA\",\"data-ved\":\"2ahUKEwi0o5CMx6r6AhXNQN4KHetOAsQQFSgAegQIGxAA\",\"jsaction\":\"QyLbLe:OMITjf\",\"jscontroller\":\"SC7lYd\",\"lang\":\"en\",\"style\":\"width:600px\"}","description":"Graph and download economic data for Producer Price Index by Commodity: Metals and Metal Products: Powder Metallurgy Parts, Except Bearings, Gears, etc.","page":1,"position":2,"title":"Producer Price Index by Commodity: Metals and Metal ... - FRED","type":"0","typedescription":"organic","url":"https://fred.stlouisfed.org/series/WPU10890571","universal_position":2,"md5":"5c26414374cdf0e27bff2909d2a68ebd"},{"elementAttributes":"{\"class\":\"g Ww4FFb vt6azd tF2Cxc\",\"data-hveid\":\"CBEQAA\",\"data-ved\":\"2ahUKEwi0o5CMx6r6AhXNQN4KHetOAsQQFSgAegQIERAA\",\"jsaction\":\"QyLbLe:OMITjf\",\"jscontroller\":\"SC7lYd\",\"lang\":\"en\",\"style\":\"width:600px\"}","description":"On October 1, 2018 SMC Powder Metallurgy Inc. officially became Catalus ... All products are US-made and are delivered at globally competitive prices.","page":1,"position":3,"title":"Powder Metal Part Manufacturers Serving Pennsylvania","type":"0","typedescription":"organic","url":"https://www.powderedmetalparts.com/category/pennsylvania/","universal_position":3,"md5":"34af8e8f92698481db1ef92e92209e04"},{"elementAttributes":"{\"class\":\"g Ww4FFb vt6azd tF2Cxc\",\"data-hveid\":\"CBYQAA\",\"data-ved\":\"2ahUKEwi0o5CMx6r6AhXNQN4KHetOAsQQFSgAegQIFhAA\",\"jsaction\":\"QyLbLe:OMITjf\",\"jscontroller\":\"SC7lYd\",\"lang\":\"en\",\"style\":\"width:600px\"}","description":"We uphold a consistent level of professionalism, quality, credibility and service for Cheap PriceList for Press Metal - High frequency SMC inorganic coated ...","page":1,"position":4,"title":"China Cheap PriceList for Press Metal - High frequency SMC ...","type":"0","typedescription":"organic","url":"https://www.jssintering.com/cheap-pricelist-for-press-metal-high-frequency-smc-inorganic-coated-soft-magnetic-material-jingshi.html","universal_position":4,"md5":"93f760e821fa2f5e6937717f656af2da"},{"snippets":{"missing-keywords":"pricelist,"},"elementAttributes":"{\"class\":\"g Ww4FFb vt6azd tF2Cxc\",\"data-hveid\":\"CBAQAA\",\"data-ved\":\"2ahUKEwi0o5CMx6r6AhXNQN4KHetOAsQQFSgAegQIEBAA\",\"jsaction\":\"QyLbLe:OMITjf\",\"jscontroller\":\"SC7lYd\",\"lang\":\"en\",\"style\":\"width:600px\"}","description":"Since 1939, Catalus Corporation has been an innovative leader in advanced manufacturing and powder metallurgy technology. Our collaborative approach stands ...","page":1,"position":5,"title":"Catalus Corporation | Advanced Manufacturing & Powder ...","type":"0","typedescription":"organic","url":"https://cataluscorp.com/","universal_position":5,"md5":"5c5f2171bd11d6661d03b2b3758d5459"},{"elementAttributes":"{\"data-hveid\":\"CCQQAA\",\"data-ved\":\"2ahUKEwi0o5CMx6r6AhXNQN4KHetOAsQQFSgAegQIJBAA\",\"jsaction\":\"QyLbLe:OMITjf\",\"jscontroller\":\"SC7lYd\",\"lang\":\"en\",\"style\":\"width:600px\"}","description":"1. Ultra-High-Temperature Sintering · 2. Breaking the SMC Barrier · 3. Advances in Automotive Manufacturing · 4. Metal Additive Manufacturing.","page":1,"position":6,"title":"4 Advances in Powder Metallurgy Technology Customers ...","type":"0","typedescription":"organic","url":"https://www.horizontechnology.biz/blog/advances-in-powder-metallurgy-technology","universal_position":6,"md5":"4077799ecfbd3b89c0aa88d136ffd57d"},{"snippets":{"indented":"yes"},"elementAttributes":"{\"class\":\"MYVUIe\"}","description":"Powder Metallurgy Prices: The Outlook. The powder metal industry has a long history of improving materials and processes that can replace ...","page":1,"position":7,"title":"Powder Metallurgy Cost by Materials - Horizon Technology","type":"0","typedescription":"organic","url":"https://www.horizontechnology.biz/blog/powder-metallurgy-cost-by-materials","universal_position":7,"md5":"53e3d16828dfe0a024f387d4f630f4c1"},{"elementAttributes":"{\"class\":\"g Ww4FFb vt6azd tF2Cxc\",\"data-hveid\":\"CDcQAA\",\"data-ved\":\"2ahUKEwi0o5CMx6r6AhXNQN4KHetOAsQQFSgAegQINxAA\",\"jsaction\":\"QyLbLe:OMITjf\",\"jscontroller\":\"SC7lYd\",\"lang\":\"en\",\"style\":\"width:600px\"}","description":"The report analyzes the global powder metallurgy industry...... Metaldyne Performance Group Inc., SMC powder metallurgy company, Fine Sinter Co.... non-ferrous ...","page":1,"position":8,"title":"China Fine Aluminum Powder Manufacturers and Factory, Suppliers ...","type":"0","typedescription":"organic","url":"https://www.yanxachem.com/fine-aluminum-powder/","universal_position":8,"md5":"7da30212dd49e5b689ef32286112d2c4"},{"elementAttributes":"{\"class\":\"g Ww4FFb vt6azd tF2Cxc\",\"data-hveid\":\"CGEQAA\",\"data-ved\":\"2ahUKEwi0o5CMx6r6AhXNQN4KHetOAsQQFSgAegQIYRAA\",\"jsaction\":\"QyLbLe:OMITjf\",\"jscontroller\":\"SC7lYd\",\"lang\":\"en\",\"style\":\"width:600px\"}","description":"Powder metallurgy (P/M) is a materials processing technology to create new ... and powder cores (or soft magnetic cores [SMC]) that feature low core loss.","page":1,"position":9,"title":"Recent Technology of Powder Metallurgy and Applications","type":"0","typedescription":"organic","url":"https://www.uobabylon.edu.iq/eprints/publication_10_436_6172.pdf","universal_position":9,"md5":"b36b3facfbe57051f7442da90c2f7a8d"},{"elementAttributes":"{\"class\":\"g Ww4FFb vt6azd tF2Cxc\",\"data-hveid\":\"CFMQAA\",\"data-ved\":\"2ahUKEwi0o5CMx6r6AhXNQN4KHetOAsQQFSgAegQIUxAA\",\"jsaction\":\"QyLbLe:OMITjf\",\"jscontroller\":\"SC7lYd\",\"lang\":\"en\",\"style\":\"width:600px\"}","description":"PDF | Traditionally, powder metallurgy has been based on two major industrial ... complex-shaped parts are more easily produced as SMC.","page":1,"position":10,"title":"What Will Be the Future of Powder Metallurgy? - ResearchGate","type":"0","typedescription":"organic","url":"https://www.researchgate.net/publication/329804463_What_Will_Be_the_Future_of_Powder_Metallurgy","universal_position":10,"md5":"bc117c5470d188d1767153d32b9c8456"},{"elementAttributes":"{\"class\":\"eA0Zlc WghbWd JX86yc ivg-i PZPZlf\",\"data-attrid\":\"images universal\",\"data-docid\":\"r9PWwgQTzjuyOM\",\"data-hveid\":\"CDIQAA\",\"data-lpage\":\"https://www.pm-review.com/smc-powder-metallurgy-changes-name-to-catalus-corporation/\",\"data-ved\":\"2ahUKEwi0o5CMx6r6AhXNQN4KHetOAsQQ9AF6BAgyEAA\",\"jsaction\":\"rcuQ6b:npT2md;tuz4af:RrAr1;nptbHe:XEuVS;h5M12e\",\"jscontroller\":\"E19wJb\",\"jsdata\":\"XZxcdf;r9PWwgQTzjuyOM;AIU1ms\",\"jsname\":\"dTDiAc\"}","description":"","page":2,"position":11,"title":"","type":"5","typedescription":"image","url":"https://www.pm-review.com/smc-powder-metallurgy-changes-name-to-catalus-corporation/","universal_position":11,"md5":"0211840fe36cb22016d4b2c6e25fdaaf"},{"elementAttributes":"{\"class\":\"eA0Zlc WghbWd JX86yc ivg-i PZPZlf\",\"data-attrid\":\"images universal\",\"data-docid\":\"LkFQ4Cu3eKUssM\",\"data-hveid\":\"CHAQAA\",\"data-lpage\":\"https://www.horizontechnology.biz/powder-metal-capabilities-services\",\"data-ved\":\"2ahUKEwi0o5CMx6r6AhXNQN4KHetOAsQQ9AF6BAhwEAA\",\"jsaction\":\"rcuQ6b:npT2md;tuz4af:RrAr1;nptbHe:XEuVS;h5M12e\",\"jscontroller\":\"E19wJb\",\"jsdata\":\"XZxcdf;LkFQ4Cu3eKUssM;AIU1pE\",\"jsname\":\"dTDiAc\"}","description":"","page":2,"position":12,"title":"","type":"5","typedescription":"image","url":"https://www.horizontechnology.biz/powder-metal-capabilities-services","universal_position":11,"md5":"8f9c2461ddc82bf0560504e85c3645c7"},{"elementAttributes":"{\"class\":\"eA0Zlc WghbWd JX86yc ivg-i PZPZlf\",\"data-attrid\":\"images universal\",\"data-docid\":\"uvPfjVd0szuAMM\",\"data-hveid\":\"CGsQAA\",\"data-lpage\":\"https://cataluscorp.com/powder-metallurgy/auto-parts/\",\"data-ved\":\"2ahUKEwi0o5CMx6r6AhXNQN4KHetOAsQQ9AF6BAhrEAA\",\"jsaction\":\"rcuQ6b:npT2md;tuz4af:RrAr1;nptbHe:XEuVS;h5M12e\",\"jscontroller\":\"E19wJb\",\"jsdata\":\"XZxcdf;uvPfjVd0szuAMM;AIU1os\",\"jsname\":\"dTDiAc\"}","description":"","page":2,"position":13,"title":"","type":"5","typedescription":"image","url":"https://cataluscorp.com/powder-metallurgy/auto-parts/","universal_position":11,"md5":"71b9cce5a23526c8ac6ecd4898aebf03"},{"elementAttributes":"{\"class\":\"eA0Zlc WghbWd JX86yc ivg-i PZPZlf\",\"data-attrid\":\"images universal\",\"data-docid\":\"dv4yjWFj1aHxsM\",\"data-hveid\":\"CH4QAA\",\"data-lpage\":\"https://www.iqsdirectory.com/articles/powder-metal-parts/powder-metallurgy.html\",\"data-ved\":\"2ahUKEwi0o5CMx6r6AhXNQN4KHetOAsQQ9AF6BAh-EAA\",\"jsaction\":\"rcuQ6b:npT2md;tuz4af:RrAr1;nptbHe:XEuVS;h5M12e\",\"jscontroller\":\"E19wJb\",\"jsdata\":\"XZxcdf;dv4yjWFj1aHxsM;AIU1pg\",\"jsname\":\"dTDiAc\"}","description":"","page":2,"position":14,"title":"","type":"5","typedescription":"image","url":"https://www.iqsdirectory.com/articles/powder-metal-parts/powder-metallurgy.html","universal_position":11,"md5":"28fa0c321f1c6bc17fc6bb7df14bdd84"},{"elementAttributes":"{\"class\":\"eA0Zlc WghbWd JX86yc ivg-i PZPZlf\",\"data-attrid\":\"images universal\",\"data-docid\":\"AzxzjFvDx3ntCM\",\"data-hveid\":\"CG4QAA\",\"data-lpage\":\"https://www.hoganas.com/en/powder-technologies/powder-metallurgy/\",\"data-ved\":\"2ahUKEwi0o5CMx6r6AhXNQN4KHetOAsQQ9AF6BAhuEAA\",\"jsaction\":\"rcuQ6b:npT2md;tuz4af:RrAr1;nptbHe:XEuVS;h5M12e\",\"jscontroller\":\"E19wJb\",\"jsdata\":\"XZxcdf;AzxzjFvDx3ntCM;AIU1ow\",\"jsname\":\"dTDiAc\"}","description":"","page":2,"position":15,"title":"","type":"5","typedescription":"image","url":"https://www.hoganas.com/en/powder-technologies/powder-metallurgy/","universal_position":11,"md5":"c05b6fcbd6edc74b62c57731ad2b98d7"},{"elementAttributes":"{\"class\":\"g Ww4FFb vt6azd tF2Cxc\",\"data-hveid\":\"CG8QAA\",\"data-ved\":\"2ahUKEwi0o5CMx6r6AhXNQN4KHetOAsQQFSgAegQIbxAA\",\"jsaction\":\"QyLbLe:OMITjf\",\"jscontroller\":\"SC7lYd\",\"lang\":\"en\",\"style\":\"width:600px\"}","description":"Will prices come down? Not counting OEMs, some thirty different metal powder producers/sellers exhibited at this year's show, offering a range of ...","page":2,"position":16,"title":"How metal Additive Manufacturing is changing the metal ...","type":"0","typedescription":"organic","url":"https://www.metal-am.com/articles/how-the-growth-of-3d-printing-is-driving-changes-to-the-metal-powder-landscape/","universal_position":12,"md5":"c5453272df04f607d4fc2fa56fd2624c"},{"snippets":{"missing-keywords":"pricelist,"},"elementAttributes":"{\"class\":\"g Ww4FFb vt6azd tF2Cxc\",\"data-hveid\":\"CHQQAA\",\"data-ved\":\"2ahUKEwi0o5CMx6r6AhXNQN4KHetOAsQQFSgAegQIdBAA\",\"jsaction\":\"QyLbLe:OMITjf\",\"jscontroller\":\"SC7lYd\",\"lang\":\"en\",\"style\":\"width:600px\"}","description":"Catalus' furnaces are equipped with atmosphere controlled sintering capabilities and can sinter up to 1300°C. SMC Powder Metallurgy ...","page":2,"position":17,"title":"SMC Powder Metallurgy changes name to Catalus Corporation","type":"0","typedescription":"organic","url":"https://www.pm-review.com/smc-powder-metallurgy-changes-name-to-catalus-corporation/","universal_position":13,"md5":"3fd9a4c27d1163d304334c6fdc560d94"},{"snippets":{"missing-keywords":"smc,"},"elementAttributes":"{\"class\":\"g Ww4FFb vt6azd tF2Cxc\",\"data-hveid\":\"CFEQAA\",\"data-ved\":\"2ahUKEwi0o5CMx6r6AhXNQN4KHetOAsQQFSgAegQIURAA\",\"jsaction\":\"QyLbLe:OMITjf\",\"jscontroller\":\"SC7lYd\",\"lang\":\"en\",\"style\":\"width:600px\"}","description":"US Producer Price Index: Metals and Metal Products: Powder Metallurgy Parts, Except Bearings, Gears, Etc. is at a current level of 137.90, up from 136.60 ...","page":2,"position":18,"title":"Powder Metallurgy Parts, Except Bearings, Gears, Etc. - YCharts","type":"0","typedescription":"organic","url":"https://ycharts.com/indicators/us_producer_price_index_metals_and_metal_products_powder_metallurgy_parts_except_bearings_gears_etc","universal_position":14,"md5":"e2f453a1db2ea69a5012735c18034cb3"},{"elementAttributes":"{\"class\":\"g Ww4FFb vt6azd tF2Cxc\",\"data-hveid\":\"CFUQAA\",\"data-ved\":\"2ahUKEwi0o5CMx6r6AhXNQN4KHetOAsQQFSgAegQIVRAA\",\"jsaction\":\"QyLbLe:OMITjf\",\"jscontroller\":\"SC7lYd\",\"lang\":\"en\",\"style\":\"width:600px\"}","description":"Business listings of Metal Powder manufacturers, suppliers and exporters in Delhi, ... manufacturers, wholesalers, traders with Metal Powder prices for buying.","page":2,"position":19,"title":"Metal Powder In Delhi (मेटल पाउडर , दिल्ली)","type":"0","typedescription":"organic","url":"https://dir.indiamart.com/delhi/metal-powder.html","universal_position":15,"md5":"f9279c4617b824dd795e8651cdfe8feb"},{"snippets":{"missing-keywords":"pricelist,"},"elementAttributes":"{\"class\":\"g Ww4FFb vt6azd tF2Cxc\",\"data-hveid\":\"CFgQAA\",\"data-ved\":\"2ahUKEwi0o5CMx6r6AhXNQN4KHetOAsQQFSgAegQIWBAA\",\"jsaction\":\"QyLbLe:OMITjf\",\"jscontroller\":\"SC7lYd\",\"lang\":\"en\",\"style\":\"width:600px\"}","description":"Soft Magnetic Composites (SMC) are insulation coated ferrous powder metal (PM) materials that are molded into a net\u2014or near net\u2014shape component. A high-pressure ...","page":2,"position":20,"title":"Powder Metal | Burgess-Norton","type":"0","typedescription":"organic","url":"https://www.burgessnorton.com/powder-metal/","universal_position":16,"md5":"cb164742e9992e25394eb84631a6fc90"},{"elementAttributes":"{\"class\":\"g Ww4FFb vt6azd tF2Cxc\",\"data-hveid\":\"CFoQAA\",\"data-ved\":\"2ahUKEwi0o5CMx6r6AhXNQN4KHetOAsQQFSgAegQIWhAA\",\"jsaction\":\"QyLbLe:OMITjf\",\"jscontroller\":\"SC7lYd\",\"lang\":\"en\",\"style\":\"width:600px\"}","description":"The smc powder at Alibaba.com slot into chemical processes at affordable wholesale prices. ... 2021 Indoor outdoor smc electrical cabinet metal box.","page":2,"position":21,"title":"Smc Powder - Alibaba","type":"0","typedescription":"organic","url":"https://www.alibaba.com/showroom/smc-powder.html","universal_position":17,"md5":"2b7815c82af07d1d1612d92d4e8cefb0"},{"elementAttributes":"{\"class\":\"g Ww4FFb vt6azd tF2Cxc\",\"data-hveid\":\"CDQQAA\",\"data-ved\":\"2ahUKEwi0o5CMx6r6AhXNQN4KHetOAsQQFSgAegQINBAA\",\"jsaction\":\"QyLbLe:OMITjf\",\"jscontroller\":\"SC7lYd\",\"lang\":\"en\",\"style\":\"width:600px\"}","description":"Rio Tinto PLC; GKN Powder Metallurgy; Höganäs AB; Voestalpine Stahl GmbH ... and soft magnetic composite (SMC) with an aim to improve energy efficiency.","page":2,"position":22,"title":"Global Market Study on Soft Magnetic Materials","type":"0","typedescription":"organic","url":"https://www.persistencemarketresearch.com/market-research/soft-magnetic-materials-market.asp","universal_position":18,"md5":"da88803bb356f3d3007338d61aa1eaab"},{"snippets":{"missing-keywords":"pricelist,"},"elementAttributes":"{\"class\":\"g Ww4FFb vt6azd tF2Cxc\",\"data-hveid\":\"CHgQAA\",\"data-ved\":\"2ahUKEwi0o5CMx6r6AhXNQN4KHetOAsQQFSgAegQIeBAA\",\"jsaction\":\"QyLbLe:OMITjf\",\"jscontroller\":\"SC7lYd\",\"lang\":\"en\",\"style\":\"width:600px\"}","description":"SMC Powder Metallurgy was founded in 1949 in St. Marys, Pennsylvania, which is about 120 miles northeast of Pittsburgh. Powder metallurgy (P/M) is an ...","page":2,"position":23,"title":"SMC Powder Metallurgy : Quotes, Address, Contact - AZoM","type":"0","typedescription":"organic","url":"https://www.azom.com/suppliers.aspx?SupplierID=9966","universal_position":19,"md5":"9bf555409751f05936d8b8598e05644a"},{"elementAttributes":"{\"class\":\"g Ww4FFb vt6azd tF2Cxc\",\"data-hveid\":\"CHMQAA\",\"data-ved\":\"2ahUKEwi0o5CMx6r6AhXNQN4KHetOAsQQFSgAegQIcxAA\",\"jsaction\":\"QyLbLe:OMITjf\",\"jscontroller\":\"SC7lYd\",\"lang\":\"en\",\"style\":\"width:600px\"}","description":"Adjustable Shoes Rack Wholesaler Quotes & PriceList · suase-plastic-mould ... China Supply Custom Pneumatic Metal Connector Factory & Supplier Price ...","page":2,"position":24,"title":"Wholesale CE High Quality Fountain Valve Factories ...","type":"0","typedescription":"organic","url":"https://www.antilogvacations.com/wide/Zikxno-Wholesale-CE-High-Quality-Fountain-Valve-Factories-38-Manufacturers-Pricelist-45-Ruichen-Pneumatic-cnruichen-33103270.html","universal_position":20,"md5":"e2fcd6a3b57ef66a90ada52ef892c86a"},{"snippets":{"missing-keywords":"smc,"},"elementAttributes":"{\"class\":\"g Ww4FFb vt6azd tF2Cxc\",\"data-hveid\":\"CHYQAA\",\"data-ved\":\"2ahUKEwi0o5CMx6r6AhXNQN4KHetOAsQQFSgAegQIdhAA\",\"jsaction\":\"QyLbLe:OMITjf\",\"jscontroller\":\"SC7lYd\",\"lang\":\"en\",\"style\":\"width:600px\"}","description":"Comparing metal powder prices. You can easily wholesale quality metal powder at wholesale prices on Made-in-China.com.","page":2,"position":25,"title":"Metal Powder Price - Made-in-China.com","type":"0","typedescription":"organic","url":"https://www.made-in-china.com/price/metal-powder-price.html","universal_position":21,"md5":"a5e6f1c9adfa0c699607c8afdefb8eff"},{"elementAttributes":"{\"data-hveid\":\"CEIQAA\",\"data-ved\":\"2ahUKEwi0o5CMx6r6AhXNQN4KHetOAsQQFSgAegQIQhAA\",\"jsaction\":\"QyLbLe:OMITjf\",\"jscontroller\":\"SC7lYd\",\"lang\":\"en\",\"style\":\"width:600px\"}","description":"Metal Supermarkets offers a variety of shapes and grades of aluminum It also ... Ohio, a casualty of historically low metal prices and \"uncontrollable\" ...","page":3,"position":26,"title":"Ohio aluminum. Peerless Steel Co (Troy, MI) Manufacturer ...","type":"0","typedescription":"organic","url":"http://lilikh7572.000webhostapp.com/xrk4/ohio-aluminum.html","universal_position":22,"md5":"9cb3789d80dcd3c424b66f9a05a3b0a8"},{"snippets":{"indented":"yes"},"elementAttributes":"{\"class\":\"MYVUIe\"}","description":"56mm 55 gr Full Metal Jacket USA 20/Box, $10. ... that received a Coronavirus-related View charts for the cost of 308 Win ammo prices.","page":3,"position":27,"title":"Superior ammunition. We individually weigh every powder ...","type":"0","typedescription":"organic","url":"http://floridashop.000webhostapp.com/zumin/superior-ammunition.html","universal_position":23,"md5":"07ab4060fc7883c12acd0d33103a890d"},{"elementAttributes":"{\"class\":\"g Ww4FFb vt6azd tF2Cxc\",\"data-hveid\":\"CFkQAA\",\"data-ved\":\"2ahUKEwi0o5CMx6r6AhXNQN4KHetOAsQQFSgAegQIWRAA\",\"jsaction\":\"QyLbLe:OMITjf\",\"jscontroller\":\"SC7lYd\",\"lang\":\"en\",\"style\":\"width:600px\"}","description":"SMC Corporation is the world's largest pneumatics company dedicated to factory ... Sodium borohydride is a white to grayish crystalline powder.","page":3,"position":28,"title":"02m shifter - CasinoBuck Review 2021","type":"0","typedescription":"organic","url":"https://testbuck-559.de/02m-shifter.html","universal_position":24,"md5":"125f50bb2fbf4df989dd8fb6253dac3c"},{"elementAttributes":"{\"class\":\"g Ww4FFb vt6azd tF2Cxc\",\"data-hveid\":\"CDYQAA\",\"data-ved\":\"2ahUKEwi0o5CMx6r6AhXNQN4KHetOAsQQFSgAegQINhAA\",\"jsaction\":\"QyLbLe:OMITjf\",\"jscontroller\":\"SC7lYd\",\"lang\":\"en\",\"style\":\"width:600px\"}","description":"Metal Dining Chair Industrial Dining Chair Indoor O Read more Paving solutions ... The prices of Pedestal Expats Furniture Rental provides short-term and ...","page":3,"position":29,"title":"Pedestal rental singapore. This simulator with a classic design ...","type":"0","typedescription":"organic","url":"http://vivelia-consulting.com/ufh8vqa/pedestal-rental-singapore.html","universal_position":25,"md5":"ec11251393c4f0f2429fd18f139bbbae"},{"elementAttributes":"{\"class\":\"g Ww4FFb vt6azd tF2Cxc\",\"data-hveid\":\"CEAQAA\",\"data-ved\":\"2ahUKEwi0o5CMx6r6AhXNQN4KHetOAsQQFSgAegQIQBAA\",\"jsaction\":\"QyLbLe:OMITjf\",\"jscontroller\":\"SC7lYd\",\"lang\":\"en\",\"style\":\"width:600px\"}","description":"Quadzilla SMC Ram Apache Barossa 170 200 250cc Genuine Drive Chain. ... The latest model to join the Quadzilla price list is the 520 \u2013 a replacement for the ...","page":3,"position":30,"title":"Quadzilla 500 specs. 2 Rd and Westminster Hwy). Piston ...","type":"0","typedescription":"organic","url":"http://threedcafe.weblike.pl/4gtit/quadzilla-500-specs.html","universal_position":26,"md5":"f8cefb9c2da5dc5d0aa7bac35e8cda28"},{"elementAttributes":"{\"class\":\"g Ww4FFb vt6azd tF2Cxc\",\"data-hveid\":\"CDMQAA\",\"data-ved\":\"2ahUKEwi0o5CMx6r6AhXNQN4KHetOAsQQFSgAegQIMxAA\",\"jsaction\":\"QyLbLe:OMITjf\",\"jscontroller\":\"SC7lYd\",\"lang\":\"en\",\"style\":\"width:600px\"}","description":"... moto Jack rack Hauler USA 380lb at the best online prices at eBay! ... Black, powder-coated finish. ... Black Widow SMC-600R Steel Motorcycle Carrier.","page":3,"position":31,"title":"Dirtbike hitch hauler. 99. #12 · Oct 15, 2012. Discussion Star...","type":"0","typedescription":"organic","url":"https://www.proflexmetal.com/jdtrauxi/dirtbike-hitch-hauler.html","universal_position":27,"md5":"45c68e27ede0493bfb4cfa44fdfd7d02"},{"elementAttributes":"{\"data-hveid\":\"CGcQAA\",\"data-ved\":\"2ahUKEwi0o5CMx6r6AhXNQN4KHetOAsQQ5wEoAHoECGcQAA\",\"lang\":\"en\"}","description":"Attaches quickly and easily by magnetic backing to most metal surfaces, ... When down wood is unavailable, I carry SMC tent stakes \u2014 channeled aluminum ...","page":3,"position":32,"title":"Field & Stream - Nov 1974 - Page 124 - Google Books Result","type":"0","typedescription":"organic","url":"https://books.google.com/books?id=r7JGaDjwydEC&pg=PA124&lpg=PA124&dq=smc+powder+metallurgy+pricelist&source=bl&ots=f9bLVW7Sxc&sig=ACfU3U1uv62GLyrPDhgrKqwUARW03dga3Q&hl=en&sa=X&ved=2ahUKEwi0o5CMx6r6AhXNQN4KHetOAsQQ6AF6BAhnEAM","universal_position":28,"md5":"e84abdb1e53d88eb28f311e4f18932b2"},{"elementAttributes":"{\"class\":\"g Ww4FFb vt6azd tF2Cxc\",\"data-hveid\":\"CDUQAA\",\"data-ved\":\"2ahUKEwi0o5CMx6r6AhXNQN4KHetOAsQQFSgAegQINRAA\",\"jsaction\":\"QyLbLe:OMITjf\",\"jscontroller\":\"SC7lYd\",\"lang\":\"en\",\"style\":\"width:600px\"}","description":"Explore 9 listings for Quadzilla 500 for sale at best prices. Seat height is 31. ... Quadzilla SMC Ram Apache Barossa 170 200 250cc Genuine Drive Chain.","page":3,"position":33,"title":"Quadzilla 500 specs. This quad comes complete with winch ...","type":"0","typedescription":"organic","url":"http://thegreattelangana.com/bucvn/quadzilla-500-specs.html","universal_position":29,"md5":"731149427408802d0ba9f91802d8007e"},{"elementAttributes":"{\"data-hveid\":\"CGYQAA\",\"data-ved\":\"2ahUKEwi0o5CMx6r6AhXNQN4KHetOAsQQ5wEoAHoECGYQAA\",\"lang\":\"en\"}","description":"15 A Pamphlet , illustrated with 300 Engravings , containing the prices of Tea and ... when passing through a metal wire ; his experimente , in which the ...","page":3,"position":34,"title":"The Illustrated London News","type":"0","typedescription":"organic","url":"https://books.google.com/books?id=TIZUAAAAcAAJ&pg=PA386&lpg=PA386&dq=smc+powder+metallurgy+pricelist&source=bl&ots=NKooLO3uT5&sig=ACfU3U3LTAe4uQzn32XkDy9hj8zq-3DKJA&hl=en&sa=X&ved=2ahUKEwi0o5CMx6r6AhXNQN4KHetOAsQQ6AF6BAhmEAM","universal_position":30,"md5":"4ac2d0c6858719841162b804e8808482"}],"server_id":74881,"adwords_bottom":[],"depth":5,"parser_v2":{"searchengine":"google|US||en|universal|0|0|0","adwords":[],"adwords_east":[],"searchengine_awr":"google|US||en|universal|0|0|0","competition":"27","machine_id":"i-02f4755cf387a9a2f","rankdata_all":[{"snippets":{"missing-keywords":"pricelist,"},"elementAttributes":"{\"class\":\"g Ww4FFb vt6azd tF2Cxc\",\"data-hveid\":\"CBQQAA\",\"data-ved\":\"2ahUKEwi0o5CMx6r6AhXNQN4KHetOAsQQFSgAegQIFBAA\",\"jsaction\":\"QyLbLe:OMITjf\",\"jscontroller\":\"SC7lYd\",\"lang\":\"en\",\"style\":\"width:600px\"}","description":"Company profile page for SMC Powder Metallurgy Inc including stock price, company news, press releases, executives, board members, and contact information.","page":1,"position":1,"title":"SMC Powder Metallurgy Inc - Company Profile and News","type":"0","typedescription":"organic","url":"https://www.bloomberg.com/profile/company/0521965D:US","universal_position":1,"md5":"3dcf8e9c3ff064ba59fe6375c03917d5"},{"snippets":{"missing-keywords":"smc,pricelist"},"elementAttributes":"{\"class\":\"g Ww4FFb vt6azd tF2Cxc\",\"data-hveid\":\"CBsQAA\",\"data-ved\":\"2ahUKEwi0o5CMx6r6AhXNQN4KHetOAsQQFSgAegQIGxAA\",\"jsaction\":\"QyLbLe:OMITjf\",\"jscontroller\":\"SC7lYd\",\"lang\":\"en\",\"style\":\"width:600px\"}","description":"Graph and download economic data for Producer Price Index by Commodity: Metals and Metal Products: Powder Metallurgy Parts, Except Bearings, Gears, etc.","page":1,"position":2,"title":"Producer Price Index by Commodity: Metals and Metal ... - FRED","type":"0","typedescription":"organic","url":"https://fred.stlouisfed.org/series/WPU10890571","universal_position":2,"md5":"5c26414374cdf0e27bff2909d2a68ebd"},{"elementAttributes":"{\"class\":\"g Ww4FFb vt6azd tF2Cxc\",\"data-hveid\":\"CBEQAA\",\"data-ved\":\"2ahUKEwi0o5CMx6r6AhXNQN4KHetOAsQQFSgAegQIERAA\",\"jsaction\":\"QyLbLe:OMITjf\",\"jscontroller\":\"SC7lYd\",\"lang\":\"en\",\"style\":\"width:600px\"}","description":"On October 1, 2018 SMC Powder Metallurgy Inc. officially became Catalus ... All products are US-made and are delivered at globally competitive prices.","page":1,"position":3,"title":"Powder Metal Part Manufacturers Serving Pennsylvania","type":"0","typedescription":"organic","url":"https://www.powderedmetalparts.com/category/pennsylvania/","universal_position":3,"md5":"34af8e8f92698481db1ef92e92209e04"},{"elementAttributes":"{\"class\":\"g Ww4FFb vt6azd tF2Cxc\",\"data-hveid\":\"CBYQAA\",\"data-ved\":\"2ahUKEwi0o5CMx6r6AhXNQN4KHetOAsQQFSgAegQIFhAA\",\"jsaction\":\"QyLbLe:OMITjf\",\"jscontroller\":\"SC7lYd\",\"lang\":\"en\",\"style\":\"width:600px\"}","description":"We uphold a consistent level of professionalism, quality, credibility and service for Cheap PriceList for Press Metal - High frequency SMC inorganic coated ...","page":1,"position":4,"title":"China Cheap PriceList for Press Metal - High frequency SMC ...","type":"0","typedescription":"organic","url":"https://www.jssintering.com/cheap-pricelist-for-press-metal-high-frequency-smc-inorganic-coated-soft-magnetic-material-jingshi.html","universal_position":4,"md5":"93f760e821fa2f5e6937717f656af2da"},{"snippets":{"missing-keywords":"pricelist,"},"elementAttributes":"{\"class\":\"g Ww4FFb vt6azd tF2Cxc\",\"data-hveid\":\"CBAQAA\",\"data-ved\":\"2ahUKEwi0o5CMx6r6AhXNQN4KHetOAsQQFSgAegQIEBAA\",\"jsaction\":\"QyLbLe:OMITjf\",\"jscontroller\":\"SC7lYd\",\"lang\":\"en\",\"style\":\"width:600px\"}","description":"Since 1939, Catalus Corporation has been an innovative leader in advanced manufacturing and powder metallurgy technology. Our collaborative approach stands ...","page":1,"position":5,"title":"Catalus Corporation | Advanced Manufacturing & Powder ...","type":"0","typedescription":"organic","url":"https://cataluscorp.com/","universal_position":5,"md5":"5c5f2171bd11d6661d03b2b3758d5459"},{"elementAttributes":"{\"data-hveid\":\"CCQQAA\",\"data-ved\":\"2ahUKEwi0o5CMx6r6AhXNQN4KHetOAsQQFSgAegQIJBAA\",\"jsaction\":\"QyLbLe:OMITjf\",\"jscontroller\":\"SC7lYd\",\"lang\":\"en\",\"style\":\"width:600px\"}","description":"1. Ultra-High-Temperature Sintering · 2. Breaking the SMC Barrier · 3. Advances in Automotive Manufacturing · 4. Metal Additive Manufacturing.","page":1,"position":6,"title":"4 Advances in Powder Metallurgy Technology Customers ...","type":"0","typedescription":"organic","url":"https://www.horizontechnology.biz/blog/advances-in-powder-metallurgy-technology","universal_position":6,"md5":"4077799ecfbd3b89c0aa88d136ffd57d"},{"snippets":{"indented":"yes"},"elementAttributes":"{\"class\":\"MYVUIe\"}","description":"Powder Metallurgy Prices: The Outlook. The powder metal industry has a long history of improving materials and processes that can replace ...","page":1,"position":7,"title":"Powder Metallurgy Cost by Materials - Horizon Technology","type":"0","typedescription":"organic","url":"https://www.horizontechnology.biz/blog/powder-metallurgy-cost-by-materials","universal_position":7,"md5":"53e3d16828dfe0a024f387d4f630f4c1"},{"elementAttributes":"{\"class\":\"g Ww4FFb vt6azd tF2Cxc\",\"data-hveid\":\"CDcQAA\",\"data-ved\":\"2ahUKEwi0o5CMx6r6AhXNQN4KHetOAsQQFSgAegQINxAA\",\"jsaction\":\"QyLbLe:OMITjf\",\"jscontroller\":\"SC7lYd\",\"lang\":\"en\",\"style\":\"width:600px\"}","description":"The report analyzes the global powder metallurgy industry...... Metaldyne Performance Group Inc., SMC powder metallurgy company, Fine Sinter Co.... non-ferrous ...","page":1,"position":8,"title":"China Fine Aluminum Powder Manufacturers and Factory, Suppliers ...","type":"0","typedescription":"organic","url":"https://www.yanxachem.com/fine-aluminum-powder/","universal_position":8,"md5":"7da30212dd49e5b689ef32286112d2c4"},{"elementAttributes":"{\"class\":\"g Ww4FFb vt6azd tF2Cxc\",\"data-hveid\":\"CGEQAA\",\"data-ved\":\"2ahUKEwi0o5CMx6r6AhXNQN4KHetOAsQQFSgAegQIYRAA\",\"jsaction\":\"QyLbLe:OMITjf\",\"jscontroller\":\"SC7lYd\",\"lang\":\"en\",\"style\":\"width:600px\"}","description":"Powder metallurgy (P/M) is a materials processing technology to create new ... and powder cores (or soft magnetic cores [SMC]) that feature low core loss.","page":1,"position":9,"title":"Recent Technology of Powder Metallurgy and Applications","type":"0","typedescription":"organic","url":"https://www.uobabylon.edu.iq/eprints/publication_10_436_6172.pdf","universal_position":9,"md5":"b36b3facfbe57051f7442da90c2f7a8d"},{"elementAttributes":"{\"class\":\"g Ww4FFb vt6azd tF2Cxc\",\"data-hveid\":\"CFMQAA\",\"data-ved\":\"2ahUKEwi0o5CMx6r6AhXNQN4KHetOAsQQFSgAegQIUxAA\",\"jsaction\":\"QyLbLe:OMITjf\",\"jscontroller\":\"SC7lYd\",\"lang\":\"en\",\"style\":\"width:600px\"}","description":"PDF | Traditionally, powder metallurgy has been based on two major industrial ... complex-shaped parts are more easily produced as SMC.","page":1,"position":10,"title":"What Will Be the Future of Powder Metallurgy? - ResearchGate","type":"0","typedescription":"organic","url":"https://www.researchgate.net/publication/329804463_What_Will_Be_the_Future_of_Powder_Metallurgy","universal_position":10,"md5":"bc117c5470d188d1767153d32b9c8456"},{"elementAttributes":"{\"class\":\"eA0Zlc WghbWd JX86yc ivg-i PZPZlf\",\"data-attrid\":\"images universal\",\"data-docid\":\"r9PWwgQTzjuyOM\",\"data-hveid\":\"CDIQAA\",\"data-lpage\":\"https://www.pm-review.com/smc-powder-metallurgy-changes-name-to-catalus-corporation/\",\"data-ved\":\"2ahUKEwi0o5CMx6r6AhXNQN4KHetOAsQQ9AF6BAgyEAA\",\"jsaction\":\"rcuQ6b:npT2md;tuz4af:RrAr1;nptbHe:XEuVS;h5M12e\",\"jscontroller\":\"E19wJb\",\"jsdata\":\"XZxcdf;r9PWwgQTzjuyOM;AIU1ms\",\"jsname\":\"dTDiAc\"}","description":"","page":2,"position":11,"title":"","type":"5","typedescription":"image","url":"https://www.pm-review.com/smc-powder-metallurgy-changes-name-to-catalus-corporation/","universal_position":11,"md5":"0211840fe36cb22016d4b2c6e25fdaaf"},{"elementAttributes":"{\"class\":\"eA0Zlc WghbWd JX86yc ivg-i PZPZlf\",\"data-attrid\":\"images universal\",\"data-docid\":\"LkFQ4Cu3eKUssM\",\"data-hveid\":\"CHAQAA\",\"data-lpage\":\"https://www.horizontechnology.biz/powder-metal-capabilities-services\",\"data-ved\":\"2ahUKEwi0o5CMx6r6AhXNQN4KHetOAsQQ9AF6BAhwEAA\",\"jsaction\":\"rcuQ6b:npT2md;tuz4af:RrAr1;nptbHe:XEuVS;h5M12e\",\"jscontroller\":\"E19wJb\",\"jsdata\":\"XZxcdf;LkFQ4Cu3eKUssM;AIU1pE\",\"jsname\":\"dTDiAc\"}","description":"","page":2,"position":12,"title":"","type":"5","typedescription":"image","url":"https://www.horizontechnology.biz/powder-metal-capabilities-services","universal_position":11,"md5":"8f9c2461ddc82bf0560504e85c3645c7"},{"elementAttributes":"{\"class\":\"eA0Zlc WghbWd JX86yc ivg-i PZPZlf\",\"data-attrid\":\"images universal\",\"data-docid\":\"uvPfjVd0szuAMM\",\"data-hveid\":\"CGsQAA\",\"data-lpage\":\"https://cataluscorp.com/powder-metallurgy/auto-parts/\",\"data-ved\":\"2ahUKEwi0o5CMx6r6AhXNQN4KHetOAsQQ9AF6BAhrEAA\",\"jsaction\":\"rcuQ6b:npT2md;tuz4af:RrAr1;nptbHe:XEuVS;h5M12e\",\"jscontroller\":\"E19wJb\",\"jsdata\":\"XZxcdf;uvPfjVd0szuAMM;AIU1os\",\"jsname\":\"dTDiAc\"}","description":"","page":2,"position":13,"title":"","type":"5","typedescription":"image","url":"https://cataluscorp.com/powder-metallurgy/auto-parts/","universal_position":11,"md5":"71b9cce5a23526c8ac6ecd4898aebf03"},{"elementAttributes":"{\"class\":\"eA0Zlc WghbWd JX86yc ivg-i PZPZlf\",\"data-attrid\":\"images universal\",\"data-docid\":\"dv4yjWFj1aHxsM\",\"data-hveid\":\"CH4QAA\",\"data-lpage\":\"https://www.iqsdirectory.com/articles/powder-metal-parts/powder-metallurgy.html\",\"data-ved\":\"2ahUKEwi0o5CMx6r6AhXNQN4KHetOAsQQ9AF6BAh-EAA\",\"jsaction\":\"rcuQ6b:npT2md;tuz4af:RrAr1;nptbHe:XEuVS;h5M12e\",\"jscontroller\":\"E19wJb\",\"jsdata\":\"XZxcdf;dv4yjWFj1aHxsM;AIU1pg\",\"jsname\":\"dTDiAc\"}","description":"","page":2,"position":14,"title":"","type":"5","typedescription":"image","url":"https://www.iqsdirectory.com/articles/powder-metal-parts/powder-metallurgy.html","universal_position":11,"md5":"28fa0c321f1c6bc17fc6bb7df14bdd84"},{"elementAttributes":"{\"class\":\"eA0Zlc WghbWd JX86yc ivg-i PZPZlf\",\"data-attrid\":\"images universal\",\"data-docid\":\"AzxzjFvDx3ntCM\",\"data-hveid\":\"CG4QAA\",\"data-lpage\":\"https://www.hoganas.com/en/powder-technologies/powder-metallurgy/\",\"data-ved\":\"2ahUKEwi0o5CMx6r6AhXNQN4KHetOAsQQ9AF6BAhuEAA\",\"jsaction\":\"rcuQ6b:npT2md;tuz4af:RrAr1;nptbHe:XEuVS;h5M12e\",\"jscontroller\":\"E19wJb\",\"jsdata\":\"XZxcdf;AzxzjFvDx3ntCM;AIU1ow\",\"jsname\":\"dTDiAc\"}","description":"","page":2,"position":15,"title":"","type":"5","typedescription":"image","url":"https://www.hoganas.com/en/powder-technologies/powder-metallurgy/","universal_position":11,"md5":"c05b6fcbd6edc74b62c57731ad2b98d7"},{"elementAttributes":"{\"class\":\"g Ww4FFb vt6azd tF2Cxc\",\"data-hveid\":\"CG8QAA\",\"data-ved\":\"2ahUKEwi0o5CMx6r6AhXNQN4KHetOAsQQFSgAegQIbxAA\",\"jsaction\":\"QyLbLe:OMITjf\",\"jscontroller\":\"SC7lYd\",\"lang\":\"en\",\"style\":\"width:600px\"}","description":"Will prices come down? Not counting OEMs, some thirty different metal powder producers/sellers exhibited at this year's show, offering a range of ...","page":2,"position":16,"title":"How metal Additive Manufacturing is changing the metal ...","type":"0","typedescription":"organic","url":"https://www.metal-am.com/articles/how-the-growth-of-3d-printing-is-driving-changes-to-the-metal-powder-landscape/","universal_position":12,"md5":"c5453272df04f607d4fc2fa56fd2624c"},{"snippets":{"missing-keywords":"pricelist,"},"elementAttributes":"{\"class\":\"g Ww4FFb vt6azd tF2Cxc\",\"data-hveid\":\"CHQQAA\",\"data-ved\":\"2ahUKEwi0o5CMx6r6AhXNQN4KHetOAsQQFSgAegQIdBAA\",\"jsaction\":\"QyLbLe:OMITjf\",\"jscontroller\":\"SC7lYd\",\"lang\":\"en\",\"style\":\"width:600px\"}","description":"Catalus' furnaces are equipped with atmosphere controlled sintering capabilities and can sinter up to 1300°C. SMC Powder Metallurgy ...","page":2,"position":17,"title":"SMC Powder Metallurgy changes name to Catalus Corporation","type":"0","typedescription":"organic","url":"https://www.pm-review.com/smc-powder-metallurgy-changes-name-to-catalus-corporation/","universal_position":13,"md5":"3fd9a4c27d1163d304334c6fdc560d94"},{"snippets":{"missing-keywords":"smc,"},"elementAttributes":"{\"class\":\"g Ww4FFb vt6azd tF2Cxc\",\"data-hveid\":\"CFEQAA\",\"data-ved\":\"2ahUKEwi0o5CMx6r6AhXNQN4KHetOAsQQFSgAegQIURAA\",\"jsaction\":\"QyLbLe:OMITjf\",\"jscontroller\":\"SC7lYd\",\"lang\":\"en\",\"style\":\"width:600px\"}","description":"US Producer Price Index: Metals and Metal Products: Powder Metallurgy Parts, Except Bearings, Gears, Etc. is at a current level of 137.90, up from 136.60 ...","page":2,"position":18,"title":"Powder Metallurgy Parts, Except Bearings, Gears, Etc. - YCharts","type":"0","typedescription":"organic","url":"https://ycharts.com/indicators/us_producer_price_index_metals_and_metal_products_powder_metallurgy_parts_except_bearings_gears_etc","universal_position":14,"md5":"e2f453a1db2ea69a5012735c18034cb3"},{"elementAttributes":"{\"class\":\"g Ww4FFb vt6azd tF2Cxc\",\"data-hveid\":\"CFUQAA\",\"data-ved\":\"2ahUKEwi0o5CMx6r6AhXNQN4KHetOAsQQFSgAegQIVRAA\",\"jsaction\":\"QyLbLe:OMITjf\",\"jscontroller\":\"SC7lYd\",\"lang\":\"en\",\"style\":\"width:600px\"}","description":"Business listings of Metal Powder manufacturers, suppliers and exporters in Delhi, ... manufacturers, wholesalers, traders with Metal Powder prices for buying.","page":2,"position":19,"title":"Metal Powder In Delhi (मेटल पाउडर , दिल्ली)","type":"0","typedescription":"organic","url":"https://dir.indiamart.com/delhi/metal-powder.html","universal_position":15,"md5":"f9279c4617b824dd795e8651cdfe8feb"},{"snippets":{"missing-keywords":"pricelist,"},"elementAttributes":"{\"class\":\"g Ww4FFb vt6azd tF2Cxc\",\"data-hveid\":\"CFgQAA\",\"data-ved\":\"2ahUKEwi0o5CMx6r6AhXNQN4KHetOAsQQFSgAegQIWBAA\",\"jsaction\":\"QyLbLe:OMITjf\",\"jscontroller\":\"SC7lYd\",\"lang\":\"en\",\"style\":\"width:600px\"}","description":"Soft Magnetic Composites (SMC) are insulation coated ferrous powder metal (PM) materials that are molded into a net\u2014or near net\u2014shape component. A high-pressure ...","page":2,"position":20,"title":"Powder Metal | Burgess-Norton","type":"0","typedescription":"organic","url":"https://www.burgessnorton.com/powder-metal/","universal_position":16,"md5":"cb164742e9992e25394eb84631a6fc90"},{"elementAttributes":"{\"class\":\"g Ww4FFb vt6azd tF2Cxc\",\"data-hveid\":\"CFoQAA\",\"data-ved\":\"2ahUKEwi0o5CMx6r6AhXNQN4KHetOAsQQFSgAegQIWhAA\",\"jsaction\":\"QyLbLe:OMITjf\",\"jscontroller\":\"SC7lYd\",\"lang\":\"en\",\"style\":\"width:600px\"}","description":"The smc powder at Alibaba.com slot into chemical processes at affordable wholesale prices. ... 2021 Indoor outdoor smc electrical cabinet metal box.","page":2,"position":21,"title":"Smc Powder - Alibaba","type":"0","typedescription":"organic","url":"https://www.alibaba.com/showroom/smc-powder.html","universal_position":17,"md5":"2b7815c82af07d1d1612d92d4e8cefb0"},{"elementAttributes":"{\"class\":\"g Ww4FFb vt6azd tF2Cxc\",\"data-hveid\":\"CDQQAA\",\"data-ved\":\"2ahUKEwi0o5CMx6r6AhXNQN4KHetOAsQQFSgAegQINBAA\",\"jsaction\":\"QyLbLe:OMITjf\",\"jscontroller\":\"SC7lYd\",\"lang\":\"en\",\"style\":\"width:600px\"}","description":"Rio Tinto PLC; GKN Powder Metallurgy; Höganäs AB; Voestalpine Stahl GmbH ... and soft magnetic composite (SMC) with an aim to improve energy efficiency.","page":2,"position":22,"title":"Global Market Study on Soft Magnetic Materials","type":"0","typedescription":"organic","url":"https://www.persistencemarketresearch.com/market-research/soft-magnetic-materials-market.asp","universal_position":18,"md5":"da88803bb356f3d3007338d61aa1eaab"},{"snippets":{"missing-keywords":"pricelist,"},"elementAttributes":"{\"class\":\"g Ww4FFb vt6azd tF2Cxc\",\"data-hveid\":\"CHgQAA\",\"data-ved\":\"2ahUKEwi0o5CMx6r6AhXNQN4KHetOAsQQFSgAegQIeBAA\",\"jsaction\":\"QyLbLe:OMITjf\",\"jscontroller\":\"SC7lYd\",\"lang\":\"en\",\"style\":\"width:600px\"}","description":"SMC Powder Metallurgy was founded in 1949 in St. Marys, Pennsylvania, which is about 120 miles northeast of Pittsburgh. Powder metallurgy (P/M) is an ...","page":2,"position":23,"title":"SMC Powder Metallurgy : Quotes, Address, Contact - AZoM","type":"0","typedescription":"organic","url":"https://www.azom.com/suppliers.aspx?SupplierID=9966","universal_position":19,"md5":"9bf555409751f05936d8b8598e05644a"},{"elementAttributes":"{\"class\":\"g Ww4FFb vt6azd tF2Cxc\",\"data-hveid\":\"CHMQAA\",\"data-ved\":\"2ahUKEwi0o5CMx6r6AhXNQN4KHetOAsQQFSgAegQIcxAA\",\"jsaction\":\"QyLbLe:OMITjf\",\"jscontroller\":\"SC7lYd\",\"lang\":\"en\",\"style\":\"width:600px\"}","description":"Adjustable Shoes Rack Wholesaler Quotes & PriceList · suase-plastic-mould ... China Supply Custom Pneumatic Metal Connector Factory & Supplier Price ...","page":2,"position":24,"title":"Wholesale CE High Quality Fountain Valve Factories ...","type":"0","typedescription":"organic","url":"https://www.antilogvacations.com/wide/Zikxno-Wholesale-CE-High-Quality-Fountain-Valve-Factories-38-Manufacturers-Pricelist-45-Ruichen-Pneumatic-cnruichen-33103270.html","universal_position":20,"md5":"e2fcd6a3b57ef66a90ada52ef892c86a"},{"snippets":{"missing-keywords":"smc,"},"elementAttributes":"{\"class\":\"g Ww4FFb vt6azd tF2Cxc\",\"data-hveid\":\"CHYQAA\",\"data-ved\":\"2ahUKEwi0o5CMx6r6AhXNQN4KHetOAsQQFSgAegQIdhAA\",\"jsaction\":\"QyLbLe:OMITjf\",\"jscontroller\":\"SC7lYd\",\"lang\":\"en\",\"style\":\"width:600px\"}","description":"Comparing metal powder prices. You can easily wholesale quality metal powder at wholesale prices on Made-in-China.com.","page":2,"position":25,"title":"Metal Powder Price - Made-in-China.com","type":"0","typedescription":"organic","url":"https://www.made-in-china.com/price/metal-powder-price.html","universal_position":21,"md5":"a5e6f1c9adfa0c699607c8afdefb8eff"},{"elementAttributes":"{\"data-hveid\":\"CEIQAA\",\"data-ved\":\"2ahUKEwi0o5CMx6r6AhXNQN4KHetOAsQQFSgAegQIQhAA\",\"jsaction\":\"QyLbLe:OMITjf\",\"jscontroller\":\"SC7lYd\",\"lang\":\"en\",\"style\":\"width:600px\"}","description":"Metal Supermarkets offers a variety of shapes and grades of aluminum It also ... Ohio, a casualty of historically low metal prices and \"uncontrollable\" ...","page":3,"position":26,"title":"Ohio aluminum. Peerless Steel Co (Troy, MI) Manufacturer ...","type":"0","typedescription":"organic","url":"http://lilikh7572.000webhostapp.com/xrk4/ohio-aluminum.html","universal_position":22,"md5":"9cb3789d80dcd3c424b66f9a05a3b0a8"},{"snippets":{"indented":"yes"},"elementAttributes":"{\"class\":\"MYVUIe\"}","description":"56mm 55 gr Full Metal Jacket USA 20/Box, $10. ... that received a Coronavirus-related View charts for the cost of 308 Win ammo prices.","page":3,"position":27,"title":"Superior ammunition. We individually weigh every powder ...","type":"0","typedescription":"organic","url":"http://floridashop.000webhostapp.com/zumin/superior-ammunition.html","universal_position":23,"md5":"07ab4060fc7883c12acd0d33103a890d"},{"elementAttributes":"{\"class\":\"g Ww4FFb vt6azd tF2Cxc\",\"data-hveid\":\"CFkQAA\",\"data-ved\":\"2ahUKEwi0o5CMx6r6AhXNQN4KHetOAsQQFSgAegQIWRAA\",\"jsaction\":\"QyLbLe:OMITjf\",\"jscontroller\":\"SC7lYd\",\"lang\":\"en\",\"style\":\"width:600px\"}","description":"SMC Corporation is the world's largest pneumatics company dedicated to factory ... Sodium borohydride is a white to grayish crystalline powder.","page":3,"position":28,"title":"02m shifter - CasinoBuck Review 2021","type":"0","typedescription":"organic","url":"https://testbuck-559.de/02m-shifter.html","universal_position":24,"md5":"125f50bb2fbf4df989dd8fb6253dac3c"},{"elementAttributes":"{\"class\":\"g Ww4FFb vt6azd tF2Cxc\",\"data-hveid\":\"CDYQAA\",\"data-ved\":\"2ahUKEwi0o5CMx6r6AhXNQN4KHetOAsQQFSgAegQINhAA\",\"jsaction\":\"QyLbLe:OMITjf\",\"jscontroller\":\"SC7lYd\",\"lang\":\"en\",\"style\":\"width:600px\"}","description":"Metal Dining Chair Industrial Dining Chair Indoor O Read more Paving solutions ... The prices of Pedestal Expats Furniture Rental provides short-term and ...","page":3,"position":29,"title":"Pedestal rental singapore. This simulator with a classic design ...","type":"0","typedescription":"organic","url":"http://vivelia-consulting.com/ufh8vqa/pedestal-rental-singapore.html","universal_position":25,"md5":"ec11251393c4f0f2429fd18f139bbbae"},{"elementAttributes":"{\"class\":\"g Ww4FFb vt6azd tF2Cxc\",\"data-hveid\":\"CEAQAA\",\"data-ved\":\"2ahUKEwi0o5CMx6r6AhXNQN4KHetOAsQQFSgAegQIQBAA\",\"jsaction\":\"QyLbLe:OMITjf\",\"jscontroller\":\"SC7lYd\",\"lang\":\"en\",\"style\":\"width:600px\"}","description":"Quadzilla SMC Ram Apache Barossa 170 200 250cc Genuine Drive Chain. ... The latest model to join the Quadzilla price list is the 520 \u2013 a replacement for the ...","page":3,"position":30,"title":"Quadzilla 500 specs. 2 Rd and Westminster Hwy). Piston ...","type":"0","typedescription":"organic","url":"http://threedcafe.weblike.pl/4gtit/quadzilla-500-specs.html","universal_position":26,"md5":"f8cefb9c2da5dc5d0aa7bac35e8cda28"},{"elementAttributes":"{\"class\":\"g Ww4FFb vt6azd tF2Cxc\",\"data-hveid\":\"CDMQAA\",\"data-ved\":\"2ahUKEwi0o5CMx6r6AhXNQN4KHetOAsQQFSgAegQIMxAA\",\"jsaction\":\"QyLbLe:OMITjf\",\"jscontroller\":\"SC7lYd\",\"lang\":\"en\",\"style\":\"width:600px\"}","description":"... moto Jack rack Hauler USA 380lb at the best online prices at eBay! ... Black, powder-coated finish. ... Black Widow SMC-600R Steel Motorcycle Carrier.","page":3,"position":31,"title":"Dirtbike hitch hauler. 99. #12 · Oct 15, 2012. Discussion Star...","type":"0","typedescription":"organic","url":"https://www.proflexmetal.com/jdtrauxi/dirtbike-hitch-hauler.html","universal_position":27,"md5":"45c68e27ede0493bfb4cfa44fdfd7d02"},{"elementAttributes":"{\"data-hveid\":\"CGcQAA\",\"data-ved\":\"2ahUKEwi0o5CMx6r6AhXNQN4KHetOAsQQ5wEoAHoECGcQAA\",\"lang\":\"en\"}","description":"Attaches quickly and easily by magnetic backing to most metal surfaces, ... When down wood is unavailable, I carry SMC tent stakes \u2014 channeled aluminum ...","page":3,"position":32,"title":"Field & Stream - Nov 1974 - Page 124 - Google Books Result","type":"0","typedescription":"organic","url":"https://books.google.com/books?id=r7JGaDjwydEC&pg=PA124&lpg=PA124&dq=smc+powder+metallurgy+pricelist&source=bl&ots=f9bLVW7Sxc&sig=ACfU3U1uv62GLyrPDhgrKqwUARW03dga3Q&hl=en&sa=X&ved=2ahUKEwi0o5CMx6r6AhXNQN4KHetOAsQQ6AF6BAhnEAM","universal_position":28,"md5":"e84abdb1e53d88eb28f311e4f18932b2"},{"elementAttributes":"{\"class\":\"g Ww4FFb vt6azd tF2Cxc\",\"data-hveid\":\"CDUQAA\",\"data-ved\":\"2ahUKEwi0o5CMx6r6AhXNQN4KHetOAsQQFSgAegQINRAA\",\"jsaction\":\"QyLbLe:OMITjf\",\"jscontroller\":\"SC7lYd\",\"lang\":\"en\",\"style\":\"width:600px\"}","description":"Explore 9 listings for Quadzilla 500 for sale at best prices. Seat height is 31. ... Quadzilla SMC Ram Apache Barossa 170 200 250cc Genuine Drive Chain.","page":3,"position":33,"title":"Quadzilla 500 specs. This quad comes complete with winch ...","type":"0","typedescription":"organic","url":"http://thegreattelangana.com/bucvn/quadzilla-500-specs.html","universal_position":29,"md5":"731149427408802d0ba9f91802d8007e"},{"elementAttributes":"{\"data-hveid\":\"CGYQAA\",\"data-ved\":\"2ahUKEwi0o5CMx6r6AhXNQN4KHetOAsQQ5wEoAHoECGYQAA\",\"lang\":\"en\"}","description":"15 A Pamphlet , illustrated with 300 Engravings , containing the prices of Tea and ... when passing through a metal wire ; his experimente , in which the ...","page":3,"position":34,"title":"The Illustrated London News","type":"0","typedescription":"organic","url":"https://books.google.com/books?id=TIZUAAAAcAAJ&pg=PA386&lpg=PA386&dq=smc+powder+metallurgy+pricelist&source=bl&ots=NKooLO3uT5&sig=ACfU3U3LTAe4uQzn32XkDy9hj8zq-3DKJA&hl=en&sa=X&ved=2ahUKEwi0o5CMx6r6AhXNQN4KHetOAsQQ6AF6BAhmEAM","universal_position":30,"md5":"4ac2d0c6858719841162b804e8808482"}],"server_id":74881,"adwords_bottom":[],"depth":5,"adwords_shop":[],"location":"US","rankdata":[{"snippets":{"missing-keywords":"pricelist,"},"elementAttributes":"{\"class\":\"g Ww4FFb vt6azd tF2Cxc\",\"data-hveid\":\"CBQQAA\",\"data-ved\":\"2ahUKEwi0o5CMx6r6AhXNQN4KHetOAsQQFSgAegQIFBAA\",\"jsaction\":\"QyLbLe:OMITjf\",\"jscontroller\":\"SC7lYd\",\"lang\":\"en\",\"style\":\"width:600px\"}","description":"Company profile page for SMC Powder Metallurgy Inc including stock price, company news, press releases, executives, board members, and contact information.","page":1,"position":1,"title":"SMC Powder Metallurgy Inc - Company Profile and News","type":"0","typedescription":"organic","url":"https://www.bloomberg.com/profile/company/0521965D:US","universal_position":1,"md5":"3dcf8e9c3ff064ba59fe6375c03917d5"},{"snippets":{"missing-keywords":"smc,pricelist"},"elementAttributes":"{\"class\":\"g Ww4FFb vt6azd tF2Cxc\",\"data-hveid\":\"CBsQAA\",\"data-ved\":\"2ahUKEwi0o5CMx6r6AhXNQN4KHetOAsQQFSgAegQIGxAA\",\"jsaction\":\"QyLbLe:OMITjf\",\"jscontroller\":\"SC7lYd\",\"lang\":\"en\",\"style\":\"width:600px\"}","description":"Graph and download economic data for Producer Price Index by Commodity: Metals and Metal Products: Powder Metallurgy Parts, Except Bearings, Gears, etc.","page":1,"position":2,"title":"Producer Price Index by Commodity: Metals and Metal ... - FRED","type":"0","typedescription":"organic","url":"https://fred.stlouisfed.org/series/WPU10890571","universal_position":2,"md5":"5c26414374cdf0e27bff2909d2a68ebd"},{"elementAttributes":"{\"class\":\"g Ww4FFb vt6azd tF2Cxc\",\"data-hveid\":\"CBEQAA\",\"data-ved\":\"2ahUKEwi0o5CMx6r6AhXNQN4KHetOAsQQFSgAegQIERAA\",\"jsaction\":\"QyLbLe:OMITjf\",\"jscontroller\":\"SC7lYd\",\"lang\":\"en\",\"style\":\"width:600px\"}","description":"On October 1, 2018 SMC Powder Metallurgy Inc. officially became Catalus ... All products are US-made and are delivered at globally competitive prices.","page":1,"position":3,"title":"Powder Metal Part Manufacturers Serving Pennsylvania","type":"0","typedescription":"organic","url":"https://www.powderedmetalparts.com/category/pennsylvania/","universal_position":3,"md5":"34af8e8f92698481db1ef92e92209e04"},{"elementAttributes":"{\"class\":\"g Ww4FFb vt6azd tF2Cxc\",\"data-hveid\":\"CBYQAA\",\"data-ved\":\"2ahUKEwi0o5CMx6r6AhXNQN4KHetOAsQQFSgAegQIFhAA\",\"jsaction\":\"QyLbLe:OMITjf\",\"jscontroller\":\"SC7lYd\",\"lang\":\"en\",\"style\":\"width:600px\"}","description":"We uphold a consistent level of professionalism, quality, credibility and service for Cheap PriceList for Press Metal - High frequency SMC inorganic coated ...","page":1,"position":4,"title":"China Cheap PriceList for Press Metal - High frequency SMC ...","type":"0","typedescription":"organic","url":"https://www.jssintering.com/cheap-pricelist-for-press-metal-high-frequency-smc-inorganic-coated-soft-magnetic-material-jingshi.html","universal_position":4,"md5":"93f760e821fa2f5e6937717f656af2da"},{"snippets":{"missing-keywords":"pricelist,"},"elementAttributes":"{\"class\":\"g Ww4FFb vt6azd tF2Cxc\",\"data-hveid\":\"CBAQAA\",\"data-ved\":\"2ahUKEwi0o5CMx6r6AhXNQN4KHetOAsQQFSgAegQIEBAA\",\"jsaction\":\"QyLbLe:OMITjf\",\"jscontroller\":\"SC7lYd\",\"lang\":\"en\",\"style\":\"width:600px\"}","description":"Since 1939, Catalus Corporation has been an innovative leader in advanced manufacturing and powder metallurgy technology. Our collaborative approach stands ...","page":1,"position":5,"title":"Catalus Corporation | Advanced Manufacturing & Powder ...","type":"0","typedescription":"organic","url":"https://cataluscorp.com/","universal_position":5,"md5":"5c5f2171bd11d6661d03b2b3758d5459"},{"elementAttributes":"{\"data-hveid\":\"CCQQAA\",\"data-ved\":\"2ahUKEwi0o5CMx6r6AhXNQN4KHetOAsQQFSgAegQIJBAA\",\"jsaction\":\"QyLbLe:OMITjf\",\"jscontroller\":\"SC7lYd\",\"lang\":\"en\",\"style\":\"width:600px\"}","description":"1. Ultra-High-Temperature Sintering · 2. Breaking the SMC Barrier · 3. Advances in Automotive Manufacturing · 4. Metal Additive Manufacturing.","page":1,"position":6,"title":"4 Advances in Powder Metallurgy Technology Customers ...","type":"0","typedescription":"organic","url":"https://www.horizontechnology.biz/blog/advances-in-powder-metallurgy-technology","universal_position":6,"md5":"4077799ecfbd3b89c0aa88d136ffd57d"},{"snippets":{"indented":"yes"},"elementAttributes":"{\"class\":\"MYVUIe\"}","description":"Powder Metallurgy Prices: The Outlook. The powder metal industry has a long history of improving materials and processes that can replace ...","page":1,"position":7,"title":"Powder Metallurgy Cost by Materials - Horizon Technology","type":"0","typedescription":"organic","url":"https://www.horizontechnology.biz/blog/powder-metallurgy-cost-by-materials","universal_position":7,"md5":"53e3d16828dfe0a024f387d4f630f4c1"},{"elementAttributes":"{\"class\":\"g Ww4FFb vt6azd tF2Cxc\",\"data-hveid\":\"CDcQAA\",\"data-ved\":\"2ahUKEwi0o5CMx6r6AhXNQN4KHetOAsQQFSgAegQINxAA\",\"jsaction\":\"QyLbLe:OMITjf\",\"jscontroller\":\"SC7lYd\",\"lang\":\"en\",\"style\":\"width:600px\"}","description":"The report analyzes the global powder metallurgy industry...... Metaldyne Performance Group Inc., SMC powder metallurgy company, Fine Sinter Co.... non-ferrous ...","page":1,"position":8,"title":"China Fine Aluminum Powder Manufacturers and Factory, Suppliers ...","type":"0","typedescription":"organic","url":"https://www.yanxachem.com/fine-aluminum-powder/","universal_position":8,"md5":"7da30212dd49e5b689ef32286112d2c4"},{"elementAttributes":"{\"class\":\"g Ww4FFb vt6azd tF2Cxc\",\"data-hveid\":\"CGEQAA\",\"data-ved\":\"2ahUKEwi0o5CMx6r6AhXNQN4KHetOAsQQFSgAegQIYRAA\",\"jsaction\":\"QyLbLe:OMITjf\",\"jscontroller\":\"SC7lYd\",\"lang\":\"en\",\"style\":\"width:600px\"}","description":"Powder metallurgy (P/M) is a materials processing technology to create new ... and powder cores (or soft magnetic cores [SMC]) that feature low core loss.","page":1,"position":9,"title":"Recent Technology of Powder Metallurgy and Applications","type":"0","typedescription":"organic","url":"https://www.uobabylon.edu.iq/eprints/publication_10_436_6172.pdf","universal_position":9,"md5":"b36b3facfbe57051f7442da90c2f7a8d"},{"elementAttributes":"{\"class\":\"g Ww4FFb vt6azd tF2Cxc\",\"data-hveid\":\"CFMQAA\",\"data-ved\":\"2ahUKEwi0o5CMx6r6AhXNQN4KHetOAsQQFSgAegQIUxAA\",\"jsaction\":\"QyLbLe:OMITjf\",\"jscontroller\":\"SC7lYd\",\"lang\":\"en\",\"style\":\"width:600px\"}","description":"PDF | Traditionally, powder metallurgy has been based on two major industrial ... complex-shaped parts are more easily produced as SMC.","page":1,"position":10,"title":"What Will Be the Future of Powder Metallurgy? - ResearchGate","type":"0","typedescription":"organic","url":"https://www.researchgate.net/publication/329804463_What_Will_Be_the_Future_of_Powder_Metallurgy","universal_position":10,"md5":"bc117c5470d188d1767153d32b9c8456"},{"elementAttributes":"{\"class\":\"eA0Zlc WghbWd JX86yc ivg-i PZPZlf\",\"data-attrid\":\"images universal\",\"data-docid\":\"r9PWwgQTzjuyOM\",\"data-hveid\":\"CDIQAA\",\"data-lpage\":\"https://www.pm-review.com/smc-powder-metallurgy-changes-name-to-catalus-corporation/\",\"data-ved\":\"2ahUKEwi0o5CMx6r6AhXNQN4KHetOAsQQ9AF6BAgyEAA\",\"jsaction\":\"rcuQ6b:npT2md;tuz4af:RrAr1;nptbHe:XEuVS;h5M12e\",\"jscontroller\":\"E19wJb\",\"jsdata\":\"XZxcdf;r9PWwgQTzjuyOM;AIU1ms\",\"jsname\":\"dTDiAc\"}","description":"","page":2,"position":11,"title":"","type":"5","typedescription":"image","url":"https://www.pm-review.com/smc-powder-metallurgy-changes-name-to-catalus-corporation/","universal_position":11,"md5":"0211840fe36cb22016d4b2c6e25fdaaf"},{"elementAttributes":"{\"class\":\"eA0Zlc WghbWd JX86yc ivg-i PZPZlf\",\"data-attrid\":\"images universal\",\"data-docid\":\"LkFQ4Cu3eKUssM\",\"data-hveid\":\"CHAQAA\",\"data-lpage\":\"https://www.horizontechnology.biz/powder-metal-capabilities-services\",\"data-ved\":\"2ahUKEwi0o5CMx6r6AhXNQN4KHetOAsQQ9AF6BAhwEAA\",\"jsaction\":\"rcuQ6b:npT2md;tuz4af:RrAr1;nptbHe:XEuVS;h5M12e\",\"jscontroller\":\"E19wJb\",\"jsdata\":\"XZxcdf;LkFQ4Cu3eKUssM;AIU1pE\",\"jsname\":\"dTDiAc\"}","description":"","page":2,"position":12,"title":"","type":"5","typedescription":"image","url":"https://www.horizontechnology.biz/powder-metal-capabilities-services","universal_position":11,"md5":"8f9c2461ddc82bf0560504e85c3645c7"},{"elementAttributes":"{\"class\":\"eA0Zlc WghbWd JX86yc ivg-i PZPZlf\",\"data-attrid\":\"images universal\",\"data-docid\":\"uvPfjVd0szuAMM\",\"data-hveid\":\"CGsQAA\",\"data-lpage\":\"https://cataluscorp.com/powder-metallurgy/auto-parts/\",\"data-ved\":\"2ahUKEwi0o5CMx6r6AhXNQN4KHetOAsQQ9AF6BAhrEAA\",\"jsaction\":\"rcuQ6b:npT2md;tuz4af:RrAr1;nptbHe:XEuVS;h5M12e\",\"jscontroller\":\"E19wJb\",\"jsdata\":\"XZxcdf;uvPfjVd0szuAMM;AIU1os\",\"jsname\":\"dTDiAc\"}","description":"","page":2,"position":13,"title":"","type":"5","typedescription":"image","url":"https://cataluscorp.com/powder-metallurgy/auto-parts/","universal_position":11,"md5":"71b9cce5a23526c8ac6ecd4898aebf03"},{"elementAttributes":"{\"class\":\"eA0Zlc WghbWd JX86yc ivg-i PZPZlf\",\"data-attrid\":\"images universal\",\"data-docid\":\"dv4yjWFj1aHxsM\",\"data-hveid\":\"CH4QAA\",\"data-lpage\":\"https://www.iqsdirectory.com/articles/powder-metal-parts/powder-metallurgy.html\",\"data-ved\":\"2ahUKEwi0o5CMx6r6AhXNQN4KHetOAsQQ9AF6BAh-EAA\",\"jsaction\":\"rcuQ6b:npT2md;tuz4af:RrAr1;nptbHe:XEuVS;h5M12e\",\"jscontroller\":\"E19wJb\",\"jsdata\":\"XZxcdf;dv4yjWFj1aHxsM;AIU1pg\",\"jsname\":\"dTDiAc\"}","description":"","page":2,"position":14,"title":"","type":"5","typedescription":"image","url":"https://www.iqsdirectory.com/articles/powder-metal-parts/powder-metallurgy.html","universal_position":11,"md5":"28fa0c321f1c6bc17fc6bb7df14bdd84"},{"elementAttributes":"{\"class\":\"eA0Zlc WghbWd JX86yc ivg-i PZPZlf\",\"data-attrid\":\"images universal\",\"data-docid\":\"AzxzjFvDx3ntCM\",\"data-hveid\":\"CG4QAA\",\"data-lpage\":\"https://www.hoganas.com/en/powder-technologies/powder-metallurgy/\",\"data-ved\":\"2ahUKEwi0o5CMx6r6AhXNQN4KHetOAsQQ9AF6BAhuEAA\",\"jsaction\":\"rcuQ6b:npT2md;tuz4af:RrAr1;nptbHe:XEuVS;h5M12e\",\"jscontroller\":\"E19wJb\",\"jsdata\":\"XZxcdf;AzxzjFvDx3ntCM;AIU1ow\",\"jsname\":\"dTDiAc\"}","description":"","page":2,"position":15,"title":"","type":"5","typedescription":"image","url":"https://www.hoganas.com/en/powder-technologies/powder-metallurgy/","universal_position":11,"md5":"c05b6fcbd6edc74b62c57731ad2b98d7"},{"elementAttributes":"{\"class\":\"g Ww4FFb vt6azd tF2Cxc\",\"data-hveid\":\"CG8QAA\",\"data-ved\":\"2ahUKEwi0o5CMx6r6AhXNQN4KHetOAsQQFSgAegQIbxAA\",\"jsaction\":\"QyLbLe:OMITjf\",\"jscontroller\":\"SC7lYd\",\"lang\":\"en\",\"style\":\"width:600px\"}","description":"Will prices come down? Not counting OEMs, some thirty different metal powder producers/sellers exhibited at this year's show, offering a range of ...","page":2,"position":16,"title":"How metal Additive Manufacturing is changing the metal ...","type":"0","typedescription":"organic","url":"https://www.metal-am.com/articles/how-the-growth-of-3d-printing-is-driving-changes-to-the-metal-powder-landscape/","universal_position":12,"md5":"c5453272df04f607d4fc2fa56fd2624c"},{"snippets":{"missing-keywords":"pricelist,"},"elementAttributes":"{\"class\":\"g Ww4FFb vt6azd tF2Cxc\",\"data-hveid\":\"CHQQAA\",\"data-ved\":\"2ahUKEwi0o5CMx6r6AhXNQN4KHetOAsQQFSgAegQIdBAA\",\"jsaction\":\"QyLbLe:OMITjf\",\"jscontroller\":\"SC7lYd\",\"lang\":\"en\",\"style\":\"width:600px\"}","description":"Catalus' furnaces are equipped with atmosphere controlled sintering capabilities and can sinter up to 1300°C. SMC Powder Metallurgy ...","page":2,"position":17,"title":"SMC Powder Metallurgy changes name to Catalus Corporation","type":"0","typedescription":"organic","url":"https://www.pm-review.com/smc-powder-metallurgy-changes-name-to-catalus-corporation/","universal_position":13,"md5":"3fd9a4c27d1163d304334c6fdc560d94"},{"snippets":{"missing-keywords":"smc,"},"elementAttributes":"{\"class\":\"g Ww4FFb vt6azd tF2Cxc\",\"data-hveid\":\"CFEQAA\",\"data-ved\":\"2ahUKEwi0o5CMx6r6AhXNQN4KHetOAsQQFSgAegQIURAA\",\"jsaction\":\"QyLbLe:OMITjf\",\"jscontroller\":\"SC7lYd\",\"lang\":\"en\",\"style\":\"width:600px\"}","description":"US Producer Price Index: Metals and Metal Products: Powder Metallurgy Parts, Except Bearings, Gears, Etc. is at a current level of 137.90, up from 136.60 ...","page":2,"position":18,"title":"Powder Metallurgy Parts, Except Bearings, Gears, Etc. - YCharts","type":"0","typedescription":"organic","url":"https://ycharts.com/indicators/us_producer_price_index_metals_and_metal_products_powder_metallurgy_parts_except_bearings_gears_etc","universal_position":14,"md5":"e2f453a1db2ea69a5012735c18034cb3"},{"elementAttributes":"{\"class\":\"g Ww4FFb vt6azd tF2Cxc\",\"data-hveid\":\"CFUQAA\",\"data-ved\":\"2ahUKEwi0o5CMx6r6AhXNQN4KHetOAsQQFSgAegQIVRAA\",\"jsaction\":\"QyLbLe:OMITjf\",\"jscontroller\":\"SC7lYd\",\"lang\":\"en\",\"style\":\"width:600px\"}","description":"Business listings of Metal Powder manufacturers, suppliers and exporters in Delhi, ... manufacturers, wholesalers, traders with Metal Powder prices for buying.","page":2,"position":19,"title":"Metal Powder In Delhi (मेटल पाउडर , दिल्ली)","type":"0","typedescription":"organic","url":"https://dir.indiamart.com/delhi/metal-powder.html","universal_position":15,"md5":"f9279c4617b824dd795e8651cdfe8feb"},{"snippets":{"missing-keywords":"pricelist,"},"elementAttributes":"{\"class\":\"g Ww4FFb vt6azd tF2Cxc\",\"data-hveid\":\"CFgQAA\",\"data-ved\":\"2ahUKEwi0o5CMx6r6AhXNQN4KHetOAsQQFSgAegQIWBAA\",\"jsaction\":\"QyLbLe:OMITjf\",\"jscontroller\":\"SC7lYd\",\"lang\":\"en\",\"style\":\"width:600px\"}","description":"Soft Magnetic Composites (SMC) are insulation coated ferrous powder metal (PM) materials that are molded into a net\u2014or near net\u2014shape component. A high-pressure ...","page":2,"position":20,"title":"Powder Metal | Burgess-Norton","type":"0","typedescription":"organic","url":"https://www.burgessnorton.com/powder-metal/","universal_position":16,"md5":"cb164742e9992e25394eb84631a6fc90"},{"elementAttributes":"{\"class\":\"g Ww4FFb vt6azd tF2Cxc\",\"data-hveid\":\"CFoQAA\",\"data-ved\":\"2ahUKEwi0o5CMx6r6AhXNQN4KHetOAsQQFSgAegQIWhAA\",\"jsaction\":\"QyLbLe:OMITjf\",\"jscontroller\":\"SC7lYd\",\"lang\":\"en\",\"style\":\"width:600px\"}","description":"The smc powder at Alibaba.com slot into chemical processes at affordable wholesale prices. ... 2021 Indoor outdoor smc electrical cabinet metal box.","page":2,"position":21,"title":"Smc Powder - Alibaba","type":"0","typedescription":"organic","url":"https://www.alibaba.com/showroom/smc-powder.html","universal_position":17,"md5":"2b7815c82af07d1d1612d92d4e8cefb0"},{"elementAttributes":"{\"class\":\"g Ww4FFb vt6azd tF2Cxc\",\"data-hveid\":\"CDQQAA\",\"data-ved\":\"2ahUKEwi0o5CMx6r6AhXNQN4KHetOAsQQFSgAegQINBAA\",\"jsaction\":\"QyLbLe:OMITjf\",\"jscontroller\":\"SC7lYd\",\"lang\":\"en\",\"style\":\"width:600px\"}","description":"Rio Tinto PLC; GKN Powder Metallurgy; Höganäs AB; Voestalpine Stahl GmbH ... and soft magnetic composite (SMC) with an aim to improve energy efficiency.","page":2,"position":22,"title":"Global Market Study on Soft Magnetic Materials","type":"0","typedescription":"organic","url":"https://www.persistencemarketresearch.com/market-research/soft-magnetic-materials-market.asp","universal_position":18,"md5":"da88803bb356f3d3007338d61aa1eaab"},{"snippets":{"missing-keywords":"pricelist,"},"elementAttributes":"{\"class\":\"g Ww4FFb vt6azd tF2Cxc\",\"data-hveid\":\"CHgQAA\",\"data-ved\":\"2ahUKEwi0o5CMx6r6AhXNQN4KHetOAsQQFSgAegQIeBAA\",\"jsaction\":\"QyLbLe:OMITjf\",\"jscontroller\":\"SC7lYd\",\"lang\":\"en\",\"style\":\"width:600px\"}","description":"SMC Powder Metallurgy was founded in 1949 in St. Marys, Pennsylvania, which is about 120 miles northeast of Pittsburgh. Powder metallurgy (P/M) is an ...","page":2,"position":23,"title":"SMC Powder Metallurgy : Quotes, Address, Contact - AZoM","type":"0","typedescription":"organic","url":"https://www.azom.com/suppliers.aspx?SupplierID=9966","universal_position":19,"md5":"9bf555409751f05936d8b8598e05644a"},{"elementAttributes":"{\"class\":\"g Ww4FFb vt6azd tF2Cxc\",\"data-hveid\":\"CHMQAA\",\"data-ved\":\"2ahUKEwi0o5CMx6r6AhXNQN4KHetOAsQQFSgAegQIcxAA\",\"jsaction\":\"QyLbLe:OMITjf\",\"jscontroller\":\"SC7lYd\",\"lang\":\"en\",\"style\":\"width:600px\"}","description":"Adjustable Shoes Rack Wholesaler Quotes & PriceList · suase-plastic-mould ... China Supply Custom Pneumatic Metal Connector Factory & Supplier Price ...","page":2,"position":24,"title":"Wholesale CE High Quality Fountain Valve Factories ...","type":"0","typedescription":"organic","url":"https://www.antilogvacations.com/wide/Zikxno-Wholesale-CE-High-Quality-Fountain-Valve-Factories-38-Manufacturers-Pricelist-45-Ruichen-Pneumatic-cnruichen-33103270.html","universal_position":20,"md5":"e2fcd6a3b57ef66a90ada52ef892c86a"},{"snippets":{"missing-keywords":"smc,"},"elementAttributes":"{\"class\":\"g Ww4FFb vt6azd tF2Cxc\",\"data-hveid\":\"CHYQAA\",\"data-ved\":\"2ahUKEwi0o5CMx6r6AhXNQN4KHetOAsQQFSgAegQIdhAA\",\"jsaction\":\"QyLbLe:OMITjf\",\"jscontroller\":\"SC7lYd\",\"lang\":\"en\",\"style\":\"width:600px\"}","description":"Comparing metal powder prices. You can easily wholesale quality metal powder at wholesale prices on Made-in-China.com.","page":2,"position":25,"title":"Metal Powder Price - Made-in-China.com","type":"0","typedescription":"organic","url":"https://www.made-in-china.com/price/metal-powder-price.html","universal_position":21,"md5":"a5e6f1c9adfa0c699607c8afdefb8eff"},{"elementAttributes":"{\"data-hveid\":\"CEIQAA\",\"data-ved\":\"2ahUKEwi0o5CMx6r6AhXNQN4KHetOAsQQFSgAegQIQhAA\",\"jsaction\":\"QyLbLe:OMITjf\",\"jscontroller\":\"SC7lYd\",\"lang\":\"en\",\"style\":\"width:600px\"}","description":"Metal Supermarkets offers a variety of shapes and grades of aluminum It also ... Ohio, a casualty of historically low metal prices and \"uncontrollable\" ...","page":3,"position":26,"title":"Ohio aluminum. Peerless Steel Co (Troy, MI) Manufacturer ...","type":"0","typedescription":"organic","url":"http://lilikh7572.000webhostapp.com/xrk4/ohio-aluminum.html","universal_position":22,"md5":"9cb3789d80dcd3c424b66f9a05a3b0a8"},{"snippets":{"indented":"yes"},"elementAttributes":"{\"class\":\"MYVUIe\"}","description":"56mm 55 gr Full Metal Jacket USA 20/Box, $10. ... that received a Coronavirus-related View charts for the cost of 308 Win ammo prices.","page":3,"position":27,"title":"Superior ammunition. We individually weigh every powder ...","type":"0","typedescription":"organic","url":"http://floridashop.000webhostapp.com/zumin/superior-ammunition.html","universal_position":23,"md5":"07ab4060fc7883c12acd0d33103a890d"},{"elementAttributes":"{\"class\":\"g Ww4FFb vt6azd tF2Cxc\",\"data-hveid\":\"CFkQAA\",\"data-ved\":\"2ahUKEwi0o5CMx6r6AhXNQN4KHetOAsQQFSgAegQIWRAA\",\"jsaction\":\"QyLbLe:OMITjf\",\"jscontroller\":\"SC7lYd\",\"lang\":\"en\",\"style\":\"width:600px\"}","description":"SMC Corporation is the world's largest pneumatics company dedicated to factory ... Sodium borohydride is a white to grayish crystalline powder.","page":3,"position":28,"title":"02m shifter - CasinoBuck Review 2021","type":"0","typedescription":"organic","url":"https://testbuck-559.de/02m-shifter.html","universal_position":24,"md5":"125f50bb2fbf4df989dd8fb6253dac3c"},{"elementAttributes":"{\"class\":\"g Ww4FFb vt6azd tF2Cxc\",\"data-hveid\":\"CDYQAA\",\"data-ved\":\"2ahUKEwi0o5CMx6r6AhXNQN4KHetOAsQQFSgAegQINhAA\",\"jsaction\":\"QyLbLe:OMITjf\",\"jscontroller\":\"SC7lYd\",\"lang\":\"en\",\"style\":\"width:600px\"}","description":"Metal Dining Chair Industrial Dining Chair Indoor O Read more Paving solutions ... The prices of Pedestal Expats Furniture Rental provides short-term and ...","page":3,"position":29,"title":"Pedestal rental singapore. This simulator with a classic design ...","type":"0","typedescription":"organic","url":"http://vivelia-consulting.com/ufh8vqa/pedestal-rental-singapore.html","universal_position":25,"md5":"ec11251393c4f0f2429fd18f139bbbae"},{"elementAttributes":"{\"class\":\"g Ww4FFb vt6azd tF2Cxc\",\"data-hveid\":\"CEAQAA\",\"data-ved\":\"2ahUKEwi0o5CMx6r6AhXNQN4KHetOAsQQFSgAegQIQBAA\",\"jsaction\":\"QyLbLe:OMITjf\",\"jscontroller\":\"SC7lYd\",\"lang\":\"en\",\"style\":\"width:600px\"}","description":"Quadzilla SMC Ram Apache Barossa 170 200 250cc Genuine Drive Chain. ... The latest model to join the Quadzilla price list is the 520 \u2013 a replacement for the ...","page":3,"position":30,"title":"Quadzilla 500 specs. 2 Rd and Westminster Hwy). Piston ...","type":"0","typedescription":"organic","url":"http://threedcafe.weblike.pl/4gtit/quadzilla-500-specs.html","universal_position":26,"md5":"f8cefb9c2da5dc5d0aa7bac35e8cda28"},{"elementAttributes":"{\"class\":\"g Ww4FFb vt6azd tF2Cxc\",\"data-hveid\":\"CDMQAA\",\"data-ved\":\"2ahUKEwi0o5CMx6r6AhXNQN4KHetOAsQQFSgAegQIMxAA\",\"jsaction\":\"QyLbLe:OMITjf\",\"jscontroller\":\"SC7lYd\",\"lang\":\"en\",\"style\":\"width:600px\"}","description":"... moto Jack rack Hauler USA 380lb at the best online prices at eBay! ... Black, powder-coated finish. ... Black Widow SMC-600R Steel Motorcycle Carrier.","page":3,"position":31,"title":"Dirtbike hitch hauler. 99. #12 · Oct 15, 2012. Discussion Star...","type":"0","typedescription":"organic","url":"https://www.proflexmetal.com/jdtrauxi/dirtbike-hitch-hauler.html","universal_position":27,"md5":"45c68e27ede0493bfb4cfa44fdfd7d02"},{"elementAttributes":"{\"data-hveid\":\"CGcQAA\",\"data-ved\":\"2ahUKEwi0o5CMx6r6AhXNQN4KHetOAsQQ5wEoAHoECGcQAA\",\"lang\":\"en\"}","description":"Attaches quickly and easily by magnetic backing to most metal surfaces, ... When down wood is unavailable, I carry SMC tent stakes \u2014 channeled aluminum ...","page":3,"position":32,"title":"Field & Stream - Nov 1974 - Page 124 - Google Books Result","type":"0","typedescription":"organic","url":"https://books.google.com/books?id=r7JGaDjwydEC&pg=PA124&lpg=PA124&dq=smc+powder+metallurgy+pricelist&source=bl&ots=f9bLVW7Sxc&sig=ACfU3U1uv62GLyrPDhgrKqwUARW03dga3Q&hl=en&sa=X&ved=2ahUKEwi0o5CMx6r6AhXNQN4KHetOAsQQ6AF6BAhnEAM","universal_position":28,"md5":"e84abdb1e53d88eb28f311e4f18932b2"},{"elementAttributes":"{\"class\":\"g Ww4FFb vt6azd tF2Cxc\",\"data-hveid\":\"CDUQAA\",\"data-ved\":\"2ahUKEwi0o5CMx6r6AhXNQN4KHetOAsQQFSgAegQINRAA\",\"jsaction\":\"QyLbLe:OMITjf\",\"jscontroller\":\"SC7lYd\",\"lang\":\"en\",\"style\":\"width:600px\"}","description":"Explore 9 listings for Quadzilla 500 for sale at best prices. Seat height is 31. ... Quadzilla SMC Ram Apache Barossa 170 200 250cc Genuine Drive Chain.","page":3,"position":33,"title":"Quadzilla 500 specs. This quad comes complete with winch ...","type":"0","typedescription":"organic","url":"http://thegreattelangana.com/bucvn/quadzilla-500-specs.html","universal_position":29,"md5":"731149427408802d0ba9f91802d8007e"},{"elementAttributes":"{\"data-hveid\":\"CGYQAA\",\"data-ved\":\"2ahUKEwi0o5CMx6r6AhXNQN4KHetOAsQQ5wEoAHoECGYQAA\",\"lang\":\"en\"}","description":"15 A Pamphlet , illustrated with 300 Engravings , containing the prices of Tea and ... when passing through a metal wire ; his experimente , in which the ...","page":3,"position":34,"title":"The Illustrated London News","type":"0","typedescription":"organic","url":"https://books.google.com/books?id=TIZUAAAAcAAJ&pg=PA386&lpg=PA386&dq=smc+powder+metallurgy+pricelist&source=bl&ots=NKooLO3uT5&sig=ACfU3U3LTAe4uQzn32XkDy9hj8zq-3DKJA&hl=en&sa=X&ved=2ahUKEwi0o5CMx6r6AhXNQN4KHetOAsQQ6AF6BAhmEAM","universal_position":30,"md5":"4ac2d0c6858719841162b804e8808482"}],"keyword":"smc powder metallurgy pricelist"},"adwords_shop":[],"location":"US","rankdata":[{"snippets":{"missing-keywords":"pricelist,"},"elementAttributes":"{\"class\":\"g Ww4FFb vt6azd tF2Cxc\",\"data-hveid\":\"CBQQAA\",\"data-ved\":\"2ahUKEwi0o5CMx6r6AhXNQN4KHetOAsQQFSgAegQIFBAA\",\"jsaction\":\"QyLbLe:OMITjf\",\"jscontroller\":\"SC7lYd\",\"lang\":\"en\",\"style\":\"width:600px\"}","description":"Company profile page for SMC Powder Metallurgy Inc including stock price, company news, press releases, executives, board members, and contact information.","page":1,"position":1,"title":"SMC Powder Metallurgy Inc - Company Profile and News","type":"0","typedescription":"organic","url":"https://www.bloomberg.com/profile/company/0521965D:US","universal_position":1,"md5":"3dcf8e9c3ff064ba59fe6375c03917d5"},{"snippets":{"missing-keywords":"smc,pricelist"},"elementAttributes":"{\"class\":\"g Ww4FFb vt6azd tF2Cxc\",\"data-hveid\":\"CBsQAA\",\"data-ved\":\"2ahUKEwi0o5CMx6r6AhXNQN4KHetOAsQQFSgAegQIGxAA\",\"jsaction\":\"QyLbLe:OMITjf\",\"jscontroller\":\"SC7lYd\",\"lang\":\"en\",\"style\":\"width:600px\"}","description":"Graph and download economic data for Producer Price Index by Commodity: Metals and Metal Products: Powder Metallurgy Parts, Except Bearings, Gears, etc.","page":1,"position":2,"title":"Producer Price Index by Commodity: Metals and Metal ... - FRED","type":"0","typedescription":"organic","url":"https://fred.stlouisfed.org/series/WPU10890571","universal_position":2,"md5":"5c26414374cdf0e27bff2909d2a68ebd"},{"elementAttributes":"{\"class\":\"g Ww4FFb vt6azd tF2Cxc\",\"data-hveid\":\"CBEQAA\",\"data-ved\":\"2ahUKEwi0o5CMx6r6AhXNQN4KHetOAsQQFSgAegQIERAA\",\"jsaction\":\"QyLbLe:OMITjf\",\"jscontroller\":\"SC7lYd\",\"lang\":\"en\",\"style\":\"width:600px\"}","description":"On October 1, 2018 SMC Powder Metallurgy Inc. officially became Catalus ... All products are US-made and are delivered at globally competitive prices.","page":1,"position":3,"title":"Powder Metal Part Manufacturers Serving Pennsylvania","type":"0","typedescription":"organic","url":"https://www.powderedmetalparts.com/category/pennsylvania/","universal_position":3,"md5":"34af8e8f92698481db1ef92e92209e04"},{"elementAttributes":"{\"class\":\"g Ww4FFb vt6azd tF2Cxc\",\"data-hveid\":\"CBYQAA\",\"data-ved\":\"2ahUKEwi0o5CMx6r6AhXNQN4KHetOAsQQFSgAegQIFhAA\",\"jsaction\":\"QyLbLe:OMITjf\",\"jscontroller\":\"SC7lYd\",\"lang\":\"en\",\"style\":\"width:600px\"}","description":"We uphold a consistent level of professionalism, quality, credibility and service for Cheap PriceList for Press Metal - High frequency SMC inorganic coated ...","page":1,"position":4,"title":"China Cheap PriceList for Press Metal - High frequency SMC ...","type":"0","typedescription":"organic","url":"https://www.jssintering.com/cheap-pricelist-for-press-metal-high-frequency-smc-inorganic-coated-soft-magnetic-material-jingshi.html","universal_position":4,"md5":"93f760e821fa2f5e6937717f656af2da"},{"snippets":{"missing-keywords":"pricelist,"},"elementAttributes":"{\"class\":\"g Ww4FFb vt6azd tF2Cxc\",\"data-hveid\":\"CBAQAA\",\"data-ved\":\"2ahUKEwi0o5CMx6r6AhXNQN4KHetOAsQQFSgAegQIEBAA\",\"jsaction\":\"QyLbLe:OMITjf\",\"jscontroller\":\"SC7lYd\",\"lang\":\"en\",\"style\":\"width:600px\"}","description":"Since 1939, Catalus Corporation has been an innovative leader in advanced manufacturing and powder metallurgy technology. Our collaborative approach stands ...","page":1,"position":5,"title":"Catalus Corporation | Advanced Manufacturing & Powder ...","type":"0","typedescription":"organic","url":"https://cataluscorp.com/","universal_position":5,"md5":"5c5f2171bd11d6661d03b2b3758d5459"},{"elementAttributes":"{\"data-hveid\":\"CCQQAA\",\"data-ved\":\"2ahUKEwi0o5CMx6r6AhXNQN4KHetOAsQQFSgAegQIJBAA\",\"jsaction\":\"QyLbLe:OMITjf\",\"jscontroller\":\"SC7lYd\",\"lang\":\"en\",\"style\":\"width:600px\"}","description":"1. Ultra-High-Temperature Sintering · 2. Breaking the SMC Barrier · 3. Advances in Automotive Manufacturing · 4. Metal Additive Manufacturing.","page":1,"position":6,"title":"4 Advances in Powder Metallurgy Technology Customers ...","type":"0","typedescription":"organic","url":"https://www.horizontechnology.biz/blog/advances-in-powder-metallurgy-technology","universal_position":6,"md5":"4077799ecfbd3b89c0aa88d136ffd57d"},{"snippets":{"indented":"yes"},"elementAttributes":"{\"class\":\"MYVUIe\"}","description":"Powder Metallurgy Prices: The Outlook. The powder metal industry has a long history of improving materials and processes that can replace ...","page":1,"position":7,"title":"Powder Metallurgy Cost by Materials - Horizon Technology","type":"0","typedescription":"organic","url":"https://www.horizontechnology.biz/blog/powder-metallurgy-cost-by-materials","universal_position":7,"md5":"53e3d16828dfe0a024f387d4f630f4c1"},{"elementAttributes":"{\"class\":\"g Ww4FFb vt6azd tF2Cxc\",\"data-hveid\":\"CDcQAA\",\"data-ved\":\"2ahUKEwi0o5CMx6r6AhXNQN4KHetOAsQQFSgAegQINxAA\",\"jsaction\":\"QyLbLe:OMITjf\",\"jscontroller\":\"SC7lYd\",\"lang\":\"en\",\"style\":\"width:600px\"}","description":"The report analyzes the global powder metallurgy industry...... Metaldyne Performance Group Inc., SMC powder metallurgy company, Fine Sinter Co.... non-ferrous ...","page":1,"position":8,"title":"China Fine Aluminum Powder Manufacturers and Factory, Suppliers ...","type":"0","typedescription":"organic","url":"https://www.yanxachem.com/fine-aluminum-powder/","universal_position":8,"md5":"7da30212dd49e5b689ef32286112d2c4"},{"elementAttributes":"{\"class\":\"g Ww4FFb vt6azd tF2Cxc\",\"data-hveid\":\"CGEQAA\",\"data-ved\":\"2ahUKEwi0o5CMx6r6AhXNQN4KHetOAsQQFSgAegQIYRAA\",\"jsaction\":\"QyLbLe:OMITjf\",\"jscontroller\":\"SC7lYd\",\"lang\":\"en\",\"style\":\"width:600px\"}","description":"Powder metallurgy (P/M) is a materials processing technology to create new ... and powder cores (or soft magnetic cores [SMC]) that feature low core loss.","page":1,"position":9,"title":"Recent Technology of Powder Metallurgy and Applications","type":"0","typedescription":"organic","url":"https://www.uobabylon.edu.iq/eprints/publication_10_436_6172.pdf","universal_position":9,"md5":"b36b3facfbe57051f7442da90c2f7a8d"},{"elementAttributes":"{\"class\":\"g Ww4FFb vt6azd tF2Cxc\",\"data-hveid\":\"CFMQAA\",\"data-ved\":\"2ahUKEwi0o5CMx6r6AhXNQN4KHetOAsQQFSgAegQIUxAA\",\"jsaction\":\"QyLbLe:OMITjf\",\"jscontroller\":\"SC7lYd\",\"lang\":\"en\",\"style\":\"width:600px\"}","description":"PDF | Traditionally, powder metallurgy has been based on two major industrial ... complex-shaped parts are more easily produced as SMC.","page":1,"position":10,"title":"What Will Be the Future of Powder Metallurgy? - ResearchGate","type":"0","typedescription":"organic","url":"https://www.researchgate.net/publication/329804463_What_Will_Be_the_Future_of_Powder_Metallurgy","universal_position":10,"md5":"bc117c5470d188d1767153d32b9c8456"},{"elementAttributes":"{\"class\":\"eA0Zlc WghbWd JX86yc ivg-i PZPZlf\",\"data-attrid\":\"images universal\",\"data-docid\":\"r9PWwgQTzjuyOM\",\"data-hveid\":\"CDIQAA\",\"data-lpage\":\"https://www.pm-review.com/smc-powder-metallurgy-changes-name-to-catalus-corporation/\",\"data-ved\":\"2ahUKEwi0o5CMx6r6AhXNQN4KHetOAsQQ9AF6BAgyEAA\",\"jsaction\":\"rcuQ6b:npT2md;tuz4af:RrAr1;nptbHe:XEuVS;h5M12e\",\"jscontroller\":\"E19wJb\",\"jsdata\":\"XZxcdf;r9PWwgQTzjuyOM;AIU1ms\",\"jsname\":\"dTDiAc\"}","description":"","page":2,"position":11,"title":"","type":"5","typedescription":"image","url":"https://www.pm-review.com/smc-powder-metallurgy-changes-name-to-catalus-corporation/","universal_position":11,"md5":"0211840fe36cb22016d4b2c6e25fdaaf"},{"elementAttributes":"{\"class\":\"eA0Zlc WghbWd JX86yc ivg-i PZPZlf\",\"data-attrid\":\"images universal\",\"data-docid\":\"LkFQ4Cu3eKUssM\",\"data-hveid\":\"CHAQAA\",\"data-lpage\":\"https://www.horizontechnology.biz/powder-metal-capabilities-services\",\"data-ved\":\"2ahUKEwi0o5CMx6r6AhXNQN4KHetOAsQQ9AF6BAhwEAA\",\"jsaction\":\"rcuQ6b:npT2md;tuz4af:RrAr1;nptbHe:XEuVS;h5M12e\",\"jscontroller\":\"E19wJb\",\"jsdata\":\"XZxcdf;LkFQ4Cu3eKUssM;AIU1pE\",\"jsname\":\"dTDiAc\"}","description":"","page":2,"position":12,"title":"","type":"5","typedescription":"image","url":"https://www.horizontechnology.biz/powder-metal-capabilities-services","universal_position":11,"md5":"8f9c2461ddc82bf0560504e85c3645c7"},{"elementAttributes":"{\"class\":\"eA0Zlc WghbWd JX86yc ivg-i PZPZlf\",\"data-attrid\":\"images universal\",\"data-docid\":\"uvPfjVd0szuAMM\",\"data-hveid\":\"CGsQAA\",\"data-lpage\":\"https://cataluscorp.com/powder-metallurgy/auto-parts/\",\"data-ved\":\"2ahUKEwi0o5CMx6r6AhXNQN4KHetOAsQQ9AF6BAhrEAA\",\"jsaction\":\"rcuQ6b:npT2md;tuz4af:RrAr1;nptbHe:XEuVS;h5M12e\",\"jscontroller\":\"E19wJb\",\"jsdata\":\"XZxcdf;uvPfjVd0szuAMM;AIU1os\",\"jsname\":\"dTDiAc\"}","description":"","page":2,"position":13,"title":"","type":"5","typedescription":"image","url":"https://cataluscorp.com/powder-metallurgy/auto-parts/","universal_position":11,"md5":"71b9cce5a23526c8ac6ecd4898aebf03"},{"elementAttributes":"{\"class\":\"eA0Zlc WghbWd JX86yc ivg-i PZPZlf\",\"data-attrid\":\"images universal\",\"data-docid\":\"dv4yjWFj1aHxsM\",\"data-hveid\":\"CH4QAA\",\"data-lpage\":\"https://www.iqsdirectory.com/articles/powder-metal-parts/powder-metallurgy.html\",\"data-ved\":\"2ahUKEwi0o5CMx6r6AhXNQN4KHetOAsQQ9AF6BAh-EAA\",\"jsaction\":\"rcuQ6b:npT2md;tuz4af:RrAr1;nptbHe:XEuVS;h5M12e\",\"jscontroller\":\"E19wJb\",\"jsdata\":\"XZxcdf;dv4yjWFj1aHxsM;AIU1pg\",\"jsname\":\"dTDiAc\"}","description":"","page":2,"position":14,"title":"","type":"5","typedescription":"image","url":"https://www.iqsdirectory.com/articles/powder-metal-parts/powder-metallurgy.html","universal_position":11,"md5":"28fa0c321f1c6bc17fc6bb7df14bdd84"},{"elementAttributes":"{\"class\":\"eA0Zlc WghbWd JX86yc ivg-i PZPZlf\",\"data-attrid\":\"images universal\",\"data-docid\":\"AzxzjFvDx3ntCM\",\"data-hveid\":\"CG4QAA\",\"data-lpage\":\"https://www.hoganas.com/en/powder-technologies/powder-metallurgy/\",\"data-ved\":\"2ahUKEwi0o5CMx6r6AhXNQN4KHetOAsQQ9AF6BAhuEAA\",\"jsaction\":\"rcuQ6b:npT2md;tuz4af:RrAr1;nptbHe:XEuVS;h5M12e\",\"jscontroller\":\"E19wJb\",\"jsdata\":\"XZxcdf;AzxzjFvDx3ntCM;AIU1ow\",\"jsname\":\"dTDiAc\"}","description":"","page":2,"position":15,"title":"","type":"5","typedescription":"image","url":"https://www.hoganas.com/en/powder-technologies/powder-metallurgy/","universal_position":11,"md5":"c05b6fcbd6edc74b62c57731ad2b98d7"},{"elementAttributes":"{\"class\":\"g Ww4FFb vt6azd tF2Cxc\",\"data-hveid\":\"CG8QAA\",\"data-ved\":\"2ahUKEwi0o5CMx6r6AhXNQN4KHetOAsQQFSgAegQIbxAA\",\"jsaction\":\"QyLbLe:OMITjf\",\"jscontroller\":\"SC7lYd\",\"lang\":\"en\",\"style\":\"width:600px\"}","description":"Will prices come down? Not counting OEMs, some thirty different metal powder producers/sellers exhibited at this year's show, offering a range of ...","page":2,"position":16,"title":"How metal Additive Manufacturing is changing the metal ...","type":"0","typedescription":"organic","url":"https://www.metal-am.com/articles/how-the-growth-of-3d-printing-is-driving-changes-to-the-metal-powder-landscape/","universal_position":12,"md5":"c5453272df04f607d4fc2fa56fd2624c"},{"snippets":{"missing-keywords":"pricelist,"},"elementAttributes":"{\"class\":\"g Ww4FFb vt6azd tF2Cxc\",\"data-hveid\":\"CHQQAA\",\"data-ved\":\"2ahUKEwi0o5CMx6r6AhXNQN4KHetOAsQQFSgAegQIdBAA\",\"jsaction\":\"QyLbLe:OMITjf\",\"jscontroller\":\"SC7lYd\",\"lang\":\"en\",\"style\":\"width:600px\"}","description":"Catalus' furnaces are equipped with atmosphere controlled sintering capabilities and can sinter up to 1300°C. SMC Powder Metallurgy ...","page":2,"position":17,"title":"SMC Powder Metallurgy changes name to Catalus Corporation","type":"0","typedescription":"organic","url":"https://www.pm-review.com/smc-powder-metallurgy-changes-name-to-catalus-corporation/","universal_position":13,"md5":"3fd9a4c27d1163d304334c6fdc560d94"},{"snippets":{"missing-keywords":"smc,"},"elementAttributes":"{\"class\":\"g Ww4FFb vt6azd tF2Cxc\",\"data-hveid\":\"CFEQAA\",\"data-ved\":\"2ahUKEwi0o5CMx6r6AhXNQN4KHetOAsQQFSgAegQIURAA\",\"jsaction\":\"QyLbLe:OMITjf\",\"jscontroller\":\"SC7lYd\",\"lang\":\"en\",\"style\":\"width:600px\"}","description":"US Producer Price Index: Metals and Metal Products: Powder Metallurgy Parts, Except Bearings, Gears, Etc. is at a current level of 137.90, up from 136.60 ...","page":2,"position":18,"title":"Powder Metallurgy Parts, Except Bearings, Gears, Etc. - YCharts","type":"0","typedescription":"organic","url":"https://ycharts.com/indicators/us_producer_price_index_metals_and_metal_products_powder_metallurgy_parts_except_bearings_gears_etc","universal_position":14,"md5":"e2f453a1db2ea69a5012735c18034cb3"},{"elementAttributes":"{\"class\":\"g Ww4FFb vt6azd tF2Cxc\",\"data-hveid\":\"CFUQAA\",\"data-ved\":\"2ahUKEwi0o5CMx6r6AhXNQN4KHetOAsQQFSgAegQIVRAA\",\"jsaction\":\"QyLbLe:OMITjf\",\"jscontroller\":\"SC7lYd\",\"lang\":\"en\",\"style\":\"width:600px\"}","description":"Business listings of Metal Powder manufacturers, suppliers and exporters in Delhi, ... manufacturers, wholesalers, traders with Metal Powder prices for buying.","page":2,"position":19,"title":"Metal Powder In Delhi (मेटल पाउडर , दिल्ली)","type":"0","typedescription":"organic","url":"https://dir.indiamart.com/delhi/metal-powder.html","universal_position":15,"md5":"f9279c4617b824dd795e8651cdfe8feb"},{"snippets":{"missing-keywords":"pricelist,"},"elementAttributes":"{\"class\":\"g Ww4FFb vt6azd tF2Cxc\",\"data-hveid\":\"CFgQAA\",\"data-ved\":\"2ahUKEwi0o5CMx6r6AhXNQN4KHetOAsQQFSgAegQIWBAA\",\"jsaction\":\"QyLbLe:OMITjf\",\"jscontroller\":\"SC7lYd\",\"lang\":\"en\",\"style\":\"width:600px\"}","description":"Soft Magnetic Composites (SMC) are insulation coated ferrous powder metal (PM) materials that are molded into a net\u2014or near net\u2014shape component. A high-pressure ...","page":2,"position":20,"title":"Powder Metal | Burgess-Norton","type":"0","typedescription":"organic","url":"https://www.burgessnorton.com/powder-metal/","universal_position":16,"md5":"cb164742e9992e25394eb84631a6fc90"},{"elementAttributes":"{\"class\":\"g Ww4FFb vt6azd tF2Cxc\",\"data-hveid\":\"CFoQAA\",\"data-ved\":\"2ahUKEwi0o5CMx6r6AhXNQN4KHetOAsQQFSgAegQIWhAA\",\"jsaction\":\"QyLbLe:OMITjf\",\"jscontroller\":\"SC7lYd\",\"lang\":\"en\",\"style\":\"width:600px\"}","description":"The smc powder at Alibaba.com slot into chemical processes at affordable wholesale prices. ... 2021 Indoor outdoor smc electrical cabinet metal box.","page":2,"position":21,"title":"Smc Powder - Alibaba","type":"0","typedescription":"organic","url":"https://www.alibaba.com/showroom/smc-powder.html","universal_position":17,"md5":"2b7815c82af07d1d1612d92d4e8cefb0"},{"elementAttributes":"{\"class\":\"g Ww4FFb vt6azd tF2Cxc\",\"data-hveid\":\"CDQQAA\",\"data-ved\":\"2ahUKEwi0o5CMx6r6AhXNQN4KHetOAsQQFSgAegQINBAA\",\"jsaction\":\"QyLbLe:OMITjf\",\"jscontroller\":\"SC7lYd\",\"lang\":\"en\",\"style\":\"width:600px\"}","description":"Rio Tinto PLC; GKN Powder Metallurgy; Höganäs AB; Voestalpine Stahl GmbH ... and soft magnetic composite (SMC) with an aim to improve energy efficiency.","page":2,"position":22,"title":"Global Market Study on Soft Magnetic Materials","type":"0","typedescription":"organic","url":"https://www.persistencemarketresearch.com/market-research/soft-magnetic-materials-market.asp","universal_position":18,"md5":"da88803bb356f3d3007338d61aa1eaab"},{"snippets":{"missing-keywords":"pricelist,"},"elementAttributes":"{\"class\":\"g Ww4FFb vt6azd tF2Cxc\",\"data-hveid\":\"CHgQAA\",\"data-ved\":\"2ahUKEwi0o5CMx6r6AhXNQN4KHetOAsQQFSgAegQIeBAA\",\"jsaction\":\"QyLbLe:OMITjf\",\"jscontroller\":\"SC7lYd\",\"lang\":\"en\",\"style\":\"width:600px\"}","description":"SMC Powder Metallurgy was founded in 1949 in St. Marys, Pennsylvania, which is about 120 miles northeast of Pittsburgh. Powder metallurgy (P/M) is an ...","page":2,"position":23,"title":"SMC Powder Metallurgy : Quotes, Address, Contact - AZoM","type":"0","typedescription":"organic","url":"https://www.azom.com/suppliers.aspx?SupplierID=9966","universal_position":19,"md5":"9bf555409751f05936d8b8598e05644a"},{"elementAttributes":"{\"class\":\"g Ww4FFb vt6azd tF2Cxc\",\"data-hveid\":\"CHMQAA\",\"data-ved\":\"2ahUKEwi0o5CMx6r6AhXNQN4KHetOAsQQFSgAegQIcxAA\",\"jsaction\":\"QyLbLe:OMITjf\",\"jscontroller\":\"SC7lYd\",\"lang\":\"en\",\"style\":\"width:600px\"}","description":"Adjustable Shoes Rack Wholesaler Quotes & PriceList · suase-plastic-mould ... China Supply Custom Pneumatic Metal Connector Factory & Supplier Price ...","page":2,"position":24,"title":"Wholesale CE High Quality Fountain Valve Factories ...","type":"0","typedescription":"organic","url":"https://www.antilogvacations.com/wide/Zikxno-Wholesale-CE-High-Quality-Fountain-Valve-Factories-38-Manufacturers-Pricelist-45-Ruichen-Pneumatic-cnruichen-33103270.html","universal_position":20,"md5":"e2fcd6a3b57ef66a90ada52ef892c86a"},{"snippets":{"missing-keywords":"smc,"},"elementAttributes":"{\"class\":\"g Ww4FFb vt6azd tF2Cxc\",\"data-hveid\":\"CHYQAA\",\"data-ved\":\"2ahUKEwi0o5CMx6r6AhXNQN4KHetOAsQQFSgAegQIdhAA\",\"jsaction\":\"QyLbLe:OMITjf\",\"jscontroller\":\"SC7lYd\",\"lang\":\"en\",\"style\":\"width:600px\"}","description":"Comparing metal powder prices. You can easily wholesale quality metal powder at wholesale prices on Made-in-China.com.","page":2,"position":25,"title":"Metal Powder Price - Made-in-China.com","type":"0","typedescription":"organic","url":"https://www.made-in-china.com/price/metal-powder-price.html","universal_position":21,"md5":"a5e6f1c9adfa0c699607c8afdefb8eff"},{"elementAttributes":"{\"data-hveid\":\"CEIQAA\",\"data-ved\":\"2ahUKEwi0o5CMx6r6AhXNQN4KHetOAsQQFSgAegQIQhAA\",\"jsaction\":\"QyLbLe:OMITjf\",\"jscontroller\":\"SC7lYd\",\"lang\":\"en\",\"style\":\"width:600px\"}","description":"Metal Supermarkets offers a variety of shapes and grades of aluminum It also ... Ohio, a casualty of historically low metal prices and \"uncontrollable\" ...","page":3,"position":26,"title":"Ohio aluminum. Peerless Steel Co (Troy, MI) Manufacturer ...","type":"0","typedescription":"organic","url":"http://lilikh7572.000webhostapp.com/xrk4/ohio-aluminum.html","universal_position":22,"md5":"9cb3789d80dcd3c424b66f9a05a3b0a8"},{"snippets":{"indented":"yes"},"elementAttributes":"{\"class\":\"MYVUIe\"}","description":"56mm 55 gr Full Metal Jacket USA 20/Box, $10. ... that received a Coronavirus-related View charts for the cost of 308 Win ammo prices.","page":3,"position":27,"title":"Superior ammunition. We individually weigh every powder ...","type":"0","typedescription":"organic","url":"http://floridashop.000webhostapp.com/zumin/superior-ammunition.html","universal_position":23,"md5":"07ab4060fc7883c12acd0d33103a890d"},{"elementAttributes":"{\"class\":\"g Ww4FFb vt6azd tF2Cxc\",\"data-hveid\":\"CFkQAA\",\"data-ved\":\"2ahUKEwi0o5CMx6r6AhXNQN4KHetOAsQQFSgAegQIWRAA\",\"jsaction\":\"QyLbLe:OMITjf\",\"jscontroller\":\"SC7lYd\",\"lang\":\"en\",\"style\":\"width:600px\"}","description":"SMC Corporation is the world's largest pneumatics company dedicated to factory ... Sodium borohydride is a white to grayish crystalline powder.","page":3,"position":28,"title":"02m shifter - CasinoBuck Review 2021","type":"0","typedescription":"organic","url":"https://testbuck-559.de/02m-shifter.html","universal_position":24,"md5":"125f50bb2fbf4df989dd8fb6253dac3c"},{"elementAttributes":"{\"class\":\"g Ww4FFb vt6azd tF2Cxc\",\"data-hveid\":\"CDYQAA\",\"data-ved\":\"2ahUKEwi0o5CMx6r6AhXNQN4KHetOAsQQFSgAegQINhAA\",\"jsaction\":\"QyLbLe:OMITjf\",\"jscontroller\":\"SC7lYd\",\"lang\":\"en\",\"style\":\"width:600px\"}","description":"Metal Dining Chair Industrial Dining Chair Indoor O Read more Paving solutions ... The prices of Pedestal Expats Furniture Rental provides short-term and ...","page":3,"position":29,"title":"Pedestal rental singapore. This simulator with a classic design ...","type":"0","typedescription":"organic","url":"http://vivelia-consulting.com/ufh8vqa/pedestal-rental-singapore.html","universal_position":25,"md5":"ec11251393c4f0f2429fd18f139bbbae"},{"elementAttributes":"{\"class\":\"g Ww4FFb vt6azd tF2Cxc\",\"data-hveid\":\"CEAQAA\",\"data-ved\":\"2ahUKEwi0o5CMx6r6AhXNQN4KHetOAsQQFSgAegQIQBAA\",\"jsaction\":\"QyLbLe:OMITjf\",\"jscontroller\":\"SC7lYd\",\"lang\":\"en\",\"style\":\"width:600px\"}","description":"Quadzilla SMC Ram Apache Barossa 170 200 250cc Genuine Drive Chain. ... The latest model to join the Quadzilla price list is the 520 \u2013 a replacement for the ...","page":3,"position":30,"title":"Quadzilla 500 specs. 2 Rd and Westminster Hwy). Piston ...","type":"0","typedescription":"organic","url":"http://threedcafe.weblike.pl/4gtit/quadzilla-500-specs.html","universal_position":26,"md5":"f8cefb9c2da5dc5d0aa7bac35e8cda28"},{"elementAttributes":"{\"class\":\"g Ww4FFb vt6azd tF2Cxc\",\"data-hveid\":\"CDMQAA\",\"data-ved\":\"2ahUKEwi0o5CMx6r6AhXNQN4KHetOAsQQFSgAegQIMxAA\",\"jsaction\":\"QyLbLe:OMITjf\",\"jscontroller\":\"SC7lYd\",\"lang\":\"en\",\"style\":\"width:600px\"}","description":"... moto Jack rack Hauler USA 380lb at the best online prices at eBay! ... Black, powder-coated finish. ... Black Widow SMC-600R Steel Motorcycle Carrier.","page":3,"position":31,"title":"Dirtbike hitch hauler. 99. #12 · Oct 15, 2012. Discussion Star...","type":"0","typedescription":"organic","url":"https://www.proflexmetal.com/jdtrauxi/dirtbike-hitch-hauler.html","universal_position":27,"md5":"45c68e27ede0493bfb4cfa44fdfd7d02"},{"elementAttributes":"{\"data-hveid\":\"CGcQAA\",\"data-ved\":\"2ahUKEwi0o5CMx6r6AhXNQN4KHetOAsQQ5wEoAHoECGcQAA\",\"lang\":\"en\"}","description":"Attaches quickly and easily by magnetic backing to most metal surfaces, ... When down wood is unavailable, I carry SMC tent stakes \u2014 channeled aluminum ...","page":3,"position":32,"title":"Field & Stream - Nov 1974 - Page 124 - Google Books Result","type":"0","typedescription":"organic","url":"https://books.google.com/books?id=r7JGaDjwydEC&pg=PA124&lpg=PA124&dq=smc+powder+metallurgy+pricelist&source=bl&ots=f9bLVW7Sxc&sig=ACfU3U1uv62GLyrPDhgrKqwUARW03dga3Q&hl=en&sa=X&ved=2ahUKEwi0o5CMx6r6AhXNQN4KHetOAsQQ6AF6BAhnEAM","universal_position":28,"md5":"e84abdb1e53d88eb28f311e4f18932b2"},{"elementAttributes":"{\"class\":\"g Ww4FFb vt6azd tF2Cxc\",\"data-hveid\":\"CDUQAA\",\"data-ved\":\"2ahUKEwi0o5CMx6r6AhXNQN4KHetOAsQQFSgAegQINRAA\",\"jsaction\":\"QyLbLe:OMITjf\",\"jscontroller\":\"SC7lYd\",\"lang\":\"en\",\"style\":\"width:600px\"}","description":"Explore 9 listings for Quadzilla 500 for sale at best prices. Seat height is 31. ... Quadzilla SMC Ram Apache Barossa 170 200 250cc Genuine Drive Chain.","page":3,"position":33,"title":"Quadzilla 500 specs. This quad comes complete with winch ...","type":"0","typedescription":"organic","url":"http://thegreattelangana.com/bucvn/quadzilla-500-specs.html","universal_position":29,"md5":"731149427408802d0ba9f91802d8007e"},{"elementAttributes":"{\"data-hveid\":\"CGYQAA\",\"data-ved\":\"2ahUKEwi0o5CMx6r6AhXNQN4KHetOAsQQ5wEoAHoECGYQAA\",\"lang\":\"en\"}","description":"15 A Pamphlet , illustrated with 300 Engravings , containing the prices of Tea and ... when passing through a metal wire ; his experimente , in which the ...","page":3,"position":34,"title":"The Illustrated London News","type":"0","typedescription":"organic","url":"https://books.google.com/books?id=TIZUAAAAcAAJ&pg=PA386&lpg=PA386&dq=smc+powder+metallurgy+pricelist&source=bl&ots=NKooLO3uT5&sig=ACfU3U3LTAe4uQzn32XkDy9hj8zq-3DKJA&hl=en&sa=X&ved=2ahUKEwi0o5CMx6r6AhXNQN4KHetOAsQQ6AF6BAhmEAM","universal_position":30,"md5":"4ac2d0c6858719841162b804e8808482"}],"keyword":"smc powder metallurgy pricelist"}